clinic_id,医院名,都道府県,指定年月日,Google Maps HP,解析HP,research_status,hp_status,HPランク,HPスコア,治療カテゴリ,院長名,卒業年,医籍登録年,59歳以下確率,年齢信頼度,年齢根拠,集客シグナル数,集客シグナル,集客根拠,アツさ,HP本人確認理由,crawl_errors,research_error,error
4,医療法人　明和会　宮田眼科東京,東京都,2023-04-01,https://tokyo.miyata-med.ne.jp/,https://tokyo.miyata-med.ne.jp/,SUCCESS,VERIFIED,A,14,白内障 / 緑内障 / ICL,髙瀨　博,1996,,96.9%,MODEL_ESTIMATE,https://tokyo.miyata-med.ne.jp/clinic/,4,Doctors File掲載 / Medical DOC掲載 / Instagram公式運用 / LINE公式運用,"Doctors File掲載｜施設名, 医療法人明和会 宮田眼科東京. 診療科目. 眼科. 電話番号, 03-5315-4334. 所在地, 〒160-0004 東京都新宿区四谷1丁目2番8号 四谷6階 ...Read more / Medical DOC掲載｜Medical DOC. → https://medicaldoc.jp/m/recommend-m/shinjuku-ct-cataract-surgery/ / Instagram公式運用｜https://www.instagram.com/miyata_eye_tokyo?igsh=MWVsOHNjcWV6NmFydg%3D%3D&utm_source=qr / LINE公式運用｜https://line.me/R/ti/p/%40597eggcd#~",かなりアツい,電話番号一致 / 医院名がページ見出しに一致,[],,
6,医療法人社団　高瀬会　たかせ眼科,東京都,2002-04-01,http://www5a.biglobe.ne.jp/~gannka,https://www5a.biglobe.ne.jp/~gannka/,SUCCESS,VERIFIED,B,10,白内障 / 緑内障 / ICL,髙瀨　正郎,,,,UNKNOWN,厚生局指定年月日 2002-04-01 を確認（年齢は直接算出不可）,0,,,通常,電話番号一致 / 医院名がページ見出しに一致,[],,
11,Ｔｅｎｖｉ　Ｃｌｉｎｉｃ　Ｇｉｎｚａ,東京都,2025-05-01,https://tenviclinic.com/,https://tenviclinic.com/,SUCCESS,VERIFIED,C,7,,　喬繁,,,,UNKNOWN,厚生局指定年月日 2025-05-01 を確認（年齢は直接算出不可）,0,,,通常,電話番号一致 / 医院名がページ見出しに一致,"[{""reason"": ""HTTP 404。手動で確認してください。"", ""url"": ""https://tenviclinic.com/doctor-cosmetic/""}]",,
33,有楽町電気ビルクリニック,東京都,1976-09-01,http://www.jckpf.or.jp/index.html,https://www.jckpf.or.jp/,SUCCESS,VERIFIED,C,7,,北　嘉昭,,,,UNKNOWN,厚生局指定年月日 1976-09-01 を確認（年齢は直接算出不可）,0,,,通常,電話番号一致 / 医院名がページ見出しに一致,[],,
34,大森胃腸科,東京都,1979-02-01,http://oomori-i.jp/,http://oomori-i.jp/,SUCCESS,VERIFIED,C,7,内視鏡 / 皮膚科,大森　孝文,,,,REVIEW,UNKNOWN,1,HP制作会社の制作実績,HP制作会社の制作実績｜DEPOC All rights reserved.Produced by DEPOC → http://medical.depoc.jp,集客投資シグナルあり,電話番号一致 / 医院名がページ見出しに一致 / 住所一致,[],,
36,奥田医院,東京都,1983-01-01,https://okuda.clinic/,https://okuda.clinic/,SUCCESS,VERIFIED,C,5,,奥田　博昭,,,,UNKNOWN,厚生局指定年月日 1983-01-01 を確認（年齢は直接算出不可）,0,,,通常,電話番号一致 / 医院名がページ見出しに一致 / 住所一致,[],,
37,パレスクリニック,東京都,1983-05-01,https://www.palaceclinictokyo.com/,https://www.palaceclinictokyo.com/,SUCCESS,VERIFIED,B,9,皮膚科,春山　喜一,,,,UNKNOWN,厚生局指定年月日 1983-05-01 を確認（年齢は直接算出不可）,0,,,通常,電話番号一致 / 医院名がページ見出しに一致 / 住所一致,"[{""reason"": ""HTTP 429。手動で確認してください。"", ""url"": ""https://www.palaceclinictokyo.com""}, {""reason"": ""アクセス制限があるため、このサイトの取得を停止しました。"", ""url"": ""https://www.palaceclinictokyo.com/blank-3""}, {""reason"": ""アクセス制限があるため、このサイトの取得を停止しました。"", ""url"": ""https://www.palaceclinictokyo.com/調剤薬局のお知らせ""}, {""reason"": ""アクセス制限があるため、このサイトの取得を停止しました。"", ""url"": ""https://www.palaceclinictokyo.com/インフルエンザ予防接種""}, {""reason"": ""アクセス制限があるため、このサイトの取得を停止しました。"", ""url"": ""https://www.palaceclinictokyo.com/帯状疱疹-ワクチンのおしらせ""}, {""reason"": ""アクセス制限があるため、このサイトの取得を停止しました。"", ""url"": ""https://www.palaceclinictokyo.com/blank""}, {""reason"": ""アクセス制限があるため、このサイトの取得を停止しました。"", ""url"": ""https://www.palaceclinictokyo.com/耳鼻咽喉科""}, {""reason"": ""アクセス制限があるため、このサイトの取得を停止しました。"", ""url"": ""https://www.palaceclinictokyo.com/皮膚科""}, {""reason"": ""アクセス制限があるため、このサイトの取得を停止しました。"", ""url"": ""https://www.palaceclinictokyo.com/doctors""}, {""reason"": ""アクセス制限があるため、このサイトの取得を停止しました。"", ""url"": ""https://www.palaceclinictokyo.com/inquiry""}, {""reason"": ""アクセス制限があるため、このサイトの取得を停止しました。"", ""url"": ""https://www.palaceclinictokyo.com/access""}, {""reason"": ""アクセス制限があるため、このサイトの取得を停止しました。"", ""url"": ""https://www.palaceclinictokyo.com/皮膚科のお知らせ""}, {""reason"": ""アクセス制限があるため、このサイトの取得を停止しました。"", ""url"": ""https://www.palaceclinictokyo.com/%E8%80%B3%E9%BC%BB%E5%92%BD%E5%96%89%E7%A7%91""}, {""reason"": ""アクセス制限があるため、このサイトの取得を停止しました。"", ""url"": ""https://www.palaceclinictokyo.com/blank-2""}]",,
39,広川眼科,東京都,1984-08-01,https://hirokawaganka.com/,https://hirokawaganka.com/,SUCCESS,VERIFIED,C,4,,広川　正泰,1984,,0.0%,MODEL_ESTIMATE,HP院長経歴の大学卒業年,0,,,通常,電話番号一致 / 医院名がページ見出しに一致 / 院長名一致,[],,
41,医療法人社団　鈴森内科クリニック,東京都,1988-06-01,http://www.suzumori-cl.com/,https://www.suzumori-cl.com/,SUCCESS,VERIFIED,B,8,糖尿病,重本　幸子,,,,UNKNOWN,厚生局指定年月日 1988-06-01 を確認（年齢は直接算出不可）,0,,,通常,電話番号一致 / 医院名がページ見出しに一致,[],,
44,医療法人社団　聖水会　小笠原クリニック,東京都,1991-01-23,https://ogasawara-cl2.com/,https://ogasawara-cl2.com/,SUCCESS,VERIFIED,C,6,,柳　智貴,,,,UNKNOWN,厚生局指定年月日 1991-01-23 を確認（年齢は直接算出不可）,0,,,通常,電話番号一致 / 医院名がページ見出しに一致 / 院長名一致,[],,
47,医療法人社団　滝医院,東京都,1992-04-01,http://www.nt.pial.jp/taki-iin/,http://www.nt.pial.jp/taki-iin/,SUCCESS,VERIFIED,B,8,内視鏡 / 糖尿病 / 皮膚科,瀧　正彦,,,,UNKNOWN,厚生局指定年月日 1992-04-01 を確認（年齢は直接算出不可）,0,,,通常,電話番号一致 / 医院名がページ見出しに一致,[],,
50,医療法人社団　正誠会　林医院,東京都,1995-06-01,https://www.hayashi-clinic.com/,https://www.hayashi-clinic.com/,SUCCESS,VERIFIED,C,5,,林　久太佳,1994,1994,89.8%,MODEL_ESTIMATE,厚生局/取込済み医籍登録年,0,,,通常,電話番号一致 / 医院名がページ見出しに一致 / 住所一致,[],,
52,医療法人社団　緑和会　ストレスケア日比谷クリニック,東京都,1996-09-01,https://strescue.com/,https://strescue.com/ws/,SUCCESS,VERIFIED,B,9,ED / 男性更年期,酒井　和夫,,,,UNKNOWN,厚生局指定年月日 1996-09-01 を確認（年齢は直接算出不可）,2,Doctors File掲載 / YouTube公式運用,Doctors File掲載｜ドクターズ・ファイル → https://doctorsfile.jp/h/29836/df/1/ / YouTube公式運用｜https://www.youtube.com/@dr.2028/about,アツい,電話番号一致 / 医院名がページ見出しに一致,[],,
53,麹町クリニック,東京都,1997-01-01,http://www.kojimachiclinic.com/,https://www.kojimachiclinic.com/,SUCCESS,VERIFIED,C,6,,増森　興治,,,,UNKNOWN,厚生局指定年月日 1997-01-01 を確認（年齢は直接算出不可）,1,Doctors File掲載,Doctors File掲載｜ → https://doctorsfile.jp/h/29435/,集客投資シグナルあり,電話番号一致 / 医院名がページ見出しに一致,[],,
54,一口坂クリニック,東京都,1997-01-01,http://hitokuchizaka.com/,https://hitokuchizaka.com/,SUCCESS,VERIFIED,C,6,,作田　優子,,,,UNKNOWN,厚生局指定年月日 1997-01-01 を確認（年齢は直接算出不可）,1,Doctors File掲載,Doctors File掲載｜ → https://doctorsfile.jp/h/29403/df/1/,集客投資シグナルあり,電話番号一致 / 医院名がページ見出しに一致 / 院長名一致,[],,
56,医療法人社団　高典会　飯田橋クリニック,東京都,1997-01-23,http://www.iidabashi-cl.com/,https://www.iidabashi-cl.com/,SUCCESS,VERIFIED,B,10,ED,高橋　典大,,,,UNKNOWN,厚生局指定年月日 1997-01-23 を確認（年齢は直接算出不可）,1,Instagram公式運用,Instagram公式運用｜https://www.instagram.com/iidabashi_clinic,集客投資シグナルあり,電話番号一致 / 医院名がページ見出しに一致,[],,
57,医療法人社団　順真会　しのみやクリニック,東京都,1997-03-01,http://shinomiya-clinic.jp/,https://shinomiya-clinic.jp/,SUCCESS,VERIFIED,D,2,,鈴木　聡彦,1993,,82.8%,MODEL_ESTIMATE,https://shinomiya-clinic.jp/doctor-shift,1,Doctors File掲載,Doctors File掲載｜ドクターズガイド ドクターズガイド 院長のインタビュー記事です → https://doctorsfile.jp/h/29513/df/1/,集客投資シグナルあり,電話番号一致 / 医院名がページ見出しに一致,[],,
58,医療法人社団　爽和会　お茶の水駿河台クリニック,東京都,1998-02-10,https://gazo.or.jp/,https://gazo.or.jp/,SUCCESS,VERIFIED,B,10,内視鏡,山田　篤生,,,,REVIEW,UNKNOWN,0,,,通常,電話番号一致 / 医院名がページ見出しに一致,[],,
59,医療法人社団　互酬会　水道橋東口クリニック,東京都,1998-02-20,https://www.suidobashi-e-cl.jp/,https://www.suidobashi-e-cl.jp/,SUCCESS,VERIFIED,C,6,,辻　彼南雄,1984,,0.0%,MODEL_ESTIMATE,https://www.suidobashi-e-cl.jp/contents/about.html,0,,,通常,電話番号一致 / 医院名がページ見出しに一致 / 院長名一致,[],,
64,医療法人社団　医新会　神田医新クリニック,東京都,2000-04-01,https://www.ishin-kanda.jp/,https://www.ishin-kanda.jp/,SUCCESS,VERIFIED,B,8,ED / 男性更年期 / 泌尿器科,藤原　博通,,,,REVIEW,UNKNOWN,0,,,通常,電話番号一致 / 医院名がページ見出しに一致 / 住所一致,[],,
67,医療法人社団　神田診療所,東京都,2000-04-01,https://www.kanda-shinryojo.com/,https://www.kanda-shinryojo.com/,SUCCESS,VERIFIED,C,4,,髙橋　泰人,1992,,65.7%,MODEL_ESTIMATE,https://www.kanda-shinryojo.com/,0,,,通常,電話番号一致 / 医院名がページ見出しに一致 / 院長名一致,[],,
69,医療法人財団　駿愛会　駿河台診療所,東京都,2000-09-01,https://www.sunaikai.jp/,https://www.sunaikai.jp/,SUCCESS,VERIFIED,B,10,内視鏡,塩澤　宏和,1997,,98.2%,MODEL_ESTIMATE,https://www.sunaikai.jp/hospital/,4,Doctors File掲載 / Medical DOC掲載 / 地域ドクターズ掲載 / オンライン診療,Doctors File掲載｜ → https://doctorsfile.jp/h/29524/df/1/ / Medical DOC掲載｜ → https://medicaldoc.jp/m/recommend-m/chiyoda-endoscope/ / 地域ドクターズ掲載｜ → https://tokyo-doctors.com/clinicList/26977/interview/ / オンライン診療｜受診案内 受診案内 初診の方へ 診療時間と担当医師 診療科目 電話診察について（新型コロナウイルス対応） オンライン診療のご案内 医師紹介 専門診療・専門外来 肝臓専門診療 頭痛専門外来 → https://www.sunaikai.jp/medical/,かなりアツい,電話番号一致 / 医院名がページ見出しに一致 / 住所一致 / 院長名一致,"[{""reason"": ""HTMLページではありません。"", ""url"": ""https://www.sunaikai.jp/wp-content/uploads/2023/03/camera003-2023.docx""}, {""reason"": ""HTMLページではありません。"", ""url"": ""https://www.sunaikai.jp/wp-content/uploads/2023/03/camera006-2023.docx""}]",,
70,医療法人社団　小川耳鼻咽喉科,東京都,2000-12-01,http://www.ogawa-ent.com/,http://www.ogawa-ent.com/,SUCCESS,VERIFIED,D,3,,飯ケ谷　七重,,,,UNKNOWN,厚生局指定年月日 2000-12-01 を確認（年齢は直接算出不可）,0,,,通常,電話番号一致 / 医院名がページ見出しに一致 / 住所一致,[],,
72,医療法人社団　山岡クリニック,東京都,2001-04-01,http://www.yamaoka-clinic.com/,https://www.yamaoka-clinic.com/,SUCCESS,VERIFIED,A,13,糖尿病 / 皮膚科,山岡　周平,,,,UNKNOWN,厚生局指定年月日 2001-04-01 を確認（年齢は直接算出不可）,3,Doctors File掲載 / HP制作会社の制作実績 / LINE公式運用,Doctors File掲載｜ドクターズ・ファイル → https://doctorsfile.jp/h/29442/df/1/ / HP制作会社の制作実績｜DR.BRIDGE｜クリニックホームページ制作 クリニックホームページ制作 → https://www.dr-bridge.co.jp/ / LINE公式運用｜https://lin.ee/9jFdPVKD,かなりアツい,電話番号一致 / 医院名がページ見出しに一致 / 院長名一致,[],,
74,エムアンドエム　スキンケアクリニック,東京都,2001-10-01,http://skincare-clinic.jp/,https://skincare-clinic.jp/,SUCCESS,VERIFIED,A,13,皮膚科,鈴木　みね子,2011,,100.0%,MODEL_ESTIMATE,HP院長経歴の大学卒業年,2,YouTube公式運用 / LINE公式運用,YouTube公式運用｜https://www.youtube.com/embed/fEbma32D0IE?feature=oembed / LINE公式運用｜https://lin.ee/XqSWjic,アツい,電話番号一致 / 医院名がページ見出しに一致,[],,
77,スバル医院,東京都,2002-04-01,http://www.subaru-clinic.com/,http://www.subaru-clinic.com/,SUCCESS,VERIFIED,C,7,ED / 泌尿器科 / 皮膚科,中村　憲司,1970,,0.0%,MODEL_ESTIMATE,http://www.subaru-clinic.com/profile/index.html,0,,,通常,電話番号一致 / 医院名がページ見出しに一致,"[{""reason"": ""HTTP 404。手動で確認してください。"", ""url"": ""http://www.subaru-clinic.com/inq/index.html""}]",,
78,医療法人社団　遠藤クリニック,東京都,2002-02-25,https://endo.or.jp/,https://endo.or.jp/,SUCCESS,VERIFIED,C,6,,遠藤　素夫,1982,,0.0%,MODEL_ESTIMATE,https://endo.or.jp/staff.html,0,,,通常,電話番号一致 / 医院名がページ見出しに一致,"[{""reason"": ""HTTP 404。手動で確認してください。"", ""url"": ""https://endo.or.jp/doctor.html""}]",,
80,医療法人社団　大政クリニック,東京都,2002-05-01,http://www.omasa-clinic.com/,http://www.omasa-clinic.com/,SUCCESS,VERIFIED,C,7,内視鏡,大政　良二,,,,UNKNOWN,厚生局指定年月日 2002-05-01 を確認（年齢は直接算出不可）,1,Doctors File掲載,Doctors File掲載｜こちらから 当クリニック院長がDoctor's Fileにて紹介されました!! →紹介記事は こちらから → http://doctorsfile.jp/doctor/hospital/29441/df/1/,集客投資シグナルあり,電話番号一致 / 医院名がページ見出しに一致,[],,
83,医療法人社団　慶翔会　飯田橋眼科クリニック,東京都,2003-04-01,http://www.iidabashi-eye.com/,https://www.iidabashi-eye.com/,SUCCESS,VERIFIED,B,11,白内障 / 緑内障,吉野　真未,1994,1994,89.8%,MODEL_ESTIMATE,厚生局/取込済み医籍登録年,0,,,通常,電話番号一致 / 医院名がページ見出しに一致 / 院長名一致,[],,
85,半蔵門モロオカクリニック,東京都,2003-04-25,http://www.morooka-clinic.jp/,http://www.morooka-clinic.jp/,SUCCESS,VERIFIED,C,4,,額田　えりの,,,,UNKNOWN,厚生局指定年月日 2003-04-25 を確認（年齢は直接算出不可）,0,,,通常,電話番号一致 / 医院名がページ見出しに一致,[],,
88,医療法人社団　久信会　日比谷ヒフ科クリニック,東京都,2004-09-01,https://www.hibiya-skin.com/hibiya/,https://www.hibiya-skin.com/hibiya/,SUCCESS,VERIFIED,A,12,皮膚科,松本　真理子,1992,,65.7%,MODEL_ESTIMATE,https://www.hibiya-skin.com/doctor/,5,Medical DOC掲載 / マイナビ記事掲載 / 地域ドクターズ掲載 / Instagram公式運用 / LINE公式運用,Medical DOC掲載｜増岡院長がトレンディエンジェル斎藤司さんとAGA治療についての対談を行いました → https://medicaldoc.jp/special/saito_aga/ / マイナビ記事掲載｜マイナビ クリニックナビに当院が紹介されました！ → https://clinic.mynavi.jp/article/tokyo_hyperhidrosis-treatment/ / 地域ドクターズ掲載｜東京ドクターズinterview → https://yoyaku.tokyo-doctors.com/clinicList/42652/ / Instagram公式運用｜https://www.instagram.com/hibiyaskinclinic/ / LINE公式運用｜https://lin.ee/MNCtjNF,かなりアツい,電話番号一致 / 医院名がページ見出しに一致 / 院長名一致,[],,
91,医療法人社団　荘和会　半蔵門胃腸クリニック,東京都,2004-10-01,http://hanzomon-icho-clinic.com/,https://hanzomon-icho-clinic.com/,SUCCESS,VERIFIED,D,2,,掛谷　和俊,1982,,0.0%,MODEL_ESTIMATE,https://hanzomon-icho-clinic.com/,0,,,通常,電話番号一致 / 医院名がページ見出しに一致 / 院長名一致,[],,
92,永田町つばさクリニック,東京都,2004-11-01,http://tousyoukai.com/aeccaaaaafafaffa/,http://tousyoukai.com/aeccaaaaafafaffa/,SUCCESS,VERIFIED,C,6,,戸頃　もえ,,,,UNKNOWN,厚生局指定年月日 2004-11-01 を確認（年齢は直接算出不可）,0,,,通常,電話番号一致 / 医院名がページ見出しに一致,[],,
96,医療法人社団　ＩＬＣ会　一番町レディースクリニック,東京都,2005-03-14,http://www.1-ilc.com/,https://www.1-ilc.com/,SUCCESS,VERIFIED,A,12,皮膚科,飯田　晋也,,,,UNKNOWN,厚生局指定年月日 2005-03-14 を確認（年齢は直接算出不可）,3,Doctors File掲載 / HP制作会社の制作実績 / Instagram公式運用,Doctors File掲載｜Doctors File クリニックホームページ制作 クリニックホームページ制作 → https://doctorsfile.jp/h/29268/ / HP制作会社の制作実績｜DR.BRIDGE｜クリニックホームページ作成 クリニックホームページ制作 → https://www.dr-bridge.co.jp/ / Instagram公式運用｜https://instagram.com/ilc.clinic?igshid=OGQ5ZDc2ODk2ZA==,かなりアツい,電話番号一致 / 医院名がページ見出しに一致,[],,
97,中田クリニック,東京都,2005-09-01,http://www.nakata-clinic.jp/,https://nakata-clinic.jp/,SUCCESS,VERIFIED,C,7,,中田　紘一郎,1968,,0.0%,MODEL_ESTIMATE,https://nakata-clinic.jp/message/,0,,,通常,電話番号一致 / 医院名がページ見出しに一致,[],,
98,医療法人社団　大森会　クリニカ市ヶ谷,東京都,2005-10-01,https://clinica-ichigaya.com/,https://clinica-ichigaya.com/,SUCCESS,VERIFIED,A,14,皮膚科,倉片　優,,,,REVIEW,UNKNOWN,3,Instagram公式運用 / LINE公式運用 / 治療専門サイト,Instagram公式運用｜https://www.instagram.com/clinica_ichigaya_maxillofacial/ / LINE公式運用｜https://line.me/R/ti/p/%40gaw1163o / 治療専門サイト｜https://kotsukiri.com/,かなりアツい,電話番号一致 / 医院名がページ見出しに一致 / 住所一致 / 院長名一致,[],,
99,水道橋メディカルクリニック,東京都,2005-11-01,http://www.suidoubashimedical.com/,https://www.suidoubashimedical.com/,SUCCESS,VERIFIED,B,8,循環器内科,砂山　聡,1986,,0.0%,MODEL_ESTIMATE,https://www.suidoubashimedical.com/history.html,0,,,通常,電話番号一致 / 医院名がページ見出しに一致,[],,
102,名倉クリニック,東京都,2006-04-01,http://www.nagura-cl.jp/,http://www.nagura-cl.jp/,SUCCESS,VERIFIED,C,4,,名倉　直秀,1919,,0.0%,MODEL_ESTIMATE,http://www.nagura-cl.jp/greeting.html,0,,,通常,電話番号一致 / 医院名がページ見出しに一致,[],,
103,医療法人社団　亮友会　大塩医院,東京都,2006-04-01,http://oshio-clinic.jp/,http://oshio-clinic.jp/,SUCCESS,VERIFIED,C,5,,大塩　力,,,,UNKNOWN,厚生局指定年月日 2006-04-01 を確認（年齢は直接算出不可）,0,,,通常,電話番号一致 / 医院名がページ見出しに一致,[],,
105,神保町メンタルクリニック,東京都,2006-06-01,http://jimbocho-mc.com/,https://jimbocho-mc.com/,SUCCESS,VERIFIED,C,6,,夛田　幸司,,,,UNKNOWN,厚生局指定年月日 2006-06-01 を確認（年齢は直接算出不可）,0,,,通常,電話番号一致 / 医院名がページ見出しに一致,[],,
106,原田メンタルクリニック,東京都,2006-07-01,http://www.harada-mentalclinic.com/index.html,http://www.harada-mentalclinic.com/index.html,SUCCESS,VERIFIED,D,2,,原田　誠一,1983,,0.0%,MODEL_ESTIMATE,http://www.harada-mentalclinic.com/intro.html,0,,,通常,電話番号一致 / 医院名がページ見出しに一致,[],,
107,医療法人社団　松伯会　山王クリニック,東京都,2006-10-01,https://www.sannoclinic.jp/,https://www.sannoclinic.jp/,SUCCESS,VERIFIED,C,7,循環器内科,鈴木　努,1989,,0.0%,MODEL_ESTIMATE,https://www.sannoclinic.jp/,1,オンライン診療,オンライン診療｜遠隔診療 遠隔診療 ｜ 発熱外来 ｜ ENGLISH → https://www.sannoclinic.jp/online.htm,集客投資シグナルあり,電話番号一致 / 医院名がページ見出しに一致 / 院長名一致,[],,
109,医療法人社団　榊原厚生会　榊原サピアタワークリニック,東京都,2007-05-01,http://sapiatower-clinic.jp/,https://sapiatower-clinic.jp/,SUCCESS,VERIFIED,A,14,内視鏡 / 糖尿病 / 循環器内科,黒澤　博身,,,,REVIEW,UNKNOWN,2,Instagram公式運用 / LINE公式運用,Instagram公式運用｜https://www.instagram.com/sapiatower.clinic/ / LINE公式運用｜https://lin.ee/aPxsxqs,アツい,電話番号一致 / 医院名がページ見出しに一致,[],,
110,医療法人社団　日比谷滝村クリニック,東京都,2007-09-01,http://www.hibitaki.net/,https://hibitaki.net/,SUCCESS,VERIFIED,C,4,,滝村　浩,1987,,0.0%,MODEL_ESTIMATE,https://hibitaki.net/day_time.html,0,,,通常,電話番号一致 / 医院名がページ見出しに一致,[],,
111,飯田橋皮膚科スキンクリニック,東京都,2007-11-01,https://iskc.jp/,https://iskc.jp/,SUCCESS,VERIFIED,B,10,皮膚科,河野　志穂美,1992,1992,63.5%,MODEL_ESTIMATE,厚生局/取込済み医籍登録年,2,Doctors File掲載 / オンライン診療,Doctors File掲載｜ドクターズファイル → https://doctorsfile.jp/h/29782/df/1/ / オンライン診療｜保険医療機関における掲示 飯田橋皮膚科スキンクリニックからの お知らせ ■ 臨時 休診のお知らせ 院長不在のため、10/23（金）〜10/24（土）を臨時休診とさせていただきます。 ■ 当院におけるオンライン診療について 当院は、厚生労働省から出されている「情報通信機器を用いた診療」の施設基準を満たしており、それに基づ → https://iskc.jp/keiji,アツい,電話番号一致 / 医院名がページ見出しに一致 / 院長名一致,[],,
113,水道橋耳鼻咽喉科まるやま医院,東京都,2007-10-02,https://maruyama-clinic.or.jp/,https://maruyama-clinic.or.jp/,SUCCESS,VERIFIED,C,7,,丸山　毅,,,,UNKNOWN,厚生局指定年月日 2007-10-02 を確認（年齢は直接算出不可）,1,オンライン診療,オンライン診療｜当院の診療 当院の診療 このような症状の ある方へ 新型コロナウイルス 感染後遺症の 相談と治療 オンライン診療 病診連携している 大学病院・基幹病院 患者さんへの ご案内 → https://maruyama-clinic.or.jp/%e5%bd%93%e9%99%a2%e3%81%ae%e8%a8%ba%e7%99%82,集客投資シグナルあり,電話番号一致 / 医院名がページ見出しに一致 / 院長名一致,[],,
114,神田駅西口メンタルクリニック,東京都,2008-01-01,http://kandamental.com/,http://kandamental.com/,SUCCESS,VERIFIED,C,5,,羽場　雅也,1992,,65.7%,MODEL_ESTIMATE,HP院長経歴の大学卒業年,0,,,通常,電話番号一致 / 医院名がページ見出しに一致 / 院長名一致,[],,
115,医療法人社団　やよい会　秋葉原腎クリニック,東京都,2007-12-03,http://yayoi-kai.jp/clinic/akiba/,https://yayoi-kai.jp/clinic/akiba/,SUCCESS,VERIFIED,C,6,,奥田　真澄,,,,UNKNOWN,厚生局指定年月日 2007-12-03 を確認（年齢は直接算出不可）,0,,,通常,電話番号一致 / 医院名がページ見出しに一致 / 院長名一致,[],,
116,二宮内科クリニック,東京都,2007-11-25,http://www.ninomiya-cl.jp/sp/,https://www.ninomiya-cl.jp,SUCCESS,VERIFIED,A,12,糖尿病,髙崎　千穂,,,,REVIEW,UNKNOWN,1,オンライン診療,オンライン診療｜オンライン診療@@online care オンライン診療@@online care → https://www.ninomiya-cl.jp/online,集客投資シグナルあり,電話番号一致 / 医院名がページ見出しに一致 / 院長名一致,[],,
118,半蔵門心療クリニック,東京都,2008-04-01,https://www.hanzomon-m-clinic.com/,https://www.hanzomon-m-clinic.com/,SUCCESS,VERIFIED,C,6,,平澤　伸一,,,,REVIEW,UNKNOWN,0,,,通常,電話番号一致 / 医院名がページ見出しに一致 / 院長名一致,[],,
119,秋葉原メンタルクリニック,東京都,2008-05-01,https://www.akihabara-mental-clinic2019.com/,https://www.akihabara-mental-clinic2019.com/,SUCCESS,VERIFIED,C,7,,安藤　智道,1996,,96.9%,MODEL_ESTIMATE,https://www.akihabara-mental-clinic2019.com/clinic,2,YouTube公式運用 / Instagram公式運用,YouTube公式運用｜https://www.youtube.com/embed/We_T5SX2zJI?feature=oembed / Instagram公式運用｜https://www.instagram.com/akihabara_mental_clinic/,アツい,電話番号一致 / 医院名がページ見出しに一致 / 住所一致,[],,
120,医療法人財団　日睡会　御茶ノ水呼吸ケアクリニック,東京都,2008-04-01,https://www.sas-care.jp/,https://www.sas-care.jp/,SUCCESS,VERIFIED,D,2,,村田　朗,,,,UNKNOWN,厚生局指定年月日 2008-04-01 を確認（年齢は直接算出不可）,0,,,通常,電話番号一致 / 医院名がページ見出しに一致,[],,
122,医療法人社団　会　九段ごみぶちクリニック,東京都,2008-07-01,http://gomibuchi-clinic.com/,https://gomibuchi-clinic.com/,SUCCESS,VERIFIED,C,7,,五味渕　隆志,1976,,0.0%,MODEL_ESTIMATE,https://gomibuchi-clinic.com/guide.html,2,Doctors File掲載 / LINE公式運用,Doctors File掲載｜ → https://doctorsfile.jp/h/29402/dm/ / LINE公式運用｜https://lin.ee/nYZjO7B,アツい,電話番号一致 / 医院名がページ見出しに一致,[],,
124,ふたばクリニック,東京都,2008-10-01,https://futabaclinic.wixsite.com/futabaclinic,https://futabaclinic.wixsite.com/futabaclinic,SUCCESS,VERIFIED,C,6,,町井　理江子,,,,UNKNOWN,厚生局指定年月日 2008-10-01 を確認（年齢は直接算出不可）,0,,,通常,電話番号一致 / 医院名がページ見出しに一致 / 院長名一致,[],,
125,交通会館有楽町眼科,東京都,2008-10-01,https://www.yurakucho-eye.com/,https://www.yurakucho-eye.com/,SUCCESS,VERIFIED,C,4,,石井　一葉,2013,,100.0%,MODEL_ESTIMATE,https://www.yurakucho-eye.com/schedule/,0,,,通常,電話番号一致 / 医院名がページ見出しに一致,[],,
127,医療法人社団　敬雅会　山根耳鼻咽喉科,東京都,2009-03-02,http://yamanejibika.webmedipr.jp/,http://yamanejibika.webmedipr.jp/,SUCCESS,VERIFIED,C,5,,山根　雅昭,,,,UNKNOWN,厚生局指定年月日 2009-03-02 を確認（年齢は直接算出不可）,0,,,通常,電話番号一致 / 医院名がページ見出しに一致,[],,
130,医療法人社団　渡邊内科,東京都,2009-04-01,https://www.drwatanabe.com/,https://www.drwatanabe.com/,SUCCESS,VERIFIED,A,12,糖尿病 / 循環器内科,渡邊　龍彦,,,,UNKNOWN,厚生局指定年月日 2009-04-01 を確認（年齢は直接算出不可）,3,Instagram公式運用 / LINE公式運用 / オンライン診療,Instagram公式運用｜https://www.instagram.com/watanabenaika/ / LINE公式運用｜https://line.me/R/ti/p/@715iadpo / オンライン診療｜オンライン診療 オンライン診療 → https://www.drwatanabe.com/online/,かなりアツい,電話番号一致 / 医院名がページ見出しに一致,[],,
132,東京クリニック,東京都,2009-10-01,http://www.tokyo-cl.com/,https://www.tokyo-cl.com/,SUCCESS,VERIFIED,B,11,糖尿病 / 泌尿器科 / 循環器内科 / 皮膚科,金森　博,,,,UNKNOWN,厚生局指定年月日 2009-10-01 を確認（年齢は直接算出不可）,0,,,通常,電話番号一致 / 医院名がページ見出しに一致,[],,
133,こばなわ神田整形外科,東京都,2009-12-01,http://kandaseikei.com/,https://kandaseikei.com/,SUCCESS,VERIFIED,B,9,,小塙　幸司,,,,UNKNOWN,厚生局指定年月日 2009-12-01 を確認（年齢は直接算出不可）,1,Doctors File掲載,Doctors File掲載｜ドクターズファイル → https://doctorsfile.jp/h/40676/df/1/,集客投資シグナルあり,電話番号一致 / 医院名がページ見出しに一致 / 院長名一致,[],,
135,ＨＤＣアトラスクリニック,東京都,2010-04-01,https://www.hdc-atlas.com/,https://www.hdc-atlas.com/,SUCCESS,VERIFIED,B,10,ED,鈴木　吉彦,1983,,0.0%,MODEL_ESTIMATE,https://www.hdc-atlas.com/,2,YouTube公式運用 / オンライン診療,YouTube公式運用｜https://www.youtube.com/@glp1diet / オンライン診療｜オンライン診療における特定商取引法に基づく表記 オンライン診療における特定商取引法に基づく表記 オンライン診療における特定商取引法に基づく表記 → https://www.hdc-atlas.com/online-pp,アツい,電話番号一致 / 医院名がページ見出しに一致 / 住所一致 / 院長名一致,"[{""reason"": ""HTTP 429。手動で確認してください。"", ""url"": ""https://www.hdc-atlas.com/access""}, {""reason"": ""アクセス制限があるため、このサイトの取得を停止しました。"", ""url"": ""https://www.hdc-atlas.com/clinical-department""}, {""reason"": ""アクセス制限があるため、このサイトの取得を停止しました。"", ""url"": ""https://www.hdc-atlas.com/timetable2""}, {""reason"": ""アクセス制限があるため、このサイトの取得を停止しました。"", ""url"": ""https://www.hdc-atlas.com/yourdoctors""}, {""reason"": ""アクセス制限があるため、このサイトの取得を停止しました。"", ""url"": ""https://www.hdc-atlas.com/treatmentpolicy""}, {""reason"": ""アクセス制限があるため、このサイトの取得を停止しました。"", ""url"": ""https://www.hdc-atlas.com/treatmenttrends""}, {""reason"": ""アクセス制限があるため、このサイトの取得を停止しました。"", ""url"": ""https://www.hdc-atlas.com/pneumonia""}, {""reason"": ""アクセス制限があるため、このサイトの取得を停止しました。"", ""url"": ""https://www.hdc-atlas.com/shingles""}, {""reason"": ""アクセス制限があるため、このサイトの取得を停止しました。"", ""url"": ""https://www.hdc-atlas.com/zepbound""}, {""reason"": ""アクセス制限があるため、このサイトの取得を停止しました。"", ""url"": ""https://www.hdc-atlas.com/online-pp""}, {""reason"": ""アクセス制限があるため、このサイトの取得を停止しました。"", ""url"": ""https://www.hdc-atlas.com""}, {""reason"": ""アクセス制限があるため、このサイトの取得を停止しました。"", ""url"": ""https://www.hdc-atlas.com/first-visitors""}, {""reason"": ""アクセス制限があるため、このサイトの取得を停止しました。"", ""url"": ""https://www.hdc-atlas.com/foreigners""}, {""reason"": ""アクセス制限があるため、このサイトの取得を停止しました。"", ""url"": ""https://www.hdc-atlas.com/news""}, {""reason"": ""アクセス制限があるため、このサイトの取得を停止しました。"", ""url"": ""https://www.hdc-atlas.com/features""}, {""reason"": ""アクセス制限があるため、このサイトの取得を停止しました。"", ""url"": ""https://www.hdc-atlas.com/treatiseachievements-itachievements""}, {""reason"": ""アクセス制限があるため、このサイトの取得を停止しました。"", ""url"": ""https://www.hdc-atlas.com/hayfever""}, {""reason"": ""アクセス制限があるため、このサイトの取得を停止しました。"", ""url"": ""https://www.hdc-atlas.com/vaccine""}, {""reason"": ""アクセス制限があるため、このサイトの取得を停止しました。"", ""url"": ""https://www.hdc-atlas.com/aga-department""}]",,
136,小川町メディカルクリニック,東京都,2010-04-01,https://www.ogawamachi-med-cl.jp/,https://www.ogawamachi-med-cl.jp/,SUCCESS,VERIFIED,C,7,,長尾　まゆみ,,,,UNKNOWN,厚生局指定年月日 2010-04-01 を確認（年齢は直接算出不可）,0,,,通常,電話番号一致 / 医院名がページ見出しに一致 / 院長名一致,[],,
137,浅井医院,東京都,2010-04-01,http://www.asai-iin.com/,http://www.asai-iin.com/,SUCCESS,VERIFIED,B,10,皮膚科,戸田　素子,,,,UNKNOWN,厚生局指定年月日 2010-04-01 を確認（年齢は直接算出不可）,0,,,通常,電話番号一致 / 医院名がページ見出しに一致,[],,
138,医療法人社団　大佑会　麹町明光耳鼻咽喉科,東京都,2010-05-01,http://www.k-meiko-ent.com/,https://www.k-meiko-ent.com/,SUCCESS,VERIFIED,C,6,,稲見　親哉,,,,UNKNOWN,厚生局指定年月日 2010-05-01 を確認（年齢は直接算出不可）,0,,,通常,電話番号一致 / 医院名がページ見出しに一致 / 住所一致 / 院長名一致,[],,
139,医療法人社団　優薫会　志保日比谷皮膚科クリニック,東京都,2010-06-03,https://www.s-hihuka.com/,https://www.s-hihuka.com/,SUCCESS,VERIFIED,A,15,皮膚科,千田　志保,1982,,0.0%,MODEL_ESTIMATE,https://www.s-hihuka.com/clinic/director_staff/,2,LINE公式運用 / 治療専用LP,LINE公式運用｜https://line.me/R/ti/p/@cya0754d / 治療専用LP｜医院名と電話/住所を確認,アツい,電話番号一致 / 医院名がページ見出しに一致,[],,
140,秋葉原ガーデンクリニック,東京都,2010-10-01,http://www.akiba-garden.com/,https://www.akiba-garden.com/,SUCCESS,VERIFIED,C,7,,山田　康,,,,REVIEW,UNKNOWN,0,,,通常,電話番号一致 / 医院名がページ見出しに一致,[],,
142,ひまわりクリニックお茶の水,東京都,2011-01-05,https://himawari-ochanomizu.navi-clinic.jp/,https://himawari-ochanomizu.navi-clinic.jp/,SUCCESS,VERIFIED,C,6,,坂本　英史,,,,UNKNOWN,厚生局指定年月日 2011-01-05 を確認（年齢は直接算出不可）,0,,,通常,電話番号一致 / 医院名がページ見出しに一致,[],,
143,市ヶ谷メンタルクリニック,東京都,2011-05-01,http://ichigaya-mental.jp/,https://ichigaya-mental.jp/,SUCCESS,VERIFIED,B,8,,中野　稔也,,,,UNKNOWN,厚生局指定年月日 2011-05-01 を確認（年齢は直接算出不可）,2,Doctors File掲載 / YouTube公式運用,Doctors File掲載｜詳しくはこちらをクリック 詳しくはこちらをクリック → https://doctorsfile.jp/h/21631/df/1/ / YouTube公式運用｜https://www.youtube.com/channel/UCsCTj7M9JPRX_-mH_851Z1Q,アツい,電話番号一致 / 医院名がページ見出しに一致 / 住所一致,[],,
144,医療法人社団　杉四会　杉山産婦人科丸の内,東京都,2011-06-01,http://www.sugiyama.or.jp/marunouchi/,https://www.sugiyama.or.jp/marunouchi/,SUCCESS,VERIFIED,C,7,,黒田　恵司,,,,UNKNOWN,厚生局指定年月日 2011-06-01 を確認（年齢は直接算出不可）,0,,,通常,電話番号一致 / 医院名がページ見出しに一致,"[{""reason"": ""HTTP 406。手動で確認してください。"", ""url"": ""https://www.sugiyama.or.jp/reproduction/index""}, {""reason"": ""HTTP 406。手動で確認してください。"", ""url"": ""https://www.sugiyama.or.jp/reproduction/flow""}, {""reason"": ""HTTP 406。手動で確認してください。"", ""url"": ""https://www.sugiyama.or.jp/reproduction/introduction""}, {""reason"": ""HTTP 406。手動で確認してください。"", ""url"": ""https://www.sugiyama.or.jp/reproduction/consult/index""}, {""reason"": ""HTTP 406。手動で確認してください。"", ""url"": ""https://www.sugiyama.or.jp/reproduction/cost""}, {""reason"": ""HTTP 406。手動で確認してください。"", ""url"": ""https://www.sugiyama.or.jp/doctor/marunouchi""}, {""reason"": ""HTTP 406。手動で確認してください。"", ""url"": ""https://www.sugiyama.or.jp/doctor/shinjuku""}, {""reason"": ""HTTP 406。手動で確認してください。"", ""url"": ""https://www.sugiyama.or.jp/marunouchi/facility/access""}, {""reason"": ""HTTP 406。手動で確認してください。"", ""url"": ""https://www.sugiyama.or.jp/shinjuku/facility/access""}, {""reason"": ""HTTP 406。手動で確認してください。"", ""url"": ""https://www.sugiyama.or.jp/ivf/page4""}, {""reason"": ""HTTP 406。手動で確認してください。"", ""url"": ""https://www.sugiyama.or.jp/information/reproduction/NEWS-00504""}, {""reason"": ""HTTP 406。手動で確認してください。"", ""url"": ""https://www.sugiyama.or.jp/reproduction/consult/infertility-inspection""}, {""reason"": ""HTTP 406。手動で確認してください。"", ""url"": ""https://www.sugiyama.or.jp/childbirth/facility/access""}, {""reason"": ""HTTP 406。手動で確認してください。"", ""url"": ""https://www.sugiyama.or.jp/childbirth/reservation""}, {""reason"": ""HTTP 406。手動で確認してください。"", ""url"": ""https://www.sugiyama.or.jp/comic/index""}, {""reason"": ""HTTP 406。手動で確認してください。"", ""url"": ""https://www.sugiyama.or.jp/contact/index""}, {""reason"": ""HTTP 406。手動で確認してください。"", ""url"": ""https://www.sugiyama.or.jp/reproduction/first""}]",,
146,神田医院,東京都,2011-05-01,https://kanda-iin.com/,https://kanda-iin.com/,SUCCESS,VERIFIED,B,10,糖尿病 / 泌尿器科 / 循環器内科 / 皮膚科,里井　重仁,,,,UNKNOWN,厚生局指定年月日 2011-05-01 を確認（年齢は直接算出不可）,1,オンライン診療,オンライン診療｜神田駅より徒歩3分のビジネス街のクリニック 神田医院 診療案内 内科 消化器内科 循環器内科 皮膚科 泌尿器科(性感染症科) 心療内科 精神科 禁煙外来 在宅訪問診療 健康診断 オンライン診療 睡眠時無呼吸症候群･不眠症治療 症状一覧 病気･疾患 医師紹介 連絡･アクセス 神田駅より徒歩 3 分のビジネス街のクリニック → https://kanda-iin.com/,集客投資シグナルあり,電話番号一致 / 医院名がページ見出しに一致 / 院長名一致,[],,
147,医療法人社団　みすまるのさと会　アイ・ローズクリニック,東京都,2011-07-01,http://www.misumarunosato.or.jp/,https://www.misumarunosato.or.jp/,SUCCESS,VERIFIED,A,12,白内障 / 緑内障,安達　京,,,,UNKNOWN,厚生局指定年月日 2011-07-01 を確認（年齢は直接算出不可）,1,Doctors File掲載,Doctors File掲載｜ → http://doctorsfile.jp/h/29284/df/1/,集客投資シグナルあり,電話番号一致 / 医院名がページ見出しに一致,[],,
148,千代田心療クリニック,東京都,2011-09-01,http://meinherz.jp/,https://meinherz.jp/,SUCCESS,VERIFIED,C,7,,舟津　雅文,,,,UNKNOWN,厚生局指定年月日 2011-09-01 を確認（年齢は直接算出不可）,1,オンライン診療,オンライン診療｜コンテンツへスキップ コンテンツへスキップ ナビゲーションに移動 ホーム はじめての方へ 当院のこだわり 当院の特徴 クリニック紹介 アクセス 永田町駅徒歩2分 お問い合わせ 24時間WEB予約 《情報通信機器を用いた診療について》 HOME ブログ お知らせ 《情報通信機器を用いた診療について》 情報通信機器を用いた → https://meinherz.jp/2026/06/01/online-medical-care/#main,集客投資シグナルあり,電話番号一致 / 医院名がページ見出しに一致 / 院長名一致,[],,
150,医療法人社団　駿昭会　飯田橋西口クリニック,東京都,2012-04-01,https://www.iwc-cl.jp/,https://www.iwc-cl.jp/,SUCCESS,VERIFIED,B,10,循環器内科,原澤　信介,,,,UNKNOWN,厚生局指定年月日 2012-04-01 を確認（年齢は直接算出不可）,1,オンライン診療,オンライン診療｜オンライン診療 オンライン診療 → https://www.iwc-cl.jp/online/,集客投資シグナルあり,電話番号一致 / 医院名がページ見出しに一致,[],,
152,医療法人　城見会　アムス丸の内パレスビルクリニック,東京都,2012-06-01,https://www.ams-dock.jp/palace/,https://www.ams-dock.jp/palace/,SUCCESS,VERIFIED,B,10,内視鏡,中込　明裕,,,,REVIEW,UNKNOWN,0,,,通常,電話番号一致 / 医院名がページ見出しに一致 / 院長名一致,[],,
153,医療法人社団　久響会　あいクリニック神田,東京都,2012-04-23,https://www.i-clinic.or.jp/,https://www.i-clinic.or.jp/,SUCCESS,VERIFIED,C,7,,鬼頭　諭,1992,,65.7%,MODEL_ESTIMATE,https://www.i-clinic.or.jp/doctor/,0,,,通常,電話番号一致 / 医院名がページ見出しに一致,[],,
154,医療法人社団　糖正会　飯田橋メディカルクリニック,東京都,2012-05-01,https://iidabashimedical.com/,https://iidabashimedical.com/,SUCCESS,VERIFIED,A,12,糖尿病,丹羽　正孝,1992,,65.7%,MODEL_ESTIMATE,https://iidabashimedical.com/aisatsu/,0,,,通常,電話番号一致 / 医院名がページ見出しに一致,[],,
155,医療法人社団　桜メデイスン　有楽町桜クリニック,東京都,2012-09-01,http://www.sakuramedicine.com/,http://www.sakuramedicine.com/,SUCCESS,VERIFIED,D,3,,神山　昭男,,,,UNKNOWN,厚生局指定年月日 2012-09-01 を確認（年齢は直接算出不可）,0,,,通常,電話番号一致 / 医院名がページ見出しに一致 / 院長名一致,[],,
157,秋葉原スキンクリニック,東京都,2012-10-01,https://www.akihabara-skin.com/,https://www.akihabara-skin.com/,SUCCESS,VERIFIED,A,12,皮膚科,中山　祐紀,,,,UNKNOWN,厚生局指定年月日 2012-10-01 を確認（年齢は直接算出不可）,4,マイナビ記事掲載 / AIチャット導入 / Instagram公式運用 / LINE公式運用,マイナビ記事掲載｜https://woman.mynavi.jp/article/220127-24/ 美容医療を扱う製薬会社であるアラガン・ジャパンの新製品、「ジュビダームビスタボライト XC」の記者発表会時の神田愛花さんと海野由利子さんとの対談がマイナビウーマンの記事になりました。 スキンケアのお話やヒアルロン酸注入、美容医療につい → https://woman.mynavi.jp/article/220127-24/ / AIチャット導入｜チャットウィジェット埋込を確認 / Instagram公式運用｜https://www.instagram.com/dr.yu_ki_dermatology/ / LINE公式運用｜https://line.me/R/ti/p/%40skin1212,かなりアツい,電話番号一致 / 医院名がページ見出しに一致,[],,
158,大手町フィナンシャルシティ西山クリニック,東京都,2012-11-06,http://www.kouko-nishiyama-clinic.com/,https://www.kouko-nishiyama-clinic.com/,SUCCESS,VERIFIED,A,14,糖尿病 / 循環器内科,西山　信一郎,1973,,0.0%,MODEL_ESTIMATE,https://www.kouko-nishiyama-clinic.com/clinic/clinic01/,4,Doctors File掲載 / Medical DOC掲載 / 地域ドクターズ掲載 / Instagram公式運用,Doctors File掲載｜ドクターズファイル → https://doctorsfile.jp/h/40648/ / Medical DOC掲載｜メディカルドック → https://medicaldoc.jp/m/recommend-m/chiyoda-ct-cardiology/#clinic-217180 / 地域ドクターズ掲載｜東京ドクターズ → https://tokyo-doctors.com/clinicList/33126/interview/ / Instagram公式運用｜https://www.instagram.com/nishiyama_clinic/,かなりアツい,電話番号一致 / 医院名がページ見出しに一致 / 院長名一致,[],,
159,山本亜希メンタルクリニック,東京都,2013-01-01,http://yamamotoaki.jp/,http://yamamotoaki.jp/,SUCCESS,VERIFIED,B,9,,山本　亜希,,,,UNKNOWN,厚生局指定年月日 2013-01-01 を確認（年齢は直接算出不可）,1,Instagram公式運用,Instagram公式運用｜https://www.instagram.com/yamamotoakimental,集客投資シグナルあり,電話番号一致 / 医院名がページ見出しに一致 / 院長名一致,[],,
160,医療法人社団　清湘会　聖橋クリニック,東京都,2013-01-21,https://www.seishokai.or.jp/hijiribashi/,https://www.seishokai.or.jp/hijiribashi/,SUCCESS,VERIFIED,C,7,糖尿病,田中　仁美,,,,UNKNOWN,厚生局指定年月日 2013-01-21 を確認（年齢は直接算出不可）,0,,,通常,電話番号一致 / 医院名がページ見出しに一致,[],,
165,医療法人社団　慈鴻会　麹町内科,東京都,2013-06-01,https://www.koujimachi-naika.jp/,https://koujimachi-naika.jp/,SUCCESS,VERIFIED,B,8,,河野　英雄,1977,,0.0%,MODEL_ESTIMATE,https://koujimachi-naika.jp/director/,3,Doctors File掲載 / 地域ドクターズ掲載 / LINE公式運用,Doctors File掲載｜Doctors File → https://doctorsfile.jp/h/29429/df/1/ / 地域ドクターズ掲載｜東京ドクターズ → https://tokyo-doctors.com/clinicList/26796/interview/ / LINE公式運用｜https://line.me/R/ti/p/%40dxx3733h,かなりアツい,電話番号一致 / 医院名がページ見出しに一致 / 住所一致,"[{""reason"": ""HTTP 404。手動で確認してください。"", ""url"": ""https://koujimachi-naika.jp/treatment/telomere/""}]",,
168,有楽町　睡眠・呼吸器内科クリニック,東京都,2014-01-01,https://www.yurakucho-sleep.jp/,https://www.yurakucho-sleep.jp/,SUCCESS,VERIFIED,C,6,,永岡　賢一,,,,UNKNOWN,厚生局指定年月日 2014-01-01 を確認（年齢は直接算出不可）,0,,,通常,電話番号一致 / 医院名がページ見出しに一致,[],,
173,山王メディカルクリニック,東京都,2014-04-01,http://www.s-med.jp/,http://www.s-med.jp/,SUCCESS,VERIFIED,B,8,皮膚科,宮地　百子,1993,,82.8%,MODEL_ESTIMATE,http://www.s-med.jp/message.html,0,,,通常,電話番号一致 / 医院名がページ見出しに一致,[],,
175,大手町内科胃腸クリニック,東京都,2014-04-01,http://otemachinaika.sakura.ne.jp/,https://otemachinaika.sakura.ne.jp/,SUCCESS,VERIFIED,C,7,内視鏡,近藤　伸宏,,,,UNKNOWN,厚生局指定年月日 2014-04-01 を確認（年齢は直接算出不可）,0,,,通常,電話番号一致 / 医院名がページ見出しに一致,[],,
180,駿河台こころのクリニック,東京都,2014-12-01,https://surugadai-kokoro.com/,https://surugadai-kokoro.com/,SUCCESS,VERIFIED,B,9,,宮武　良輔,1992,,65.7%,MODEL_ESTIMATE,https://surugadai-kokoro.com/doctor/,1,Doctors File掲載,Doctors File掲載｜doctors'file → http://doctorsfile.jp/h/172989/df/1/,集客投資シグナルあり,電話番号一致 / 医院名がページ見出しに一致 / 院長名一致,[],,
181,お茶の水メンタルクリニック,東京都,2015-03-01,http://ochanomizu-mental.com/,https://www.ochanomizu-mental.com/,SUCCESS,VERIFIED,C,4,,金田　斉,,,,UNKNOWN,厚生局指定年月日 2015-03-01 を確認（年齢は直接算出不可）,0,,,通常,電話番号一致 / 医院名がページ見出しに一致,[],,
183,千代田メンタルクリニック,東京都,2015-04-01,https://www.chiyoda-mentalclinic.jp/,https://www.chiyoda-mentalclinic.jp/,SUCCESS,VERIFIED,C,6,,石川　学,,,,UNKNOWN,厚生局指定年月日 2015-04-01 を確認（年齢は直接算出不可）,1,Doctors File掲載,Doctors File掲載｜http://doctorsfile.jp/h/18462 http://doctorsfile.jp/h/18462 → http://doctorsfile.jp/h/18462,集客投資シグナルあり,電話番号一致 / 医院名がページ見出しに一致,[],,
184,ナチュラルアート　クリニック,東京都,2015-05-01,https://naturalartclinic.com/,https://naturalartclinic.com/,SUCCESS,VERIFIED,B,8,,御川　安仁,1995,,94.6%,MODEL_ESTIMATE,https://naturalartclinic.com/greeting,2,YouTube公式運用 / オンライン診療,YouTube公式運用｜https://www.youtube.com/channel/UCyu3XMI5sY05bsMWCbSRXIA/featured / オンライン診療｜オンライン診療 オンライン診療 → https://naturalartclinic.com/online,アツい,電話番号一致 / 医院名がページ見出しに一致 / 院長名一致,[],,
185,飯田橋レディースクリニック,東京都,2015-04-01,http://www.iidabashi-ladies-clinic.com/index.html,http://www.iidabashi-ladies-clinic.com/index.html,SUCCESS,VERIFIED,D,1,,岡野　浩哉,,,,UNKNOWN,厚生局指定年月日 2015-04-01 を確認（年齢は直接算出不可）,0,,,通常,電話番号一致 / 医院名がページ見出しに一致,[],,
186,医療法人社団　寿会　千代田診療所,東京都,2015-09-01,http://www.chiyoda-s.or.jp/,https://www.chiyoda-s.or.jp/,SUCCESS,VERIFIED,B,8,内視鏡,三浦　寿美子,,,,UNKNOWN,厚生局指定年月日 2015-09-01 を確認（年齢は直接算出不可）,0,,,通常,電話番号一致 / 医院名がページ見出しに一致 / 院長名一致,[],,
187,医療法人社団　滉志会　瀬田クリニック東京,東京都,2015-05-19,http://www.j-immunother.com/,https://www.j-immunother.com/,SUCCESS,VERIFIED,B,10,,後藤　重則,,,,REVIEW,UNKNOWN,1,オンライン診療,オンライン診療｜オンライン診療（相談） ● オンライン診療（相談） も行っております。 → https://www.j-immunother.com/online/,集客投資シグナルあり,電話番号一致 / 医院名がページ見出しに一致 / 院長名一致,[],,
189,スクエアクリニック・デンタル,東京都,2015-12-01,https://squareclinic-dental.jp/,https://squareclinic-dental.jp/,SUCCESS,VERIFIED,B,8,,市川　陽一郎,,,,UNKNOWN,厚生局指定年月日 2015-12-01 を確認（年齢は直接算出不可）,0,,,通常,電話番号一致 / 医院名がページ見出しに一致 / 院長名一致,[],,
191,紀尾井町内科,東京都,2015-12-01,http://kioichonaika.jp/,https://kioichonaika.jp/,SUCCESS,VERIFIED,B,10,糖尿病,市村　有紀子,,,,REVIEW,UNKNOWN,1,オンライン診療,オンライン診療｜トップページ 当院について 診療のご案内 保険診療 健康診断 自由診療 交通アクセス オンライン診療 お問い合わせ 03-6265-6500 → https://kioichonaika.jp/,集客投資シグナルあり,電話番号一致 / 医院名がページ見出しに一致,[],,
192,麹町スキンクリニック,東京都,2016-03-01,http://www.koujimachi-sc.com/,https://www.koujimachi-sc.com/,SUCCESS,VERIFIED,A,13,皮膚科,黒岩　俊一,,,,UNKNOWN,厚生局指定年月日 2016-03-01 を確認（年齢は直接算出不可）,1,Instagram公式運用,Instagram公式運用｜https://www.instagram.com/koujimachiskinclinic/,集客投資シグナルあり,電話番号一致 / 医院名がページ見出しに一致,[],,
193,ＦＭＣ東京クリニック,東京都,2016-04-01,http://www.fmctokyo.jp/,https://fmctokyo.jp/,SUCCESS,VERIFIED,B,8,,中村　靖,1986,,0.0%,MODEL_ESTIMATE,https://fmctokyo.jp/about,3,YouTube公式運用 / Instagram公式運用 / オンライン診療,YouTube公式運用｜https://www.youtube.com/@fmc9649 / Instagram公式運用｜https://www.instagram.com/fetalmedicinetokyo/ / オンライン診療｜お知らせ 遺伝カウンセリング・検査結果説明などにつき、 電話での対応を行います。 新型コロナウイルス感染の蔓延の中、当院まで足を運ぶことを躊躇される方も多いことと存じます。当院では現在、遠隔診療システムの導入の準備を進めておりますが、当面、当方で可能と判断されるものについては、直接ご来院いただくかわりに、電話での説明で → https://fmctokyo.jp/archives/354,かなりアツい,電話番号一致 / 医院名がページ見出しに一致 / 院長名一致,[],,
194,淡路町眼科,東京都,2016-04-27,http://www.awajichoganka.com/,https://www.awajichoganka.com/,SUCCESS,VERIFIED,B,8,白内障 / 緑内障,由井　あかり,1996,,96.9%,MODEL_ESTIMATE,https://www.awajichoganka.com/doctor,0,,,通常,電話番号一致 / 医院名がページ見出しに一致 / 院長名一致,[],,
196,神保町たねもと眼科,東京都,2016-07-01,http://www.tanemoto-eye.jp/,https://www.tanemoto-eye.jp/,SUCCESS,VERIFIED,B,9,緑内障,種元　桂子,1992,,65.7%,MODEL_ESTIMATE,https://www.tanemoto-eye.jp/about.html,0,,,通常,電話番号一致 / 医院名がページ見出しに一致,[],,
197,Ｂ＆Ｊクリニック　お茶の水,東京都,2016-07-01,https://bj-clinic.com/,https://bj-clinic.com/,SUCCESS,VERIFIED,B,9,,洞口　敬,1992,,65.7%,MODEL_ESTIMATE,https://bj-clinic.com/%e9%99%a2%e9%95%b7%e7%b5%8c%e6%ad%b4,1,Doctors File掲載,Doctors File掲載｜ → https://doctorsfile.jp/h/179000/df/1/,集客投資シグナルあり,電話番号一致 / 医院名がページ見出しに一致 / 院長名一致,[],,
198,さくらの木クリニック秋葉原,東京都,2016-09-01,http://sakuranoki-akihabara.com/,http://sakuranoki-akihabara.com/,SUCCESS,VERIFIED,D,3,,倉持　穣,1988,,0.0%,MODEL_ESTIMATE,http://sakuranoki-akihabara.com/greeting.html,0,,,通常,電話番号一致 / 医院名がページ見出しに一致 / 院長名一致,[],,
199,医療法人社団　晴美会　麹町リバース今井整形外科クリニック,東京都,2016-10-01,http://kojimachi-rebirth.imai-seikei.jp/,https://kojimachi-rebirth.imai-seikei.jp/,SUCCESS,VERIFIED,C,5,,今井　大,2001,,99.3%,MODEL_ESTIMATE,https://kojimachi-rebirth.imai-seikei.jp/staff.html,1,Doctors File掲載,Doctors File掲載｜ドクターズ・ファイルへのリンク → https://doctorsfile.jp/h/40912/df/1/,集客投資シグナルあり,電話番号一致 / 医院名がページ見出しに一致 / 院長名一致,[],,
200,神保町駅前皮膚科,東京都,2016-10-01,http://jimbocho-hifu.com/,https://jimbocho-hifu.com/,SUCCESS,VERIFIED,B,9,皮膚科,中村　明博,,,,UNKNOWN,厚生局指定年月日 2016-10-01 を確認（年齢は直接算出不可）,1,Instagram公式運用,Instagram公式運用｜https://www.instagram.com/uenohifuka/,集客投資シグナルあり,電話番号一致 / 医院名がページ見出しに一致 / 住所一致,[],,
201,医療法人社団　慈仁会　飯田橋小池クリニック,東京都,2016-10-01,http://www.koikeclinic.net/,http://www.koikeclinic.net/,SUCCESS,VERIFIED,D,1,,小池　美由紀,,,,UNKNOWN,厚生局指定年月日 2016-10-01 を確認（年齢は直接算出不可）,0,,,通常,電話番号一致 / 医院名がページ見出しに一致,[],,
204,神保町もりたメンタルクリニック,東京都,2016-12-01,http://morita1-7-12.jp/,https://morita1-7-12.jp/,SUCCESS,VERIFIED,C,6,,森田　徹,,,,UNKNOWN,厚生局指定年月日 2016-12-01 を確認（年齢は直接算出不可）,0,,,通常,電話番号一致 / 医院名がページ見出しに一致,"[{""reason"": ""HTTP 404。手動で確認してください。"", ""url"": ""https://morita1-7-12.jp/[wevery-cal]""}]",,
205,医療法人社団　仁成守会　秋元医院,東京都,2016-11-01,https://akimotoiin.jp/,https://akimotoiin.jp/,SUCCESS,VERIFIED,B,11,泌尿器科,秋元　達雄,1995,,94.6%,MODEL_ESTIMATE,https://akimotoiin.jp/doctor/,0,,,通常,電話番号一致 / 医院名がページ見出しに一致 / 院長名一致,[],,
206,秋葉原のだ眼科,東京都,2017-01-16,http://www.noda-eye.jp/,http://www.noda-eye.jp/,SUCCESS,VERIFIED,D,3,,野田　康雄,1997,1997,98.1%,MODEL_ESTIMATE,厚生局/取込済み医籍登録年,1,Doctors File掲載,Doctors File掲載｜ドクターズ・ファイルに当院が掲載されました。 ドクターズ・ファイルに当院が掲載されました。 → https://doctorsfile.jp/h/182066/df/1/,集客投資シグナルあり,電話番号一致 / 医院名がページ見出しに一致 / 住所一致,[],,
207,医療法人社団　芳雅会　内神田皮膚科,東京都,2017-04-01,http://kanda-hifuka.jp/,https://kanda-hifuka.jp/,SUCCESS,VERIFIED,B,9,皮膚科,白砂　智紹,2016,,100.0%,MODEL_ESTIMATE,https://kanda-hifuka.jp/greeting.html,0,,,通常,電話番号一致 / 医院名がページ見出しに一致,"[{""reason"": ""HTTP 500。手動で確認してください。"", ""url"": ""https://kanda-hifuka.jp/notice/251""}]",,
208,医療法人社団　碧桜　秋葉原駅クリニック,東京都,2017-03-01,https://ekic.jp/,https://ekic.jp/,SUCCESS,VERIFIED,C,7,,大和田　潔,,,,UNKNOWN,厚生局指定年月日 2017-03-01 を確認（年齢は直接算出不可）,0,,,通常,電話番号一致 / 医院名がページ見出しに一致,"[{""reason"": ""HTMLページではありません。"", ""url"": ""https://ekic.jp/dha/""}]",,
211,東京外科クリニック,東京都,2017-04-01,https://www.tokyogeka.com/,https://www.tokyogeka.com/,SUCCESS,VERIFIED,B,9,,大沼　愛,,,,UNKNOWN,厚生局指定年月日 2017-04-01 を確認（年齢は直接算出不可）,3,YouTube公式運用 / LINE公式運用 / 漫画コンテンツ,YouTube公式運用｜https://www.youtube.com/channel/UCH2fYzEUmf3Gmlb8bnq6h7g / LINE公式運用｜https://lin.ee/PUa51We / 漫画コンテンツ｜https://www.tokyogeka.com/column/manga/,かなりアツい,電話番号一致 / 医院名がページ見出しに一致,[],,
212,東京ビジネスクリニック　八重洲北口,東京都,2017-04-01,https://www.businessclinic.tokyo/yaesu-kitaguchi,https://www.businessclinic.tokyo/yaesu-kitaguchi,SUCCESS,VERIFIED,B,10,ED / 皮膚科,本間　裕一郎,,,,UNKNOWN,厚生局指定年月日 2017-04-01 を確認（年齢は直接算出不可）,1,オンライン診療,オンライン診療｜オンライン診療 オンライン診療 → https://www.businessclinic.tokyo/online,集客投資シグナルあり,電話番号一致 / 医院名がページ見出しに一致,[],,
213,飯田橋駅前さくら坂クリニック,東京都,2017-05-01,http://iidabashi-hifuka.com/,https://www.iidabashi-hifuka.com/,SUCCESS,VERIFIED,B,11,皮膚科,宮下　教子,,,,UNKNOWN,厚生局指定年月日 2017-05-01 を確認（年齢は直接算出不可）,2,YouTube公式運用 / Instagram公式運用,YouTube公式運用｜https://www.youtube.com/channel/UC4PN5cO0OZUqiObayaWWixA / Instagram公式運用｜https://www.instagram.com/sakurazakaclinic/,アツい,電話番号一致 / 医院名がページ見出しに一致,[],,
215,秋葉原ＤＥＭ内科クリニック,東京都,2017-07-01,http://akibademclinic.jp/,http://akibademclinic.jp/,SUCCESS,VERIFIED,C,6,糖尿病,内村　功,,,,UNKNOWN,厚生局指定年月日 2017-07-01 を確認（年齢は直接算出不可）,0,,,通常,電話番号一致 / 医院名がページ見出しに一致,[],,
216,飯田橋東口内科心療内科診療所,東京都,2017-08-01,https://www.iidabashi-shinryounaika.jp/,https://www.iidabashi-shinryounaika.jp/,SUCCESS,VERIFIED,C,4,,下平　智史,,,,UNKNOWN,厚生局指定年月日 2017-08-01 を確認（年齢は直接算出不可）,1,オンライン診療,オンライン診療｜オンライン診療（再診の方） オンライン診療（再診の方） → https://www.iidabashi-shinryounaika.jp/20200413104724,集客投資シグナルあり,電話番号一致 / 医院名がページ見出しに一致 / 院長名一致,[],,
217,はりまメンタルクリニック,東京都,2017-10-01,https://www.harimamental.com/,https://www.harimamental.com/,SUCCESS,VERIFIED,C,5,,針間　克己,,,,REVIEW,UNKNOWN,0,,,通常,電話番号一致 / 医院名がページ見出しに一致,[],,
218,医療法人社団　昌仁醫修会　瀬川記念小児神経学クリニック,東京都,2017-10-01,http://segawa-clinic.jp/,https://segawa-clinic.jp/,SUCCESS,VERIFIED,C,7,,星野　恭子,,,,UNKNOWN,厚生局指定年月日 2017-10-01 を確認（年齢は直接算出不可）,1,LINE公式運用,LINE公式運用｜https://lin.ee/vN7n3Cx,集客投資シグナルあり,電話番号一致 / 医院名がページ見出しに一致,"[{""reason"": ""HTTP 404。手動で確認してください。"", ""url"": ""https://segawa-clinic.jp/outpatient.html""}]",,
219,まなメンタルクリニック新御茶ノ水,東京都,2017-12-01,https://manaclinic.jp/,https://manaclinic.jp/,SUCCESS,VERIFIED,C,7,,市川　弓紀子,,,,UNKNOWN,厚生局指定年月日 2017-12-01 を確認（年齢は直接算出不可）,0,,,通常,電話番号一致 / 医院名がページ見出しに一致,[],,
220,寺井クリニック,東京都,2017-11-01,http://www.terai-clinic.jp/,https://terai-clinic.jp/,SUCCESS,VERIFIED,A,12,内視鏡,寺井　毅,1986,,0.0%,MODEL_ESTIMATE,https://terai-clinic.jp/messege/,0,,,通常,電話番号一致 / 医院名がページ見出しに一致 / 院長名一致,[],,
221,医療法人社団　安緑会　秋葉原内科内視鏡クリニック,東京都,2018-01-01,http://www.ikamera.net/,https://www.ikamera.net/,SUCCESS,VERIFIED,A,12,内視鏡 / ED,吉村　翼,2015,,100.0%,MODEL_ESTIMATE,https://www.ikamera.net/clinic/,2,HP制作会社の制作実績 / オンライン診療,HP制作会社の制作実績｜Produced by Heiwamed → https://www.heiwa-medical.com/ / オンライン診療｜医療法人社団安緑会 秋葉原内科内視鏡クリニック オンライン診療は秋葉原内科内視鏡クリニック → https://www.ikamera.net/,アツい,電話番号一致 / 医院名がページ見出しに一致 / 住所一致,[],,
222,秋葉原あつたアレルギー呼吸器内科クリニック,東京都,2018-04-01,https://atsuta-clinic.jp/,https://atsuta-clinic.jp/,SUCCESS,VERIFIED,C,7,,熱田　了,1992,,65.7%,MODEL_ESTIMATE,https://atsuta-clinic.jp/%e3%81%94%e6%8c%a8%e6%8b%b6,2,Doctors File掲載 / 地域ドクターズ掲載,Doctors File掲載｜Doctors File インタビュー記事 ドクターズファイル Doctors File インタビュー記事 → https://doctorsfile.jp/h/186744/df/1/ / 地域ドクターズ掲載｜東京ドクターズ インタビュー記事 東京ドクターズ 東京ドクターズ インタビュー記事 → https://tokyo-doctors.com/clinicList/52459/interview/,アツい,電話番号一致 / 医院名がページ見出しに一致 / 住所一致,[],,
224,東京シーサイドクリニック,東京都,2018-04-01,https://www.ts-clinic.jp/,https://www.ts-clinic.jp/,SUCCESS,VERIFIED,C,7,,中川　敬一,,,,UNKNOWN,厚生局指定年月日 2018-04-01 を確認（年齢は直接算出不可）,2,地域ドクターズ掲載 / オンライン診療,地域ドクターズ掲載｜https://tokyo-doctors.com/clinicList/52577/interview/ → https://tokyo-doctors.com/clinicList/52577/interview/ / オンライン診療｜2020/04/14 遠隔診療による初診について ＜4月14日新規スタート＞ 2020/04/14 遠隔診療による初診について ＜4月14日新規スタート＞ → https://www.ts-clinic.jp/435,アツい,電話番号一致 / 医院名がページ見出しに一致 / 院長名一致,[],,
225,丸ノ内なかごみクリニック,東京都,2018-04-01,https://www.marunouchi-nakagomi.com/,https://www.marunouchi-nakagomi.com/,SUCCESS,VERIFIED,C,6,,中込　忠好,1979,,0.0%,MODEL_ESTIMATE,https://www.marunouchi-nakagomi.com/doctors,1,オンライン診療,オンライン診療｜こちらをクリック オンライン診療をご希望の方は、先ずアプリのダウンロードをお願い致します。 こちらをクリック し、内容をよくお読みになって下さい。登録する際に、 スマホ 、 クレジットカード をご用意下さい。また、 保険証 も必要です。 → https://curon.co/home/guide?ref=header,集客投資シグナルあり,電話番号一致 / 医院名がページ見出しに一致,[],,
227,加賀耳鼻咽喉科クリニック,東京都,2018-07-01,http://www.kaga.min.gr.jp/,https://www.kaga.min.gr.jp/,SUCCESS,VERIFIED,C,7,,相田　瑞恵,,,,UNKNOWN,厚生局指定年月日 2018-07-01 を確認（年齢は直接算出不可）,0,,,通常,電話番号一致 / 医院名がページ見出しに一致,"[{""reason"": ""HTMLサイズが上限を超えました。"", ""url"": ""https://www.kaga.min.gr.jp/movie/1_1225.mpeg""}, {""reason"": ""HTMLサイズが上限を超えました。"", ""url"": ""https://www.kaga.min.gr.jp/movie/2_1225.mpeg""}, {""reason"": ""HTMLサイズが上限を超えました。"", ""url"": ""https://www.kaga.min.gr.jp/movie/omake1.mpeg""}, {""reason"": ""HTMLサイズが上限を超えました。"", ""url"": ""https://www.kaga.min.gr.jp/movie/omake2.mpeg""}, {""reason"": ""HTMLサイズが上限を超えました。"", ""url"": ""https://www.kaga.min.gr.jp/movie/omake2.wmv""}]",,
228,大手町プレイス内科,東京都,2018-10-01,https://otemachi-place-naika.clinic/,https://otemachi-place-naika.clinic/,SUCCESS,VERIFIED,B,10,糖尿病,田嶼　尚子,,,,UNKNOWN,厚生局指定年月日 2018-10-01 を確認（年齢は直接算出不可）,0,,,通常,電話番号一致 / 医院名がページ見出しに一致 / 院長名一致,[],,
231,Ｓ．Ｔ　ｓｔｙｌｅ　クリニック,東京都,2019-01-01,https://ststyle-clinic.jp/,https://ststyle-clinic.jp/,SUCCESS,VERIFIED,B,8,,徳田　真紀子,,,,UNKNOWN,厚生局指定年月日 2019-01-01 を確認（年齢は直接算出不可）,1,Instagram公式運用,Instagram公式運用｜https://www.instagram.com/s.t_style_clinic/,集客投資シグナルあり,電話番号一致 / 医院名がページ見出しに一致 / 住所一致,"[{""reason"": ""別ドメインへのリダイレクトを停止しました。"", ""url"": ""https://ststyle-clinic.jp/counseling/""}]",,
232,医療法人社団　知慎会　ＪＴＫクリニック,東京都,2018-09-25,http://www.jtkclinic.com/,https://www.jtkclinic.com/,SUCCESS,VERIFIED,B,9,,小笠原　均,1992,,65.7%,MODEL_ESTIMATE,https://www.jtkclinic.com/about,2,Instagram公式運用 / オンライン診療,Instagram公式運用｜https://www.instagram.com/jtk_clinic_official?igsh=MnFoaTlueWt5OTk2 / オンライン診療｜Curonオンライン診療について Curonオンライン診療について Curonオンライン診療について → https://www.jtkclinic.com/online-medical-treatment,アツい,電話番号一致 / 医院名がページ見出しに一致 / 院長名一致,[],,
233,医療法人社団　肌のクリニック　麹町院,東京都,2019-02-01,https://koenji.clinic/,https://koenji.clinic/,SUCCESS,VERIFIED,A,12,ED / 皮膚科,松田　明子,,,,UNKNOWN,厚生局指定年月日 2019-02-01 を確認（年齢は直接算出不可）,5,YouTube公式運用 / TikTok公式運用 / Instagram公式運用 / LINE公式運用 / オンライン診療,YouTube公式運用｜https://www.youtube.com/@hadacli / TikTok公式運用｜https://www.tiktok.com/@hadanoclinic?lang=ja-JP / Instagram公式運用｜https://www.instagram.com/hadanoclinic/ / LINE公式運用｜https://line.me/R/ti/p/@267ertss?ts=02191146&oat_content=url / オンライン診療｜遠隔診療 TELEMEDICINE 遠隔診療 TELEMEDICINE → https://koenji.clinic/menu/online1,かなりアツい,電話番号一致 / 医院名がページ見出しに一致,[],,
235,ＭＩＺＥＮクリニック市ヶ谷,東京都,2019-03-01,https://www.mizenclinic-ichigaya.com/,https://www.mizenclinic-ichigaya.com/,SUCCESS,VERIFIED,A,12,糖尿病,野原　弘義,,,,UNKNOWN,厚生局指定年月日 2019-03-01 を確認（年齢は直接算出不可）,1,オンライン診療,オンライン診療｜オンライン診療のご予約 オンライン診療のご予約 オンライン診療のご予約 → https://patient.atnd.life/ja/organizations/all/user/online-reserve/mizen_ichigaya,集客投資シグナルあり,電話番号一致 / 医院名がページ見出しに一致,[],,
236,風の木クリニック,東京都,2019-03-01,http://www.kazenoki.jp/index.html,https://www.kazenoki.jp/index.html,SUCCESS,VERIFIED,C,4,,高　和巳,,,,UNKNOWN,厚生局指定年月日 2019-03-01 を確認（年齢は直接算出不可）,0,,,通常,電話番号一致 / 医院名がページ見出しに一致,[],,
237,ベスリクリニック,東京都,2019-04-01,http://besli.jp/,https://besli.jp/,SUCCESS,VERIFIED,C,7,,田中　伸明,,,,UNKNOWN,厚生局指定年月日 2019-04-01 を確認（年齢は直接算出不可）,0,,,通常,電話番号一致 / 医院名がページ見出しに一致 / 院長名一致,[],,
238,氏家脳神経外科内科クリニック,東京都,2019-05-01,https://ujiie-clinic.jp/,https://ujiie-clinic.jp/,SUCCESS,VERIFIED,C,7,,氏家　弘,,,,UNKNOWN,厚生局指定年月日 2019-05-01 を確認（年齢は直接算出不可）,0,,,通常,電話番号一致 / 医院名がページ見出しに一致 / 院長名一致,[],,
239,医療法人財団　福音医療会　神田キリスト教診療所,東京都,2019-04-01,https://www.fukuin.net/,https://www.fukuin.net/,SUCCESS,VERIFIED,C,6,,小西　弘一,1964,,0.0%,MODEL_ESTIMATE,https://www.fukuin.net/about/message,1,オンライン診療,オンライン診療｜神田キリスト教診療所 神田キリスト教診療所 当院へのご相談 03-3294-0808 外来予約 オンライン診療 健診予約 → https://www.fukuin.net/,集客投資シグナルあり,電話番号一致 / 医院名がページ見出しに一致 / 院長名一致,"[{""reason"": ""HTMLページではありません。"", ""url"": ""https://www.fukuin.net/about/kitei-gaiyou""}]",,
240,医療法人社団　聡叡会　あすかクリニック,東京都,2019-04-22,http://asuka.clinic/,https://www.asuka.clinic/,SUCCESS,VERIFIED,B,8,,織田　聡,,,,UNKNOWN,厚生局指定年月日 2019-04-22 を確認（年齢は直接算出不可）,1,Instagram公式運用,Instagram公式運用｜https://www.instagram.com/asuka_clinic/,集客投資シグナルあり,電話番号一致 / 医院名がページ見出しに一致,[],,
241,グローバルヘルスケアクリニック,東京都,2019-06-01,https://ghc.tokyo/,https://www.ghc.tokyo/,SUCCESS,VERIFIED,A,12,糖尿病 / ED,水野　泰孝,,,,UNKNOWN,厚生局指定年月日 2019-06-01 を確認（年齢は直接算出不可）,6,Doctors File掲載 / Medical DOC掲載 / マイナビ記事掲載 / 地域ドクターズ掲載 / LINE公式運用 / オンライン診療,Doctors File掲載｜ → https://doctorsfile.jp/h/192373/df/1/ / Medical DOC掲載｜「子どもに抗生物質を飲ませない方がいい」この説の真相を明らかに 「子どもに抗生物質を飲ませない方がいい」この説の真相を明らかに → https://medicaldoc.jp/m/column-m/202201p1745/ / マイナビ記事掲載｜ → https://clinic.mynavi.jp/article/tokyo_allergy/ / 地域ドクターズ掲載｜ → https://tokyo-doctors.com/clinicList/59117/interview/ / LINE公式運用｜https://lin.ee/z6XXzdD / オンライン診療｜「オンライン診療について」のページ A4.遠方の方やお忙しい方のために、オンライン診療による渡航相談を実施しています。予防薬の処方なども可能ですので、ぜひご活用ください。詳細は 「オンライン診療について」のページ をご覧ください。 → https://www.ghc.tokyo/online,かなりアツい,電話番号一致 / 医院名がページ見出しに一致,[],,
242,九段こころのクリニック,東京都,2019-06-01,http://kudan-kokoro.clinic/,https://kudan-kokoro.clinic/,SUCCESS,VERIFIED,C,6,,後藤　牧子,,,,UNKNOWN,厚生局指定年月日 2019-06-01 を確認（年齢は直接算出不可）,0,,,通常,電話番号一致 / 医院名がページ見出しに一致,[],,
244,雪月花メディカルクリニック秋葉原診療所,東京都,2019-06-01,https://snow-moon-flower.jp/,https://snow-moon-flower.jp/,SUCCESS,VERIFIED,B,11,糖尿病 / 皮膚科,大道　雅文,,,,UNKNOWN,厚生局指定年月日 2019-06-01 を確認（年齢は直接算出不可）,1,Instagram公式運用,Instagram公式運用｜https://www.instagram.com/setsugekka_medclinic_akihabara/,集客投資シグナルあり,電話番号一致 / 医院名がページ見出しに一致,[],,
245,リーレクリニック大手町,東京都,2019-06-01,https://www.lireclinic.com/,https://www.lireclinic.com/,SUCCESS,VERIFIED,A,13,糖尿病 / 男性更年期,片山　泰輔,,,,UNKNOWN,厚生局指定年月日 2019-06-01 を確認（年齢は直接算出不可）,3,地域ドクターズ掲載 / LINE公式運用 / オンライン診療,地域ドクターズ掲載｜東京ドクターズ 掲載情報： 千代田区医療機関検索 ／ Caloo ／ 東京ドクターズ ／ Jmap ／ curon ／ EPARK ／ fdoc ／ きれいレポート ／ むちなおそう ／ 病院なび ／ クリニックマップ ／ Scuel ／ AI病院検索 ／ Googleビジネスプロフィール → https://tokyo-doctors.com/clinicList/49643 / LINE公式運用｜https://lin.ee/s30ZFyS / オンライン診療｜専門診療 専門診療 肩こり・腰痛（筋膜リリース/ファシアリリース)注射 禁煙外来 睡眠時無呼吸症候群（SAS） ワキ汗（原発性腋窩多汗症） 自費診療 漢方外来 オンライン診療 あがり症（人前で緊張する）の治療 → https://www.lireclinic.com/exam/%e8%87%aa%e7%94%b1%e8%a8%ba%e7%99%82%e3%83%bb%e5%b0%82%e9%96%80%e5%a4%96%e6%9d%a5/,かなりアツい,電話番号一致 / 医院名がページ見出しに一致 / 院長名一致,[],,
247,九段下さくら形成外科・皮膚科,東京都,2019-10-01,https://sakura-skin.jp/,https://sakura-skin.jp/,SUCCESS,VERIFIED,B,9,皮膚科,木下　佳保里,,,,UNKNOWN,厚生局指定年月日 2019-10-01 を確認（年齢は直接算出不可）,1,AIチャット導入,AIチャット導入｜AIの明記とウィジェットを確認,集客投資シグナルあり,電話番号一致 / 医院名がページ見出しに一致,"[{""reason"": ""HTTP 404。手動で確認してください。"", ""url"": ""https://sakura-skin.jp/Schedule""}]",,
248,神田すこやかクリニック,東京都,2019-10-01,https://www.kanda-sukoyaka.com/,https://www.kanda-sukoyaka.com/,SUCCESS,VERIFIED,B,9,,橋本　亮,,,,UNKNOWN,厚生局指定年月日 2019-10-01 を確認（年齢は直接算出不可）,1,オンライン診療,オンライン診療｜Web診療予約 オンライン診療を実施しています。 Web診療予約 →オンライン診療よりご予約ください。処方箋は診療後速やかにご希望の調剤薬局にFAXします。処方箋薬宅配サービスとどくすりにて処方薬を宅配便にてご自宅にお届けするサービスもご利用いただけます。EDやAGAの薬剤にも対応しています。 → https://patient.digikar-smart.jp/institutions/84dd59b3-81ac-4b49-b7aa-9b03b53fde1b/reserve,集客投資シグナルあり,電話番号一致 / 医院名がページ見出しに一致,[],,
249,いとうメンタルケアクリニック神田小川町,東京都,2019-11-01,https://www.itomentalcare.com/,https://itomentalcare.com/,SUCCESS,VERIFIED,B,8,,伊藤　達彦,,,,UNKNOWN,厚生局指定年月日 2019-11-01 を確認（年齢は直接算出不可）,1,Instagram公式運用,Instagram公式運用｜https://www.instagram.com/itomentalcare/,集客投資シグナルあり,電話番号一致 / 医院名がページ見出しに一致 / 住所一致,[],,
250,神田ホリスティックひふ科,東京都,2019-12-01,https://www.kanda-hifu.com/,https://www.kanda-hifu.com/,SUCCESS,VERIFIED,A,13,皮膚科,若松　順子,,,,UNKNOWN,厚生局指定年月日 2019-12-01 を確認（年齢は直接算出不可）,3,Doctors File掲載 / Instagram公式運用 / オンライン診療,Doctors File掲載｜doctorsfile → https://doctorsfile.jp/h/193918/df/1/ / Instagram公式運用｜https://www.instagram.com/kanda_holistic_skin_clinic/ / オンライン診療｜詳しく見る オンライン診療 当院はPCやタブレットによるオンライン診療に対応しております。 詳しく見る → https://www.kanda-hifu.com/service/online-medical-treatment/,かなりアツい,電話番号一致 / 医院名がページ見出しに一致 / 住所一致,[],,
251,ｓｏｗａｋａ　ｗｏｍｅｎ’ｓ　ｈｅａｌｔｈ　ｃｌｉｎｉｃ,東京都,2019-12-01,https://sowaka-cl.com/,https://sowaka-cl.com/,SUCCESS,VERIFIED,A,12,皮膚科,竹元　葉,,,,UNKNOWN,厚生局指定年月日 2019-12-01 を確認（年齢は直接算出不可）,3,Instagram公式運用 / LINE公式運用 / オンライン診療,Instagram公式運用｜https://www.instagram.com/sowaka.clinic/?hl=ja / LINE公式運用｜https://lin.ee/x4HTBbI / オンライン診療｜https://5cmp.app.link/CUvxSQCSYVb?clinicId=644bb91281c0ba002f6b5882 ① melmoから予約 ブラウザからもご予約いただけますが、melmoアプリを登録のうえご予約いただくと、オンライン診療や検査結果の確認など、アプリの各種機能を便利にご活用いただけます → https://5cmp.app.link/CUvxSQCSYVb?clinicId=644bb91281c0ba002f6b5882,かなりアツい,電話番号一致 / 医院名がページ見出しに一致 / 住所一致,[],,
252,ココロモクリニック神田,東京都,2020-01-01,https://kokoromo.jp/,https://kokoromo.jp/,SUCCESS,VERIFIED,B,8,,山下　佑介,,,,UNKNOWN,厚生局指定年月日 2020-01-01 を確認（年齢は直接算出不可）,1,LINE公式運用,LINE公式運用｜https://lin.ee/hXtc5Iw,集客投資シグナルあり,電話番号一致 / 医院名がページ見出しに一致 / 院長名一致,[],,
253,メディカクリニック,東京都,2020-02-01,https://www.shimoi.or.jp/medica/,https://www.shimoi.or.jp/medica/,SUCCESS,VERIFIED,B,9,男性更年期,神山　園子,,,,UNKNOWN,厚生局指定年月日 2020-02-01 を確認（年齢は直接算出不可）,0,,,通常,医院名がページ見出しに一致 / 住所一致,"[{""reason"": ""HTTP 406。手動で確認してください。"", ""url"": ""https://www.shimoi.or.jp/medica/doctors""}, {""reason"": ""HTTP 406。手動で確認してください。"", ""url"": ""https://www.shimoi.or.jp/medica/yoyaku""}, {""reason"": ""HTTP 406。手動で確認してください。"", ""url"": ""https://www.shimoi.or.jp/medica/index""}, {""reason"": ""HTTP 406。手動で確認してください。"", ""url"": ""http://www.shimoi.or.jp/medica/yoyaku""}, {""reason"": ""HTTP 406。手動で確認してください。"", ""url"": ""https://www.shimoi.or.jp/medica/seishinka_gairai""}, {""reason"": ""HTTP 406。手動で確認してください。"", ""url"": ""https://www.shimoi.or.jp/medica/dansei_gairai""}, {""reason"": ""HTTP 406。手動で確認してください。"", ""url"": ""https://www.shimoi.or.jp/medica/dd""}, {""reason"": ""HTTP 406。手動で確認してください。"", ""url"": ""https://www.shimoi.or.jp/medica/gifted""}, {""reason"": ""HTTP 406。手動で確認してください。"", ""url"": ""https://www.shimoi.or.jp/medica/recruit""}]",,
255,医療法人社団　吉田クリニック　千代田クリニック,東京都,2020-03-01,https://www.chiyoda-clinic-internalmedicine-rheumatology.com/,https://www.chiyoda-clinic-internalmedicine-rheumatology.com/,SUCCESS,VERIFIED,C,7,,吉田　友子,,,,UNKNOWN,厚生局指定年月日 2020-03-01 を確認（年齢は直接算出不可）,0,,,通常,電話番号一致 / 医院名がページ見出しに一致,"[{""reason"": ""robots.txtで取得が許可されていません。"", ""url"": ""https://www.chiyoda-clinic-internalmedicine-rheumatology.com/j/privacy""}, {""reason"": ""別ドメインへのリダイレクトを停止しました。"", ""url"": ""https://www.chiyoda-clinic-internalmedicine-rheumatology.com/login""}]",,
260,ＭＡＲＵ　ＢＹ　ＴＯＫＹＯ　ＢＵＳＩＮＥＳＳ　ＣＬＩＮＩＣ,東京都,2020-08-01,https://www.maru.clinic/,https://www.maru.clinic/,SUCCESS,VERIFIED,A,12,ED,金川　修造,,,,UNKNOWN,厚生局指定年月日 2020-08-01 を確認（年齢は直接算出不可）,1,Instagram公式運用,Instagram公式運用｜https://www.instagram.com/maru_bytbc/,集客投資シグナルあり,電話番号一致 / 医院名がページ見出しに一致 / 住所一致,[],,
261,医療法人社団　八橋会　飯田橋耳鼻咽喉科医院,東京都,2020-07-01,http://iidabashijibika.com/,https://iidabashijibika.com/,SUCCESS,VERIFIED,C,7,,和多田　有紀子,,,,UNKNOWN,厚生局指定年月日 2020-07-01 を確認（年齢は直接算出不可）,2,LINE公式運用 / オンライン診療,LINE公式運用｜https://lin.ee/JdfASNr / オンライン診療｜オンライン診療 → https://iidabashijibika.com/online_practice/,アツい,電話番号一致 / 医院名がページ見出しに一致,[],,
262,内幸町眼科,東京都,2020-07-01,http://www.uchisaiwaicho-ganka.com/original5.html,https://uchisaiwaicho-ganka.com/guide.html,SUCCESS,VERIFIED,C,7,,舟木　智佳,,,,UNKNOWN,厚生局指定年月日 2020-07-01 を確認（年齢は直接算出不可）,0,,,通常,電話番号一致 / 医院名がページ見出しに一致,[],,
265,医療法人社団　千禮会　千代田漢方内科クリニック,東京都,2020-09-01,http://www.chiyodakampo.com/,https://www.chiyodakampo.com/,SUCCESS,VERIFIED,B,10,,信川　益明,,,,UNKNOWN,厚生局指定年月日 2020-09-01 を確認（年齢は直接算出不可）,0,,,通常,電話番号一致 / 医院名がページ見出しに一致,"[{""reason"": ""HTTP 404。手動で確認してください。"", ""url"": ""https://www.chiyodakampo.com/02inquiry/sh-sikkan.html""}, {""reason"": ""HTTP 404。手動で確認してください。"", ""url"": ""https://www.chiyodakampo.com/02inquiry/cl-jikan.html""}, {""reason"": ""HTTP 404。手動で確認してください。"", ""url"": ""https://www.chiyodakampo.com/02inquiry/ju-yoyaku.html""}, {""reason"": ""HTTP 404。手動で確認してください。"", ""url"": ""https://www.chiyodakampo.com/02inquiry/cl-access.html""}]",,
268,ひろばストレスケアクリニック,東京都,2020-11-01,https://hiroba-care.jp/,https://hiroba-care.jp/,SUCCESS,VERIFIED,C,5,,木田　涼,,,,UNKNOWN,厚生局指定年月日 2020-11-01 を確認（年齢は直接算出不可）,0,,,通常,電話番号一致 / 医院名がページ見出しに一致 / 住所一致 / 院長名一致,[],,
269,医療法人社団　有洸会　三番町クリニック,東京都,2020-09-11,http://www.sanban.net/,https://sanban.net/,SUCCESS,VERIFIED,B,8,,西野　輝泰,,,,UNKNOWN,厚生局指定年月日 2020-09-11 を確認（年齢は直接算出不可）,0,,,通常,電話番号一致 / 医院名がページ見出しに一致 / 住所一致 / 院長名一致,[],,
270,医療法人社団　ウェルエイジング　クレアージュ東京エイジングケアクリニック,東京都,2020-12-01,https://www.womenshealth-tokyo.com/clinic/tokyo/,https://www.womenshealth-tokyo.com/clinic/tokyo/,SUCCESS,VERIFIED,A,12,皮膚科,濵中　聡子,,,,UNKNOWN,厚生局指定年月日 2020-12-01 を確認（年齢は直接算出不可）,3,Instagram公式運用 / LINE公式運用 / オンライン診療,Instagram公式運用｜https://www.instagram.com/creagetokyo/ / LINE公式運用｜https://lin.ee/ccAiFyQ / オンライン診療｜当院では、感染症対策のため オンライン診療 を行っております。 全国の患者様にご利用いただけます。 オンライン診断について 詳しくはこちら 当院では、感染症対策のため オンライン診療 を行っております。 全国の患者様にご利用いただけます。 オンライン診断について 詳しくはこちら → https://www.womenshealth-tokyo.com/online/,かなりアツい,電話番号一致 / 医院名がページ見出しに一致,[],,
272,神田痛みのクリニック,東京都,2020-11-01,https://kic-med.com/,https://kic-med.com/,SUCCESS,VERIFIED,C,7,,塩澤　正之,,,,UNKNOWN,厚生局指定年月日 2020-11-01 を確認（年齢は直接算出不可）,2,Instagram公式運用 / オンライン診療,Instagram公式運用｜https://www.instagram.com/kic_med/ / オンライン診療｜オンライン診療 オンライン診療 → https://telemedicine.tokyo/,アツい,電話番号一致 / 医院名がページ見出しに一致,"[{""reason"": ""HTTP 404。手動で確認してください。"", ""url"": ""https://kic-med.com/treatment/ownexpense/""}]",,
273,医療法人社団　雄仁会　メディカルケア大手町,東京都,2020-11-01,https://medcare-tora.com/,https://medcare-tora.com/,SUCCESS,VERIFIED,C,7,,岡本　龍也,,,,REVIEW,UNKNOWN,1,漫画コンテンツ,漫画コンテンツ｜https://medcare-tora.com/naomashi/,集客投資シグナルあり,電話番号一致 / 医院名がページ見出しに一致,[],,
275,明治大学子どものこころクリニック,東京都,2021-01-01,https://www.meiji.ac.jp/mhc/index.html,https://www.meiji.ac.jp/mhc/index.html,SUCCESS,VERIFIED,B,8,,山登　敬之,,,,UNKNOWN,厚生局指定年月日 2021-01-01 を確認（年齢は直接算出不可）,0,,,通常,医院名がページ見出しに一致 / 住所一致,[],,
278,鉄鋼ビル丸の内クリニック,東京都,2021-01-01,https://www.t-m-c.org/,https://www.t-m-c.org/,SUCCESS,VERIFIED,A,12,内視鏡,荒井　吉則,,,,UNKNOWN,厚生局指定年月日 2021-01-01 を確認（年齢は直接算出不可）,0,,,通常,電話番号一致 / 医院名がページ見出しに一致,[],,
279,東京神田健康クリニック,東京都,2021-02-01,https://tokyo-kanda-kenko-clinic.com/,https://tokyo-kanda-kenko-clinic.com/,SUCCESS,VERIFIED,B,9,,田中　秀治,,,,UNKNOWN,厚生局指定年月日 2021-02-01 を確認（年齢は直接算出不可）,2,LINE公式運用 / オンライン診療,LINE公式運用｜https://line.me/R/ti/p/@206lyfqn / オンライン診療｜コンテンツにスキップ コンテンツにスキップ 診療内容一覧 医院ガイド お知らせ よくある質問 アクセス お問合わせ TOP 診療内容一覧 医院ガイド アクセス よくある質問 お問い合わせ オンライン診療 オンライン診療予約 現時点で考えられる、 最良の医療を提供。 当院のご紹介動画 東京神田健康クリニックでは、患者さま → https://tokyo-kanda-kenko-clinic.com/#content,アツい,電話番号一致 / 医院名がページ見出しに一致,"[{""reason"": ""HTTP 404。手動で確認してください。"", ""url"": ""https://tokyo-kanda-kenko-clinic.com/faq""}]",,
281,神保町整形外科,東京都,2021-03-01,https://jimbocho-seikei.com/,https://jimbocho-seikei.com/,SUCCESS,VERIFIED,B,9,,板倉　剛,2006,,99.8%,MODEL_ESTIMATE,https://jimbocho-seikei.com/blog/5456,2,Medical DOC掲載 / オンライン診療,Medical DOC掲載｜病気・治療の情報や医療機関の検索なら Medical Doc → https://medicaldoc.jp/m/recommend-m/tokyo-orthopedic/ / オンライン診療｜ご自宅から診療可能オンライン診療はこちら → https://jimbocho-seikei.com/online/,アツい,電話番号一致 / 医院名がページ見出しに一致 / 院長名一致,"[{""reason"": ""HTTP 404。手動で確認してください。"", ""url"": ""https://jimbocho-seikei.com/treatment/""}]",,
282,医療法人社団　渡航者健診クリニック,東京都,2021-03-01,https://tokou-clinic.com/,https://tokou-clinic.com/,SUCCESS,VERIFIED,C,5,,宮島　真希子,,,,UNKNOWN,厚生局指定年月日 2021-03-01 を確認（年齢は直接算出不可）,0,,,通常,電話番号一致 / 医院名がページ見出しに一致,[],,
283,医療法人社団　Ｎｏｂｉｓｕｋｏ　半蔵門のびすここどもクリニック,東京都,2021-04-01,https://nobisuko.jp/,https://nobisuko.jp/,SUCCESS,VERIFIED,B,8,,河嶌　美穂,2003,,99.7%,MODEL_ESTIMATE,https://nobisuko.jp/%e5%8c%bb%e5%b8%ab%e7%b4%b9%e4%bb%8b,1,オンライン診療,オンライン診療｜オンライン診療 オンライン診療 → https://nobisuko.jp/%e3%82%aa%e3%83%b3%e3%83%a9%e3%82%a4%e3%83%b3%e8%a8%ba%e7%99%82,集客投資シグナルあり,電話番号一致 / 医院名がページ見出しに一致 / 住所一致,[],,
284,とちの木通り診療所,東京都,2021-04-01,http://tochinoki-dori.jp/,https://tochinoki-dori.jp/,SUCCESS,VERIFIED,C,4,,大久保　博美,,,,UNKNOWN,厚生局指定年月日 2021-04-01 を確認（年齢は直接算出不可）,1,HP制作会社の制作実績,HP制作会社の制作実績｜DEPOC All Rights Reserved. Produced by DEPOC → https://www.depoc-medical.jp/,集客投資シグナルあり,電話番号一致 / 医院名がページ見出しに一致,[],,
285,山中　内科・リウマチ科クリニック,東京都,2021-05-01,https://ymrcl.com/,https://ymrcl.com/,SUCCESS,VERIFIED,C,7,,山中　健次郎,,,,UNKNOWN,厚生局指定年月日 2021-05-01 を確認（年齢は直接算出不可）,1,オンライン診療,オンライン診療｜コンテンツに移動 コンテンツに移動 ナビゲーションに移動 神田小川町の 内科、リウマチ・膠原病科 クリニックです。 03-5280-1371 TOP お知らせ 診療案内 医師紹介 クリニックのご紹介 交通案内 診療の予約 オンライン診療 病気の説明 Previous Next 千代田区神田小川町に2021年5月6日（木 → https://ymrcl.com/#main,集客投資シグナルあり,電話番号一致 / 医院名がページ見出しに一致,"[{""reason"": ""接続・SSL・タイムアウトのエラーです。"", ""url"": ""https://ymrcl.com/important/946/""}]",,
287,しぶや甲状腺クリニック,東京都,2021-05-01,http://shibuya-thyroid.com/index.html,https://shibuya-thyroid.com/,SUCCESS,VERIFIED,B,9,,渋谷　洋,,,,UNKNOWN,厚生局指定年月日 2021-05-01 を確認（年齢は直接算出不可）,1,LINE公式運用,LINE公式運用｜https://lin.ee/RoMfLHz,集客投資シグナルあり,電話番号一致 / 医院名がページ見出しに一致 / 院長名一致,[],,
289,女性のための整形外科かおるこＨａｐｐｙクリニック,東京都,2021-07-01,https://kaoruko-happyclinic.com/,https://kaoruko-happyclinic.com/,SUCCESS,VERIFIED,B,9,,伊藤　薫子,2002,,99.3%,MODEL_ESTIMATE,https://kaoruko-happyclinic.com/doctor/,1,Instagram公式運用,Instagram公式運用｜https://www.instagram.com/kaorukohappyclinic/,集客投資シグナルあり,電話番号一致 / 医院名がページ見出しに一致 / 院長名一致,[],,
290,医療法人　優美会　お茶の水美容形成クリニック,東京都,2021-07-01,https://www.ochanomizubiyou.com/,https://www.ochanomizubiyou.com/,SUCCESS,VERIFIED,A,12,内視鏡 / 男性更年期 / 皮膚科,山田　淳生,,,,REVIEW,UNKNOWN,3,YouTube公式運用 / Instagram公式運用 / LINE公式運用,YouTube公式運用｜https://www.youtube.com/@dr.yoshii_ochanomizubiyou/featured / Instagram公式運用｜https://www.instagram.com/ochanomizubiyou/ / LINE公式運用｜https://lin.ee/NcvloeQ,かなりアツい,電話番号一致 / 医院名がページ見出しに一致 / 院長名一致,"[{""reason"": ""接続・SSL・タイムアウトのエラーです。"", ""url"": ""https://www.ochanomizubiyou.com/surgery/kuma/""}, {""reason"": ""接続・SSL・タイムアウトのエラーです。"", ""url"": ""https://www.ochanomizubiyou.com/surgery/naishikyo-facelift/""}]",,
291,九段坂内科消化器内科クリニック,東京都,2021-08-01,https://kudanzaka-clinic.jp/,https://kudanzaka-clinic.jp/,SUCCESS,VERIFIED,B,11,内視鏡 / 糖尿病,中尾　圭介,,,,UNKNOWN,厚生局指定年月日 2021-08-01 を確認（年齢は直接算出不可）,2,Doctors File掲載 / オンライン診療,Doctors File掲載｜ドクターズ・ファイル → https://doctorsfile.jp/h/200089/df/1/ / オンライン診療｜オンライン診療 オンライン診療 → https://clinics-app.com/clinic/676e44f1ae63d522d717725a/reservation?method=online,アツい,電話番号一致 / 医院名がページ見出しに一致,[],,
293,富士見スキンクリニック飯田橋,東京都,2021-09-01,https://www.fujimiskin.com/,https://www.fujimiskin.com/,SUCCESS,VERIFIED,A,14,皮膚科,小渕　英里,,,,UNKNOWN,厚生局指定年月日 2021-09-01 を確認（年齢は直接算出不可）,1,治療専用LP,治療専用LP｜医院名と電話/住所を確認,集客投資シグナルあり,電話番号一致 / 医院名がページ見出しに一致 / 院長名一致,[],,
294,神田駅前クリニック内科,東京都,2021-10-01,https://www.kandacli.com/,https://www.kandacli.com/,SUCCESS,VERIFIED,B,10,男性更年期,遠藤　広史,,,,UNKNOWN,厚生局指定年月日 2021-10-01 を確認（年齢は直接算出不可）,1,Medical DOC掲載,Medical DOC掲載｜当クリニックがMedical DOCニュースに取り上げられました。 当クリニックがMedical DOCニュースに取り上げられました。 → https://medicaldoc.jp/m/column-m/202201p2151/,集客投資シグナルあり,電話番号一致 / 医院名がページ見出しに一致,"[{""reason"": ""HTTP 429。手動で確認してください。"", ""url"": ""https://www.kandacli.com/aga-fphl""}, {""reason"": ""アクセス制限があるため、このサイトの取得を停止しました。"", ""url"": ""https://www.kandacli.com/施設基準および診療報酬に係る院内掲示について""}, {""reason"": ""アクセス制限があるため、このサイトの取得を停止しました。"", ""url"": ""https://www.kandacli.com/access""}, {""reason"": ""アクセス制限があるため、このサイトの取得を停止しました。"", ""url"": ""https://www.kandacli.com/doctors""}, {""reason"": ""アクセス制限があるため、このサイトの取得を停止しました。"", ""url"": ""https://www.kandacli.com/診療用語""}, {""reason"": ""アクセス制限があるため、このサイトの取得を停止しました。"", ""url"": ""https://www.kandacli.com""}, {""reason"": ""アクセス制限があるため、このサイトの取得を停止しました。"", ""url"": ""https://www.kandacli.com/開院\u0000\u0000お知らせ""}, {""reason"": ""アクセス制限があるため、このサイトの取得を停止しました。"", ""url"": ""https://www.kandacli.com/内科""}, {""reason"": ""アクセス制限があるため、このサイトの取得を停止しました。"", ""url"": ""https://www.kandacli.com/post-covid19""}, {""reason"": ""アクセス制限があるため、このサイトの取得を停止しました。"", ""url"": ""https://www.kandacli.com/インフルエンザワクチン""}, {""reason"": ""アクセス制限があるため、このサイトの取得を停止しました。"", ""url"": ""https://www.kandacli.com/新型コロナウイルスワクチン""}, {""reason"": ""アクセス制限があるため、このサイトの取得を停止しました。"", ""url"": ""https://www.kandacli.com/発熱外来""}, {""reason"": ""アクセス制限があるため、このサイトの取得を停止しました。"", ""url"": ""https://www.kandacli.com/抗体量測定""}, {""reason"": ""アクセス制限があるため、このサイトの取得を停止しました。"", ""url"": ""https://www.kandacli.com/陰性の確認""}, {""reason"": ""アクセス制限があるため、このサイトの取得を停止しました。"", ""url"": ""https://www.kandacli.com/睡眠障害-不眠症""}, {""reason"": ""アクセス制限があるため、このサイトの取得を停止しました。"", ""url"": ""https://www.kandacli.com/男性更年期障害""}, {""reason"": ""アクセス制限があるため、このサイトの取得を停止しました。"", ""url"": ""https://www.kandacli.com/s-projects-side-by-side""}, {""reason"": ""アクセス制限があるため、このサイトの取得を停止しました。"", ""url"": ""https://www.kandacli.com/院内紹介""}, {""reason"": ""アクセス制限があるため、このサイトの取得を停止しました。"", ""url"": ""https://www.kandacli.com/blog""}]",,
296,医療法人社団　光羅会　飯田橋藤原眼科,東京都,2021-10-01,https://www.iidabashi-ganka.com/,https://www.iidabashi-ganka.com/,SUCCESS,VERIFIED,A,13,白内障 / 緑内障 / ICL,永井　瑞希,,,,UNKNOWN,厚生局指定年月日 2021-10-01 を確認（年齢は直接算出不可）,1,Instagram公式運用,Instagram公式運用｜https://www.instagram.com/blepharoplasty.masaru/,集客投資シグナルあり,電話番号一致 / 医院名がページ見出しに一致,[],,
298,医療法人社団　多久美会　みきクリニック市ヶ谷,東京都,2021-11-01,http://www.miki-beauty.com/,https://miki-beauty.com/,SUCCESS,VERIFIED,A,12,皮膚科,菱沼　茂之,1995,,94.6%,MODEL_ESTIMATE,https://miki-beauty.com/,2,LINE公式運用 / オンライン診療,LINE公式運用｜https://lin.ee/ZSVQbyE / オンライン診療｜オンライン診療 オンライン診療 → https://clinics-app.com/clinic/6062d91b7c5adc1a90fdf52a,アツい,電話番号一致 / 医院名がページ見出しに一致 / 院長名一致,[],,
299,医療法人社団　ＦＡＭ　麹町皮ふ科・形成外科クリニック,東京都,2021-10-01,https://kojihifu.com/,https://kojihifu.com/,SUCCESS,VERIFIED,A,12,皮膚科,坂本　淳,,,,UNKNOWN,厚生局指定年月日 2021-10-01 を確認（年齢は直接算出不可）,3,YouTube公式運用 / Instagram公式運用 / LINE公式運用,YouTube公式運用｜https://www.youtube.com/channel/UC-4assorK-poJFZeH-nU_Ug/videos / Instagram公式運用｜https://www.instagram.com/kojihifukeisei/ / LINE公式運用｜https://lin.ee/GkuTO08,かなりアツい,電話番号一致 / 医院名がページ見出しに一致,[],,
300,医療法人社団　圭徳会　秋葉原いずみクリニック,東京都,2021-10-01,https://www.zenjinkai-group.jp/tojinkai/clinic/akihabara-izumi/,https://www.zenjinkai-group.jp/keitokukai/clinic/akihabara-izumi/,SUCCESS,VERIFIED,C,7,,柴田　祐子,,,,UNKNOWN,厚生局指定年月日 2021-10-01 を確認（年齢は直接算出不可）,1,オンライン診療,オンライン診療｜患者さまのサポート 患者さまのサポート 患者さまのサポートトップ 入院について 電話相談 シャントトラブル発生時のサポート 栄養相談 生活相談 無料送迎サービス きれいな透析液 合併症対策 腎Webカルテ オンライン診療について → https://www.zenjinkai-group.jp/support/,集客投資シグナルあり,電話番号一致 / 医院名がページ見出しに一致,[],,
301,神田ウィメンズクリニック,東京都,2021-11-01,https://kandawomens.com/,https://kandawomens.com/,SUCCESS,VERIFIED,B,10,,清水　真弓,,,,UNKNOWN,厚生局指定年月日 2021-11-01 を確認（年齢は直接算出不可）,1,Instagram公式運用,Instagram公式運用｜https://www.instagram.com/kandawomens/,集客投資シグナルあり,電話番号一致 / 医院名がページ見出しに一致,[],,
303,医療法人社団　エス・セットクリニック,東京都,2022-02-01,https://sset-clinic.com/,https://sset-clinic.com/,SUCCESS,VERIFIED,B,10,男性更年期,中條　弘隆,,,,UNKNOWN,厚生局指定年月日 2022-02-01 を確認（年齢は直接算出不可）,0,,,通常,電話番号一致 / 医院名がページ見出しに一致 / 院長名一致,[],,
305,三崎町青木皮膚科,東京都,2021-12-27,https://www.aoki-hifuka.info/,https://www.aoki-hifuka.info/,SUCCESS,VERIFIED,B,11,皮膚科,青木　見佳子,,,,REVIEW,UNKNOWN,1,HP制作会社の制作実績,HP制作会社の制作実績｜皮膚科ホームページ制作 (C) 三崎町青木皮膚科（水道橋駅・神保町駅） 皮膚科ホームページ制作 → https://tokuraku.jp/,集客投資シグナルあり,電話番号一致 / 医院名がページ見出しに一致,[],,
306,北原皮膚科クリニック,東京都,2022-02-01,https://kitahara-hifuka-cl.com/,https://kitahara-hifuka-cl.com/,SUCCESS,VERIFIED,A,13,皮膚科,北原　博一,2013,,100.0%,MODEL_ESTIMATE,https://kitahara-hifuka-cl.com/doctor.html,2,Instagram公式運用 / オンライン診療,Instagram公式運用｜https://www.instagram.com/kitaharadermatologyclinic/ / オンライン診療｜オンライン診療 オンライン診療 → https://kitahara-hifuka-cl.com/telemedicine.html,アツい,電話番号一致 / 医院名がページ見出しに一致 / 住所一致 / 院長名一致,[],,
308,海上ビル診療所,東京都,2022-03-22,https://www.kbclinic.or.jp/,https://www.kbclinic.or.jp/,SUCCESS,VERIFIED,B,10,糖尿病 / 泌尿器科 / 皮膚科,高橋　和久,,,,UNKNOWN,厚生局指定年月日 2022-03-22 を確認（年齢は直接算出不可）,1,オンライン診療,オンライン診療｜外来診療 外来診療 診療科紹介（担当医一覧・休診代診のお知らせ） 診療申込書・問診票 予防接種のご案内 オンライン診療のご案内 外来受診に関する よくある質問 → https://www.kbclinic.or.jp/visitors/,集客投資シグナルあり,電話番号一致 / 医院名がページ見出しに一致,[],,
309,浦上小児内分泌・糖尿病クリニック,東京都,2022-05-01,https://www.urakami-clinic.com/,https://www.urakami-clinic.com/,SUCCESS,VERIFIED,A,12,糖尿病,浦上　達彦,1982,,0.0%,MODEL_ESTIMATE,https://www.urakami-clinic.com/staff/,1,Doctors File掲載,Doctors File掲載｜ドクターズファイル → https://doctorsfile.jp/h/202166/df/1/,集客投資シグナルあり,電話番号一致 / 医院名がページ見出しに一致,[],,
311,折戸クリニック,東京都,2022-06-01,http://www.oritoclinic.jp/,http://www.oritoclinic.jp/,SUCCESS,VERIFIED,B,8,,折戸　征也,2000,2002,99.3%,MODEL_ESTIMATE,厚生局/取込済み医籍登録年,1,オンライン診療,"オンライン診療｜予約URL #99【オンライン診療】いつもの処方; prescription by post/mail 郵送でお薬をお受け取りになられたい方；初診不可 原則として自由診療：ラベルフィーユ、ファボワール、トリキュラー、マーベロン 保険診療のピル処方については、事前に決まり事の説明を受けて、同意された方に限ります。+2,2 → https://qr.digikar-smart.jp/97d37ee9-4525-4696-b141-f3c53ae1017a/reserve?mid=e827e688-8e4e-457b-b994-4b3944fffe4d",集客投資シグナルあり,電話番号一致 / 医院名がページ見出しに一致,[],,
313,医療法人社団　光栄会　日比谷ガーデンクリニック,東京都,2022-05-02,https://www.hibiya-garden-clinic.com/,https://www.hibiya-garden-clinic.com/,SUCCESS,VERIFIED,C,6,,髙橋　栄,,,,UNKNOWN,厚生局指定年月日 2022-05-02 を確認（年齢は直接算出不可）,0,,,通常,電話番号一致 / 医院名がページ見出しに一致,[],,
314,医療法人社団　Ｎｏｂｉｓｕｋｏ　のびすこブランチ半蔵門,東京都,2022-07-01,https://nobisukobranch.jp/,https://nobisukobranch.jp/,SUCCESS,VERIFIED,B,8,,河嶌　讓,2005,,99.8%,MODEL_ESTIMATE,https://nobisukobranch.jp/%e5%8c%bb%e5%b8%ab%e3%83%bb%e5%bf%83%e7%90%86%e5%b8%ab%e7%b4%b9%e4%bb%8b,1,オンライン診療,オンライン診療｜診療内容 診療内容 診察（児童精神科） カウンセリング・ショートケア 集団プログラム 心理検査 関係機関（園・学校）連携 オンライン診療 海外オンライン相談 一般小児科・予防接種 Q&A（児童精神科） → https://nobisukobranch.jp/%e8%a8%ba%e7%99%82%e5%86%85%e5%ae%b9,集客投資シグナルあり,電話番号一致 / 医院名がページ見出しに一致,[],,
317,九段下耳鼻咽喉科クリニック,東京都,2022-10-01,https://www.kudanshita-ent.com/,https://www.kudanshita-ent.com/,SUCCESS,VERIFIED,C,6,,児玉　ひとみ,,,,UNKNOWN,厚生局指定年月日 2022-10-01 を確認（年齢は直接算出不可）,0,,,通常,電話番号一致 / 医院名がページ見出しに一致,[],,
318,シャーロットこども発達クリニック,東京都,2022-10-01,https://www.charlotte-kodomo.com/,https://www.charlotte-kodomo.com/,SUCCESS,VERIFIED,C,6,,相崎　貢一,,,,UNKNOWN,厚生局指定年月日 2022-10-01 を確認（年齢は直接算出不可）,1,オンライン診療,オンライン診療｜オンライン診療 → https://www.charlotte-kodomo.com/syoshin.html,集客投資シグナルあり,電話番号一致 / 医院名がページ見出しに一致 / 院長名一致,[],,
319,あきはばら心臓血管・内科,東京都,2022-10-01,https://akb-heart.clinic/,https://akb-heart.clinic/,SUCCESS,VERIFIED,B,8,糖尿病 / 循環器内科 / 皮膚科,山本　哲平,,,,UNKNOWN,厚生局指定年月日 2022-10-01 を確認（年齢は直接算出不可）,0,,,通常,電話番号一致 / 医院名がページ見出しに一致 / 院長名一致,[],,
320,ＬＳクリニック,東京都,2022-10-01,https://ls-cl.com/,https://ls-cl.com/,SUCCESS,VERIFIED,A,12,糖尿病 / ED,島　克司,,,,UNKNOWN,厚生局指定年月日 2022-10-01 を確認（年齢は直接算出不可）,3,Medical DOC掲載 / オンライン診療 / 治療専門サイト,Medical DOC掲載｜東京都の腎臓内科 おすすめしたい11医院 関連リンク（外部）： 東京都の腎臓内科 おすすめしたい11医院 → https://medicaldoc.jp/m/recommend-m/tokyo-nephrology/#clinic-2001108114 / オンライン診療｜◎当院では、オンライン診療のみでいずれも自宅で検査できます。 ◎当院では、オンライン診療のみでいずれも自宅で検査できます。 → https://ls-cl.com/medical/online.html / 治療専門サイト｜https://www.torii-alg.jp/slit/,かなりアツい,電話番号一致 / 医院名がページ見出しに一致,[],,
323,九段下駅前ココクリニック,東京都,2022-11-01,https://kudanshita.clinic/,https://kudanshita.clinic/,SUCCESS,VERIFIED,A,12,糖尿病 / 循環器内科,石井　聡,,,,UNKNOWN,厚生局指定年月日 2022-11-01 を確認（年齢は直接算出不可）,3,Doctors File掲載 / LINE公式運用 / オンライン診療,Doctors File掲載｜ → https://doctorsfile.jp/h/181385/hr/1/ / LINE公式運用｜https://lin.ee/gJPhNSH / オンライン診療｜Skip to content Skip to content ホーム 医院紹介 私達の理念 医師紹介 院内紹介 患者様へのお知らせ 医療機関・医療関係者の方へ 診療案内 内科 小児科 循環器内科 心療内科・精神科 生活習慣病 予防接種 PCR検査 新型コロナウイルス抗体検査 花粉症治療 禁煙外来 オンライン診療 アク → https://kudanshita.clinic/#content,かなりアツい,電話番号一致 / 医院名がページ見出しに一致,[],,
324,雪月花ビューティークリニック秋葉原,東京都,2023-01-01,https://setsugekka-beautyskin.jp/,https://setsugekka-beautyskin.jp/,SUCCESS,VERIFIED,B,8,,長井　志津佳,,,,UNKNOWN,厚生局指定年月日 2023-01-01 を確認（年齢は直接算出不可）,1,Instagram公式運用,Instagram公式運用｜https://www.instagram.com/setsugekka_beauty_clinic/,集客投資シグナルあり,電話番号一致 / 医院名がページ見出しに一致,[],,
329,よつばみらいクリニック,東京都,2023-03-01,https://yotsuba-mirai-cl.com/,https://yotsuba-mirai-cl.com/,SUCCESS,VERIFIED,C,7,,小野　正恵,,,,UNKNOWN,厚生局指定年月日 2023-03-01 を確認（年齢は直接算出不可）,0,,,通常,電話番号一致 / 医院名がページ見出しに一致,[],,
330,千代田加賀クリニック,東京都,2023-03-01,http://chiyodakaga-cl.com/,https://chiyodakaga-cl.com/,SUCCESS,VERIFIED,C,5,,加賀　文彩,,,,UNKNOWN,厚生局指定年月日 2023-03-01 を確認（年齢は直接算出不可）,0,,,通常,電話番号一致 / 医院名がページ見出しに一致 / 院長名一致,[],,
332,エセンティアクリニック,東京都,2023-04-01,https://essentia-clinic.com/,https://essentia-clinic.com/,SUCCESS,VERIFIED,B,8,,久保田　貞好,2000,2000,99.2%,MODEL_ESTIMATE,厚生局/取込済み医籍登録年,1,Instagram公式運用,Instagram公式運用｜https://www.instagram.com/essentia_clinic/,集客投資シグナルあり,電話番号一致 / 医院名がページ見出しに一致 / 住所一致,[],,
333,あさひレディスクリニック,東京都,2023-04-01,https://asahi-lc.jp/,https://asahi-lc.jp/,SUCCESS,VERIFIED,B,9,,張　士青（高橋　青子）,,,,UNKNOWN,厚生局指定年月日 2023-04-01 を確認（年齢は直接算出不可）,1,Doctors File掲載,Doctors File掲載｜doctors file banner → https://doctorsfile.jp/h/211895/,集客投資シグナルあり,電話番号一致 / 医院名がページ見出しに一致,[],,
334,医療法人社団　弘冨会　神田東クリニック,東京都,2023-03-01,https://www.iomhj.com/clinic/,https://www.iomhj.com/clinic/,SUCCESS,VERIFIED,C,7,,高野　知樹,,,,UNKNOWN,厚生局指定年月日 2023-03-01 を確認（年齢は直接算出不可）,0,,,通常,電話番号一致 / 医院名がページ見出しに一致 / 住所一致,[],,
335,秋葉原内科シンシアクリニック,東京都,2023-04-01,https://akihabara-sincere.com/,https://akihabara-sincere.com/,SUCCESS,VERIFIED,A,12,糖尿病 / 循環器内科,角田　昇隆,2014,,100.0%,MODEL_ESTIMATE,https://akihabara-sincere.com/,2,Doctors File掲載 / 地域ドクターズ掲載,Doctors File掲載｜秋葉原内科シンシアクリニック 院長 角田昇隆｜ドクターズファイル → https://doctorsfile.jp/h/212458/df/1/ / 地域ドクターズ掲載｜秋葉原内科シンシアクリニック 院長 角田昇隆｜東京ドクターズ → https://tokyo-doctors.com/clinicList/84490/interview/,アツい,電話番号一致 / 医院名がページ見出しに一致 / 院長名一致,[],,
336,聖堂前クリニック,東京都,2023-03-01,https://seidomae.com/,https://seidomae.com/,SUCCESS,VERIFIED,C,6,,木村　智城,,,,UNKNOWN,厚生局指定年月日 2023-03-01 を確認（年齢は直接算出不可）,1,Doctors File掲載,Doctors File掲載｜ドクターズファイル → https://doctorsfile.jp/h/179040/df/1/,集客投資シグナルあり,電話番号一致 / 医院名がページ見出しに一致 / 院長名一致,[],,
337,神田西口うちだ内科,東京都,2023-05-01,http://www.kanda-uchida.jp/,https://kanda-uchida.jp/,SUCCESS,VERIFIED,A,12,糖尿病 / 循環器内科,内田　俊也,,,,UNKNOWN,厚生局指定年月日 2023-05-01 を確認（年齢は直接算出不可）,3,Doctors File掲載 / 地域ドクターズ掲載 / オンライン診療,Doctors File掲載｜ドクターズファイルの記事から ドクターズファイルの記事から → https://doctorsfile.jp/h/212809/df/1/ / 地域ドクターズ掲載｜東京ドクターズの記事から 東京ドクターズの記事から → https://tokyo-doctors.com/clinicList/84703/interview/ / オンライン診療｜◆初診からオンライン診療いたします(発熱も) ◆初診からオンライン診療いたします(発熱も) → https://kanda-uchida.jp/uncategolized/%e6%96%b0%e6%82%a3%e3%81%a7%e3%82%82%e3%82%aa%e3%83%b3%e3%83%a9%e3%82%a4%e3%83%b3%e8%a8%ba%e7%99%82%e3%81%84%e3%81%9f%e3%81%97%e3%81%be%e3%81%99-2241.html,かなりアツい,電話番号一致 / 医院名がページ見出しに一致,[],,
340,千代田こころのクリニック,東京都,2023-06-01,https://chiyoda-kokoro.com/,https://chiyoda-kokoro.com/,SUCCESS,VERIFIED,C,5,,須田　潔子,,,,UNKNOWN,厚生局指定年月日 2023-06-01 を確認（年齢は直接算出不可）,0,,,通常,電話番号一致 / 医院名がページ見出しに一致,[],,
343,ＰＷＣ丸の内金沢内科クリニック,東京都,2023-08-01,https://personalwellnessclinic.com/insurance/,https://personalwellnessclinic.com/insurance/,SUCCESS,VERIFIED,C,7,,長谷　美智代,,,,UNKNOWN,厚生局指定年月日 2023-08-01 を確認（年齢は直接算出不可）,0,,,通常,電話番号一致 / 医院名がページ見出しに一致 / 院長名一致,[],,
345,ＨＩＣクリニック,東京都,2023-08-01,http://www.hicc.jp/,https://hicc.jp/,SUCCESS,VERIFIED,B,9,,平畑　徹幸,1974,,0.0%,MODEL_ESTIMATE,https://hicc.jp/,0,,,通常,電話番号一致 / 医院名がページ見出しに一致 / 院長名一致,"[{""reason"": ""HTTP 404。手動で確認してください。"", ""url"": ""https://hicc.jp/treatment/cp/""}, {""reason"": ""HTTP 404。手動で確認してください。"", ""url"": ""https://hicc.jp/treatment/idp/""}, {""reason"": ""HTTP 404。手動で確認してください。"", ""url"": ""https://hicc.jp/chn/treatment-items/""}, {""reason"": ""HTTP 404。手動で確認してください。"", ""url"": ""https://hicc.jp/chn/treatment-items/gene-diagnosis/""}, {""reason"": ""HTTP 404。手動で確認してください。"", ""url"": ""https://hicc.jp/chn/treatment-cost/""}]",,
346,医療法人社団　松　神田多町クリニック,東京都,2023-08-01,http://kandatacho-cl.jp/,http://kandatacho-cl.jp/,SUCCESS,VERIFIED,C,5,,赤松　将之,1991,,31.2%,MODEL_ESTIMATE,http://kandatacho-cl.jp/doctor.html,0,,,通常,電話番号一致 / 医院名がページ見出しに一致,[],,
347,お茶の水頭痛めまいクリニック,東京都,2023-09-01,https://ocha-zutsu.com/,https://ocha-zutsu.com/,SUCCESS,VERIFIED,A,12,白内障 / 緑内障,片桐　彰久,,,,UNKNOWN,厚生局指定年月日 2023-09-01 を確認（年齢は直接算出不可）,3,Medical DOC掲載 / 地域ドクターズ掲載 / Instagram公式運用,Medical DOC掲載｜ → https://medicaldoc.jp/m/recommend-m/tokyo-helmet-therapy/ / 地域ドクターズ掲載｜東京ドクターズ → https://tokyo-doctors.com/clinicList/85190/ / Instagram公式運用｜https://www.instagram.com/ocha_zutsu/,かなりアツい,電話番号一致 / 医院名がページ見出しに一致 / 院長名一致,[],,
348,水道橋駅前こばやし皮フ科形成外科,東京都,2023-09-01,https://www.suidobashi-hifuka.com/,https://www.suidobashi-hifuka.com/,SUCCESS,VERIFIED,A,12,ED / 皮膚科,小林　光,2006,,99.8%,MODEL_ESTIMATE,https://www.suidobashi-hifuka.com/doctor/,4,Doctors File掲載 / HP制作会社の制作実績 / Instagram公式運用 / LINE公式運用,Doctors File掲載｜DR.BRIDGE｜クリニックホームページ作成 クリニックホームページ制作 → https://doctorsfile.jp/h/214555/df/1/ / HP制作会社の制作実績｜DR.BRIDGE｜クリニックホームページ作成 クリニックホームページ制作 → https://www.dr-bridge.co.jp/ / Instagram公式運用｜https://www.instagram.com/misakijinja/ / LINE公式運用｜https://lin.ee/hQ21D67,かなりアツい,電話番号一致 / 医院名がページ見出しに一致 / 院長名一致,[],,
349,いんしょう日の出クリニック,東京都,2023-10-01,https://insho-hinode.jp/,https://insho-hinode.jp/,SUCCESS,VERIFIED,B,11,,関口　豊,,,,UNKNOWN,厚生局指定年月日 2023-10-01 を確認（年齢は直接算出不可）,2,Instagram公式運用 / LINE公式運用,Instagram公式運用｜https://www.instagram.com/insho_hinode_clinic/ / LINE公式運用｜https://lin.ee/kx962Rw,アツい,電話番号一致 / 医院名がページ見出しに一致 / 院長名一致,[],,
350,ＮｅｗＳｐｉｎｅクリニック東京,東京都,2023-10-01,https://new-spine.com/,https://www.new-spine.com/,SUCCESS,VERIFIED,B,11,,石井　賢,,,,UNKNOWN,厚生局指定年月日 2023-10-01 を確認（年齢は直接算出不可）,2,YouTube公式運用 / Instagram公式運用,YouTube公式運用｜https://www.youtube.com/@NewSpineClinicTokyo / Instagram公式運用｜https://www.instagram.com/newspineclinic_tokyo/,アツい,電話番号一致 / 医院名がページ見出しに一致 / 院長名一致,[],,
351,Ｔｅｒｒａファミリークリニック,東京都,2023-11-01,https://terradoctor.jp/,https://terradoctor.jp/,SUCCESS,VERIFIED,B,10,,寺下　謙三,1978,,0.0%,MODEL_ESTIMATE,https://terradoctor.jp/wpage/stuff.html,1,Doctors File掲載,Doctors File掲載｜診療内容 保険診療 一般外来 生活習慣病外来 採血検査 超音波検査 禁煙外来 消化器外来 睡眠時無呼吸症候群外来 もっと詳しく 自費診療部門 各種予防接種 スマートTerraドック 人間ドック解説外来 もっと詳しく 相談系自由診療 医療意思決定支援外来 人間ドック補強プログラム (Terra Support) もっと詳 → https://doctorsfile.jp/h/29794/df/1/,集客投資シグナルあり,電話番号一致 / 医院名がページ見出しに一致 / 住所一致,[],,
352,東京神田整形外科クリニック,東京都,2023-10-01,https://tokyo-seikeigeka.jp/,https://tokyo-seikeigeka.jp/,SUCCESS,VERIFIED,B,11,,田邊　雄,,,,REVIEW,UNKNOWN,5,Doctors File掲載 / YouTube公式運用 / TikTok公式運用 / LINE公式運用 / オンライン診療,Doctors File掲載｜下記リンク先 下記リンク先 → https://doctorsfile.jp/h/196212/mt/1/ / YouTube公式運用｜https://www.youtube.com/channel/UCEQRKkqT9wXW5J1WNkS-0Aw / TikTok公式運用｜https://www.tiktok.com/@shinchou.sensei / LINE公式運用｜https://lin.ee/oT39Zcc / オンライン診療｜オンライン診療 オンライン診療 → https://tokyo-seikeigeka.jp/%e3%82%aa%e3%83%b3%e3%83%a9%e3%82%a4%e3%83%b3%e8%a8%ba%e7%99%82%e4%bf%9d%e9%99%ba,かなりアツい,電話番号一致 / 医院名がページ見出しに一致 / 院長名一致,"[{""reason"": ""HTTP 404。手動で確認してください。"", ""url"": ""https://tokyo-seikeigeka.jp/%25E8%25BA%25AB%25E9%2595%25B7%25E5%25A4%2596%25E6%259D%25A5/height-treatment""}]",,
353,末広町ヒライ耳鼻咽喉科,東京都,2023-10-01,https://hirai-jibika.com/,https://hirai-jibika.com/,SUCCESS,VERIFIED,B,9,,平井　良治,,,,UNKNOWN,厚生局指定年月日 2023-10-01 を確認（年齢は直接算出不可）,2,YouTube公式運用 / オンライン診療,YouTube公式運用｜https://www.youtube.com/@%E6%9C%AB%E5%BA%83%E7%94%BA%E3%83%92%E3%83%A9%E3%82%A4%E8%80%B3%E9%BC%BB%E5%92%BD%E5%96%89%E7%A7%91 / オンライン診療｜https://apps.apple.com/jp/app/id1101684249 当院は新型コロナウイルス感染症を考慮して、オンライン診療を開始いたします。 再診の方に限らせていただきますが、まず下記の無料アプリ（クロン）をインストールして頂き、以降アプリの操作手順に従って頂きます。医療機関コードを求められますので → https://apps.apple.com/jp/app/id1101684249,アツい,電話番号一致 / 医院名がページ見出しに一致,[],,
354,東京胃腸肛門内視鏡クリニック神田日本橋院,東京都,2023-11-01,https://www.gutclinic-tokyo.jp/,https://www.gutclinic-tokyo.jp/,SUCCESS,VERIFIED,A,14,内視鏡,三浦　みき,,,,UNKNOWN,厚生局指定年月日 2023-11-01 を確認（年齢は直接算出不可）,7,Doctors File掲載 / HP制作会社の制作実績 / AIチャット導入 / Instagram公式運用 / LINE公式運用 / オンライン診療 / 漫画コンテンツ,Doctors File掲載｜ → https://doctorsfile.jp/h/215265/df/1/ / HP制作会社の制作実績｜DR.BRIDGE｜クリニックホームページ作成 クリニックホームページ制作 → https://www.dr-bridge.co.jp/ / AIチャット導入｜AIの明記とウィジェットを確認 / Instagram公式運用｜https://www.instagram.com/tokyo_gut_clinic/ / LINE公式運用｜https://line.me/R/ti/p/@369zeijh?from=page&accountId=369zeijh / オンライン診療｜お忙しい方のために 土曜・日曜診療、検査日前後の オンライン診療対応可能 READ MORE 遠隔診療に対応 遠隔診療に対応 お忙しい方のために 土曜・日曜診療、検査日前後の オンライン診療対応可能 READ MORE → https://www.gutclinic-tokyo.jp/online/ / 漫画コンテンツ｜https://www.gutclinic-tokyo.jp/comic_daichou/,かなりアツい,電話番号一致 / 医院名がページ見出しに一致,[],,
355,ＭＴＸスポーツ・関節クリニック,東京都,2023-10-01,https://mtx-clinic.jp/,https://mtx-clinic.jp/,SUCCESS,VERIFIED,B,9,,菅野　由梨加,,,,UNKNOWN,厚生局指定年月日 2023-10-01 を確認（年齢は直接算出不可）,2,Instagram公式運用 / LINE公式運用,Instagram公式運用｜https://www.instagram.com/dr.ata_mtx_omap/ / LINE公式運用｜https://lin.ee/Np9E8TU,アツい,電話番号一致 / 医院名がページ見出しに一致 / 住所一致,[],,
358,有楽町駅前眼科,東京都,2023-11-01,http://www.yurakucho-ganka.jp/,https://www.yurakucho-ganka.jp/,SUCCESS,VERIFIED,C,6,,深澤　あゆみ,,,,UNKNOWN,厚生局指定年月日 2023-11-01 を確認（年齢は直接算出不可）,0,,,通常,電話番号一致 / 医院名がページ見出しに一致,[],,
359,医療法人社団　裕健会　神田駅東口クリニック,東京都,2023-12-01,https://east.kanda.or.jp/,https://east.kanda.or.jp/,SUCCESS,VERIFIED,B,10,糖尿病 / 循環器内科,三浦　元宏,,,,UNKNOWN,厚生局指定年月日 2023-12-01 を確認（年齢は直接算出不可）,0,,,通常,電話番号一致 / 医院名がページ見出しに一致 / 院長名一致,[],,
360,Ｔｏｋｙｏ　Ｓｔａｔｉｏｎ　Ｉｎｔｅｒｎａｔｉｏｎａｌ　Ｃｌｉｎｉｃ,東京都,2024-01-01,https://www.international-clinic.tokyo/,https://www.international-clinic.tokyo/,SUCCESS,VERIFIED,C,6,,田　陽,,,,UNKNOWN,厚生局指定年月日 2024-01-01 を確認（年齢は直接算出不可）,1,オンライン診療,オンライン診療｜Medical Hours Medical Hours Icon Medical Hours Language Payment Reserve Telemedicine Medical Certificate Test Symptoms Others → https://www.international-clinic.tokyo/faq/#medical-hours,集客投資シグナルあり,電話番号一致 / 医院名がページ見出しに一致,[],,
361,東京ビジネスクリニック　グランスタ丸の内,東京都,2023-12-01,https://www.businessclinic.tokyo/gransta-marunouchi,https://www.businessclinic.tokyo/gransta-marunouchi,SUCCESS,VERIFIED,B,10,ED / 皮膚科,小岩井　和樹,,,,UNKNOWN,厚生局指定年月日 2023-12-01 を確認（年齢は直接算出不可）,1,オンライン診療,オンライン診療｜オンライン診療 オンライン診療 → https://www.businessclinic.tokyo/online,集客投資シグナルあり,電話番号一致 / 医院名がページ見出しに一致,[],,
362,Ｂｒｉｌｌｉａｎｔ　Ｃｌｉｎｉｃ　Ｔｏｋｙｏ,東京都,2024-04-01,https://brilliant-clinic.jp/,https://brilliant-clinic.jp/,SUCCESS,VERIFIED,A,12,泌尿器科 / 循環器内科,針生　恭一,,,,UNKNOWN,厚生局指定年月日 2024-04-01 を確認（年齢は直接算出不可）,3,Instagram公式運用 / LINE公式運用 / オンライン診療,Instagram公式運用｜https://www.instagram.com/brilliantclinictokyo?igsh=MTFmZ3Nra3k2cGE3eA%3D%3D&utm_source=qr / LINE公式運用｜https://line.me/R/ti/p/@833nisel?from=page&accountId=833nisel / オンライン診療｜オンライン診療科 オンライン診療科 → https://brilliant-clinic.jp/tax-medical/online/,かなりアツい,電話番号一致 / 医院名がページ見出しに一致,[],,
363,ちよだ内科クリニック,東京都,2024-03-01,https://chiyocli.online/,https://chiyocli.online/,SUCCESS,VERIFIED,B,11,糖尿病 / 皮膚科,鈴木　伝,,,,UNKNOWN,厚生局指定年月日 2024-03-01 を確認（年齢は直接算出不可）,3,YouTube公式運用 / TikTok公式運用 / Instagram公式運用,YouTube公式運用｜https://www.youtube.com/@online_chiyocli / TikTok公式運用｜https://www.tiktok.com/@online_chiyocli?_t=8lsBPlUTbu5&_r=1 / Instagram公式運用｜https://www.instagram.com/online_chiyocli/?igsh=MXNkajF5YWIyeHB3&utm_source=qr,かなりアツい,電話番号一致 / 医院名がページ見出しに一致 / 住所一致 / 院長名一致,[],,
364,お茶の水橋交番横クリニック,東京都,2024-06-01,https://ochanomizu-clinic.com/,https://ochanomizu-clinic.com/,SUCCESS,VERIFIED,A,12,糖尿病,渡邉　秀美代,,,,UNKNOWN,厚生局指定年月日 2024-06-01 を確認（年齢は直接算出不可）,0,,,通常,電話番号一致 / 医院名がページ見出しに一致 / 院長名一致,[],,
365,半蔵門　渡海消化器・内視鏡クリニック,東京都,2024-06-01,https://www.tokai-naishikyo.com/,https://www.tokai-naishikyo.com/,SUCCESS,VERIFIED,A,12,内視鏡,渡海　義隆,,,,UNKNOWN,厚生局指定年月日 2024-06-01 を確認（年齢は直接算出不可）,2,Medical DOC掲載 / HP制作会社の制作実績,Medical DOC掲載｜Medical DOC. → https://medicaldoc.jp/m/column-m/ta-202508e0005/ / HP制作会社の制作実績｜DR.BRIDGE｜クリニックホームページ制作 クリニックホームページ制作 → https://www.dr-bridge.co.jp/,アツい,電話番号一致 / 医院名がページ見出しに一致 / 住所一致 / 院長名一致,[],,
366,麹町消化器・内視鏡クリニック,東京都,2024-04-01,https://kojimachi-gc.com/,https://www.kojimachi-gc.com/,SUCCESS,VERIFIED,A,13,内視鏡,内田　寛,,,,UNKNOWN,厚生局指定年月日 2024-04-01 を確認（年齢は直接算出不可）,1,オンライン診療,オンライン診療｜21.検査結果を当日ではなく、電話やオンライン診療で後日、確認することはできますか？ 21.検査結果を当日ではなく、電話やオンライン診療で後日、確認することはできますか？ → https://www.kojimachi-gc.com/stomachqa/#link18,集客投資シグナルあり,電話番号一致 / 医院名がページ見出しに一致 / 住所一致 / 院長名一致,[],,
368,虎ノ門皮膚科・アレルギー科クリニック,東京都,2024-05-01,https://toranomon-sac.com/,https://toranomon-sac.com/,SUCCESS,VERIFIED,A,12,皮膚科,長田　真一,1988,,0.0%,MODEL_ESTIMATE,https://toranomon-sac.com/doctor/,1,地域ドクターズ掲載,地域ドクターズ掲載｜東京ドクターズ 院長インタビュー 東京ドクターズ 院長インタビュー → https://tokyo-doctors.com/clinicList/112094/interview,集客投資シグナルあり,電話番号一致 / 医院名がページ見出しに一致 / 院長名一致,[],,
370,こころサポートクリニック,東京都,2024-05-01,https://kokorosupport-clinic.com/,https://kokorosupport-clinic.com/,SUCCESS,VERIFIED,B,8,,平山　貴敏,,,,UNKNOWN,厚生局指定年月日 2024-05-01 を確認（年齢は直接算出不可）,2,Medical DOC掲載 / 地域ドクターズ掲載,Medical DOC掲載｜がん告知後のメンタルはどうなるのかご存じですか? 心のケアや不安との向き合い方も医師が解説 【執筆・監修記事】 医療従事者との良好なコミュニケーション | 卵巣がんとともに歩む | アストラゼネカ 卵巣がんの治療と生活に関する総合情報サイト (ransogan.jp) がん告知後のメンタルはどうなるのかご存じですか?  → https://medicaldoc.jp/m/column-m/202408p4527/ / 地域ドクターズ掲載｜平山 貴敏 院長｜こころサポートクリニック（小川町駅・精神科）｜東京ドクターズ 【インタビュー記事・動画】 平山 貴敏 院長｜こころサポートクリニック（小川町駅・精神科）｜東京ドクターズ 「こころサポートクリニック」の魅力と大切にしている医療方針｜ぱにらぼ こころに寄り添い続ける医療を―こころサポートクリニック 平山貴 → https://tokyo-doctors.com/clinicList/112095/interview/,アツい,電話番号一致 / 医院名がページ見出しに一致 / 院長名一致,[],,
372,お茶の水たかえすレディースクリニック,東京都,2024-05-01,https://ochanomizu-ladies.com/,https://ochanomizu-ladies.com/,SUCCESS,VERIFIED,B,11,,高江洲　陽太郎,,,,UNKNOWN,厚生局指定年月日 2024-05-01 を確認（年齢は直接算出不可）,2,Instagram公式運用 / LINE公式運用,Instagram公式運用｜https://www.instagram.com/ochanomizu_ladies?igsh=MWE1Y2QyMTYyYnNhNA== / LINE公式運用｜https://lin.ee/MKe3tt9,アツい,電話番号一致 / 医院名がページ見出しに一致 / 住所一致 / 院長名一致,[],,
374,ＣＬＡＳＳ　ＣＬＩＮＩＣ,東京都,2024-05-01,https://classclinic.jp/,https://classclinic.jp/,SUCCESS,VERIFIED,B,9,,松本　茂,,,,UNKNOWN,厚生局指定年月日 2024-05-01 を確認（年齢は直接算出不可）,4,Medical DOC掲載 / YouTube公式運用 / Instagram公式運用 / LINE公式運用,Medical DOC掲載｜Medical DOC 東京都×鼻整形 美容外科は、わずかな角度や1mmの違いで印象が変わる、非常に精密な医療です。骨格・筋肉・脂肪・皮膚の厚みといった解剖構造を理解し、微細なバランスを調整することで“自然で美しい仕上がり”が生まれます。 私はこれまで、鼻形成・フェイスリフト・注入治療など、構造理解が求められる領域に数 → https://medicaldoc.jp/m/recommend-m/tokyo-nose-surgery/#clinic-2001121107 / YouTube公式運用｜https://www.youtube.com/@shigeru.matsumoto / Instagram公式運用｜https://www.instagram.com/dr_shigeru/ / LINE公式運用｜https://line.me/R/ti/p/@449qabze?oat_content=url,かなりアツい,電話番号一致 / 医院名がページ見出しに一致 / 院長名一致,[],,
376,医療法人社団　ＡＳＡＣ　内山九段クリニック,東京都,2024-06-01,https://www.ukc-tokyo.com/,https://www.ukc-tokyo.com/,SUCCESS,VERIFIED,B,10,皮膚科,内山　清貴,,,,UNKNOWN,厚生局指定年月日 2024-06-01 を確認（年齢は直接算出不可）,1,Instagram公式運用,Instagram公式運用｜https://www.instagram.com/yokoasaaa/,集客投資シグナルあり,電話番号一致 / 医院名がページ見出しに一致,[],,
377,飯田橋みみ・はな・のどクリニック,東京都,2024-09-01,https://iidabashi-ent.com/,https://iidabashi-ent.com/,SUCCESS,VERIFIED,B,10,,石本　晋一,1992,,65.7%,MODEL_ESTIMATE,https://iidabashi-ent.com/doctor/,3,Medical DOC掲載 / 地域ドクターズ掲載 / LINE公式運用,Medical DOC掲載｜バナー → https://medicaldoc.jp/m/cm-medical/sudden-hearing-loss-treatment/ / 地域ドクターズ掲載｜東京ドクターズ インタビュー → https://tokyo-doctors.com/clinicList/112699/interview/ / LINE公式運用｜https://lin.ee/bhJOmDW,かなりアツい,電話番号一致 / 医院名がページ見出しに一致 / 院長名一致,[],,
380,医療法人社団　央美会　すずらんレディスクリニック,東京都,2024-08-01,https://huninsho.com/,https://huninsho.com/,SUCCESS,VERIFIED,B,8,,小野　美央子,1991,,31.2%,MODEL_ESTIMATE,https://huninsho.com/about/,1,LINE公式運用,LINE公式運用｜https://lin.ee/nTvspba,集客投資シグナルあり,電話番号一致 / 医院名がページ見出しに一致,[],,
383,はやしＡＲＴクリニック半蔵門,東京都,2024-09-01,https://hayashi-art.org/index.html,https://hayashi-art.org/index.html,SUCCESS,VERIFIED,B,8,,林　裕子,,,,REVIEW,UNKNOWN,4,Doctors File掲載 / マイナビ記事掲載 / HP制作会社の制作実績 / Instagram公式運用,Doctors File掲載｜クリニック・ドクターについての情報はこちら → https://doctorsfile.jp/h/219048/df/1/ / マイナビ記事掲載｜クリニック・ドクターについての情報はこちら → https://clinic.mynavi.jp/article/tokyo_ivf-et/ / HP制作会社の制作実績｜produced by FARO 東京都千代田区一番町10-2 はやしARTクリニック半蔵門 Copyright © はやしARTクリニック半蔵門 All rights reserved. produced by FARO → https://www.faro-co.jp/ / Instagram公式運用｜https://www.instagram.com/hayashiartclinic_hanzomon/?igsh=MWNhc3F6anZ5Y2c0Nw%3D%3D&utm_source=qr,かなりアツい,電話番号一致 / 医院名がページ見出しに一致 / 院長名一致,[],,
387,おおしまメンタルヘルスクリニック飯田橋,東京都,2024-12-01,https://o-mhclinic.com/,https://o-mhclinic.com/,SUCCESS,VERIFIED,C,7,,大島　一成,,,,UNKNOWN,厚生局指定年月日 2024-12-01 を確認（年齢は直接算出不可）,0,,,通常,電話番号一致 / 医院名がページ見出しに一致 / 住所一致 / 院長名一致,"[{""reason"": ""HTTP 404。手動で確認してください。"", ""url"": ""https://o-mhclinic.com/depression.html""}, {""reason"": ""HTTP 404。手動で確認してください。"", ""url"": ""https://o-mhclinic.com/panic.html""}, {""reason"": ""HTTP 404。手動で確認してください。"", ""url"": ""https://o-mhclinic.com/maladjustment.html""}, {""reason"": ""HTTP 404。手動で確認してください。"", ""url"": ""https://o-mhclinic.com/anxiety_disorder.html""}, {""reason"": ""HTTP 404。手動で確認してください。"", ""url"": ""https://o-mhclinic.com/bipolar.html""}, {""reason"": ""HTTP 404。手動で確認してください。"", ""url"": ""https://o-mhclinic.com/insomnia.html""}, {""reason"": ""HTTP 404。手動で確認してください。"", ""url"": ""https://o-mhclinic.com/schizophrenia.html""}, {""reason"": ""HTTP 404。手動で確認してください。"", ""url"": ""https://o-mhclinic.com/developmental_disorder.html""}, {""reason"": ""HTTP 404。手動で確認してください。"", ""url"": ""https://o-mhclinic.com/obsessive.html""}, {""reason"": ""HTTP 404。手動で確認してください。"", ""url"": ""https://o-mhclinic.com/autism_spectrum_disorder.html""}]",,
388,やさしい美容皮膚科・皮フ科　秋葉原院,東京都,2024-10-01,https://ui-chiho.clinic/,https://ui-chiho.clinic/,SUCCESS,VERIFIED,A,12,皮膚科,宇井　千穗,,,,UNKNOWN,厚生局指定年月日 2024-10-01 を確認（年齢は直接算出不可）,3,YouTube公式運用 / Instagram公式運用 / 漫画コンテンツ,YouTube公式運用｜https://www.youtube.com/channel/UCqqJzmfC7ERXQ7XZTS_mgVw / Instagram公式運用｜https://www.instagram.com/yasashiibiyouhifuka/ / 漫画コンテンツ｜https://ui-chiho.clinic/pdf/dermatology-manga.pdf?p=1789698653,かなりアツい,電話番号一致 / 医院名がページ見出しに一致,[],,
390,まいにちメンタルクリニック神田駅前院,東京都,2024-11-01,http://mainichi-mentalclinic.jp/,https://mainichi-mentalclinic.jp/,SUCCESS,VERIFIED,C,7,,佐々木　美和子,,,,UNKNOWN,厚生局指定年月日 2024-11-01 を確認（年齢は直接算出不可）,1,AIチャット導入,AIチャット導入｜チャットウィジェット埋込を確認,集客投資シグナルあり,電話番号一致 / 医院名がページ見出しに一致 / 住所一致 / 院長名一致,[],,
392,シンクヘルスクリニック,東京都,2024-12-01,https://synchealth-clinic.com/,https://synchealth-clinic.com/,SUCCESS,VERIFIED,A,12,糖尿病 / 皮膚科,岩佐　美穂,,,,UNKNOWN,厚生局指定年月日 2024-12-01 を確認（年齢は直接算出不可）,5,YouTube公式運用 / TikTok公式運用 / Instagram公式運用 / LINE公式運用 / オンライン診療,YouTube公式運用｜https://www.youtube.com/@%E3%82%B7%E3%83%B3%E3%82%AF%E3%83%98%E3%83%AB%E3%82%B9%E3%82%AF%E3%83%AA%E3%83%8B%E3%83%83%E3%82%AF / TikTok公式運用｜https://www.tiktok.com/@synchealth_clinic?_t=8qpdoJ1TD4D&_r=1 / Instagram公式運用｜https://www.instagram.com/synchealth_clinic?igsh=bGR3OG5xeTEyZWV2 / LINE公式運用｜https://line.me/R/ti/p/@461cvrsc?oat_content=url&ts=10251756 / オンライン診療｜診療内容一覧 オンライン診療 診療内容一覧 → https://synchealth-clinic.com/menu/item1605,かなりアツい,電話番号一致 / 医院名がページ見出しに一致,[],,
393,御茶の水クリニック,東京都,2024-11-01,https://ochacli.jp/,https://ochacli.jp/,SUCCESS,VERIFIED,B,8,,平沼　健,1987,,0.0%,MODEL_ESTIMATE,https://ochacli.jp/doctor/,0,,,通常,電話番号一致 / 医院名がページ見出しに一致 / 院長名一致,[],,
394,神田駅前レディースクリニック,東京都,2024-12-01,https://www.kanda-ladies.com/,https://kanda-ladies.com/,SUCCESS,VERIFIED,B,11,,山脇　真智,,,,UNKNOWN,厚生局指定年月日 2024-12-01 を確認（年齢は直接算出不可）,2,Instagram公式運用 / LINE公式運用,Instagram公式運用｜https://www.instagram.com/kanda_ekimaelc/ / LINE公式運用｜https://line.me/R/ti/p/@254vguja?ts=09191031&oat_content=url,アツい,電話番号一致 / 医院名がページ見出しに一致 / 住所一致 / 院長名一致,[],,
395,おおた循環器内科エコークリニック,東京都,2025-04-01,https://ota-echoclinic.com/,https://ota-echoclinic.com/,SUCCESS,VERIFIED,A,12,糖尿病 / 循環器内科,太田　光彦,,,,UNKNOWN,厚生局指定年月日 2025-04-01 を確認（年齢は直接算出不可）,1,Doctors File掲載,Doctors File掲載｜ → https://doctorsfile.jp/search/kw%E3%81%8A%E3%81%8A%E3%81%9F%E5%BE%AA%E7%92%B0%E5%99%A8%E5%86%85%E7%A7%91%E3%82%A8%E3%82%B3%E3%83%BC%E3%82%AF%E3%83%AA%E3%83%8B%E3%83%83%E3%82%AF/,集客投資シグナルあり,電話番号一致 / 医院名がページ見出しに一致 / 住所一致 / 院長名一致,[],,
399,あたまと体のヘルスケアクリニック神田,東京都,2024-12-11,http://atamato-karada.com/,https://atamato-karada.com/,SUCCESS,VERIFIED,B,11,,池田　拓磨,,,,UNKNOWN,厚生局指定年月日 2024-12-11 を確認（年齢は直接算出不可）,2,Instagram公式運用 / オンライン診療,Instagram公式運用｜https://www.instagram.com/atama_to_karada_clinic_kanda / オンライン診療｜全国オンライン相談 全国オンライン相談 オンライン診療のご利用方法 当院のオンライン診療 オンライン睡眠・いびき外来 → https://atamato-karada.com/online-consultation/,アツい,電話番号一致 / 医院名がページ見出しに一致 / 院長名一致,[],,
401,医療法人社団　躍心会　神田須田町皮膚科,東京都,2025-04-01,https://www.kandasuda.com/,https://www.kandasuda.com/,SUCCESS,VERIFIED,A,13,皮膚科,南川　研子,,,,UNKNOWN,厚生局指定年月日 2025-04-01 を確認（年齢は直接算出不可）,0,,,通常,電話番号一致 / 医院名がページ見出しに一致 / 住所一致,[],,
404,麹町駅前クリニック,東京都,2025-05-01,https://kojimachi-ekimaecl.com/,https://kojimachi-ekimaecl.com/,SUCCESS,VERIFIED,A,14,ED / 泌尿器科 / 皮膚科,菅原　陽,2016,2016,100.0%,MODEL_ESTIMATE,厚生局/取込済み医籍登録年,2,Doctors File掲載 / オンライン診療,Doctors File掲載｜ → https://doctorsfile.jp/h/221395/df/1/ / オンライン診療｜アクセス アクセス WEB予約 デジスマ診療についてのご案内 キャッシュレス決済 クレジットカードを予めご登録いただくと、 診察が終わり次第、すぐに会計に移行します。 QRチェックイン 来院時QRコードをスキャン頂くことで受付完了し 速やかに診察にご案内できます。 通院履歴の確認 年間を通じて医療費の計算ができ 医療費 → https://kojimachi-ekimaecl.com/access/,アツい,電話番号一致 / 医院名がページ見出しに一致,"[{""reason"": ""HTTP 404。手動で確認してください。"", ""url"": ""https://kojimachi-ekimaecl.com/access/お支払い方法/""}, {""reason"": ""HTTP 404。手動で確認してください。"", ""url"": ""https://kojimachi-ekimaecl.com/about/お支払い方法/""}, {""reason"": ""HTTP 404。手動で確認してください。"", ""url"": ""https://kojimachi-ekimaecl.com/clinic/お支払い方法/""}, {""reason"": ""HTTP 404。手動で確認してください。"", ""url"": ""https://kojimachi-ekimaecl.com/doctor/お支払い方法/""}, {""reason"": ""HTTP 404。手動で確認してください。"", ""url"": ""https://kojimachi-ekimaecl.com/about/innnai/お支払い方法/""}, {""reason"": ""HTMLページではありません。"", ""url"": ""https://kojimachi-ekimaecl.com/feed/""}, {""reason"": ""HTTP 404。手動で確認してください。"", ""url"": ""https://kojimachi-ekimaecl.com/med/自由診療/お支払い方法/""}]",,
405,神田メンタルクリニック,東京都,2025-05-01,https://www.kanda-mental.com/,https://www.kanda-mental.com/,SUCCESS,VERIFIED,B,10,,加藤　二郎,,,,UNKNOWN,厚生局指定年月日 2025-05-01 を確認（年齢は直接算出不可）,3,HP制作会社の制作実績 / LINE公式運用 / オンライン診療,HP制作会社の制作実績｜DR.BRIDGE｜クリニックホームページ制作 クリニックホームページ制作 → https://www.dr-bridge.co.jp/ / LINE公式運用｜https://lin.ee/efsaDSW / オンライン診療｜オンライン診療について オンライン診療について → https://www.kanda-mental.com/to-patients/#a07,かなりアツい,電話番号一致 / 医院名がページ見出しに一致,[],,
407,スリークラウンメディカル,東京都,2025-02-27,http://threecrown.jp/,http://threecrown.jp/index.html,SUCCESS,VERIFIED,C,5,,多喜田　理絵,,,,UNKNOWN,厚生局指定年月日 2025-02-27 を確認（年齢は直接算出不可）,0,,,通常,電話番号一致 / 医院名がページ見出しに一致,[],,
408,医療法人社団　健長会　お茶の水健康長寿クリニック,東京都,2025-04-01,https://ohlclinic.jp/,https://ohlclinic.jp/,SUCCESS,VERIFIED,C,7,,白澤　卓二,,,,UNKNOWN,厚生局指定年月日 2025-04-01 を確認（年齢は直接算出不可）,0,,,通常,電話番号一致 / 医院名がページ見出しに一致 / 院長名一致,[],,
409,船橋整形外科　番町クリニック,東京都,2025-06-01,https://bancho-seikei.jp/,https://bancho-seikei.jp/,SUCCESS,VERIFIED,B,8,,白土　英明,,,,UNKNOWN,厚生局指定年月日 2025-06-01 を確認（年齢は直接算出不可）,2,Instagram公式運用 / LINE公式運用,Instagram公式運用｜https://www.instagram.com/funabashi_bancho.sns/ / LINE公式運用｜https://line.me/R/ti/p/@087rzosq,アツい,電話番号一致 / 医院名がページ見出しに一致,[],,
410,神田駅前もんでん耳鼻咽喉科,東京都,2025-06-01,https://kanda-monden-jibi.jp/,https://kanda-monden-jibi.jp/,SUCCESS,VERIFIED,B,10,,門田　哲弥,2005,,99.8%,MODEL_ESTIMATE,https://kanda-monden-jibi.jp/,3,Doctors File掲載 / Medical DOC掲載 / LINE公式運用,Doctors File掲載｜ドクターズ・ファイル クリニックドクターについての情報はこちら → https://doctorsfile.jp/h/221749/df/1/ / Medical DOC掲載｜MedicalDOCに当院の情報を掲載しています → https://medicaldoc.jp/clinic/2001130470/ / LINE公式運用｜https://lin.ee/n9e5tew,かなりアツい,電話番号一致 / 医院名がページ見出しに一致 / 院長名一致,[],,
411,神田室町こころクリニック,東京都,2025-07-01,https://kanda-cocolo.com/,https://kanda-cocolo.com/,SUCCESS,VERIFIED,C,7,,田口　美月,2025,,100.0%,MODEL_ESTIMATE,https://kanda-cocolo.com/%e9%ab%98%e6%a9%8b%e4%b8%80%e5%bf%97,2,Instagram公式運用 / オンライン診療,Instagram公式運用｜https://www.instagram.com/kandacocolo/ / オンライン診療｜オンライン診療 オンライン診療 → https://kanda-cocolo.com/%e3%82%aa%e3%83%b3%e3%83%a9%e3%82%a4%e3%83%b3%e8%a8%ba%e7%99%82,アツい,電話番号一致 / 医院名がページ見出しに一致 / 院長名一致,[],,
412,お茶の水耳鼻咽喉科・アレルギー科,東京都,2025-04-01,https://ochanomizu-ent.com/,https://ochanomizu-ent.com/,SUCCESS,VERIFIED,C,6,,吉田　千栄子,,,,UNKNOWN,厚生局指定年月日 2025-04-01 を確認（年齢は直接算出不可）,1,オンライン診療,オンライン診療｜こちら クロン予約 当院にて対面診察を受けたことのある方に、クロンによるオンライン診療をご案内しております。 ・花粉症（アレルギー性鼻炎）のお薬 ・舌下免疫療法のお薬 オンライン診療で受診可否がわからない場合や、クロンの操作が難しい方は、お電話ください。 ★クロン予約方法は こちら ★マイナ保険証の登録は こちら → https://ochanomizu-ent.com/wpre/wp-content/uploads/2025/02/クロン予約.pdf,集客投資シグナルあり,電話番号一致 / 医院名がページ見出しに一致 / 住所一致,[],,
416,駿河台レディースクリニック,東京都,2025-05-01,https://surugadai-lc.com/,https://surugadai-lc.com/,SUCCESS,VERIFIED,B,10,,小野　修一,2005,,99.8%,MODEL_ESTIMATE,https://surugadai-lc.com/about/,2,Doctors File掲載 / LINE公式運用,Doctors File掲載｜Doctors File インタビュー記事 → https://doctorsfile.jp/h/213729/df/1/ / LINE公式運用｜https://line.me/R/ti/p/@596hkefb?from=page&accountId=596hkefb,アツい,電話番号一致 / 医院名がページ見出しに一致 / 院長名一致,[],,
418,飯田橋メンタルクリニック,東京都,2025-05-01,https://www.iidabashi-mental.jp/,https://www.iidabashi-mental.jp/,SUCCESS,VERIFIED,B,8,,三宅　永,,,,UNKNOWN,厚生局指定年月日 2025-05-01 を確認（年齢は直接算出不可）,2,Doctors File掲載 / 地域ドクターズ掲載,Doctors File掲載｜ドクターズファイル → https://doctorsfile.jp/h/29800/df/1/ / 地域ドクターズ掲載｜東京ドクターズ院長インタビュー → https://tokyo-doctors.com/clinicList/41607/interview/,アツい,電話番号一致 / 医院名がページ見出しに一致 / 院長名一致,[],,
419,大手町ＡＲＴクリニック,東京都,2025-10-01,https://www.tokyo-womens.clinic/,https://www.tokyo-womens.clinic/,SUCCESS,VERIFIED,B,11,,金　南孝,2007,,99.8%,MODEL_ESTIMATE,https://www.tokyo-womens.clinic/about/,4,Doctors File掲載 / TikTok公式運用 / Instagram公式運用 / LINE公式運用,Doctors File掲載｜ドクターズ・ファイル｜クリニック・ドクターについての情報はこちら (旧 大手町ARTクリニック) お知らせ クリニック紹介 初めての方へ 診療内容 料金表 妊娠率について アクセス コラム 採用情報 初回予約はこちら お知らせ クリニック紹介 初めての方・通院中の方へ 診療内容 不妊症検査 一般不妊治療 高度生殖医療（ → https://doctorsfile.jp/h/223003/ / TikTok公式運用｜https://www.tiktok.com/@tokyo_womens_clinic / Instagram公式運用｜https://www.instagram.com/dr.kim_twc/ / LINE公式運用｜https://lin.ee/d5YEkaD,かなりアツい,電話番号一致 / 医院名がページ見出しに一致 / 院長名一致,[],,
420,御茶ノ水みき皮膚科,東京都,2025-11-01,https://ochanomizu-miki-hifuka.com/,https://ochanomizu-miki-hifuka.com/,SUCCESS,VERIFIED,B,10,皮膚科,杉田　美樹,2007,,99.8%,MODEL_ESTIMATE,https://ochanomizu-miki-hifuka.com/doctor.html,2,地域ドクターズ掲載 / Instagram公式運用,地域ドクターズ掲載｜ → https://tokyo-doctors.com/clinicList/114537/interview / Instagram公式運用｜https://www.instagram.com/miki_hifuka?igsh=MWU5MnR1ZWkwcDBiMA%3D%3D,アツい,電話番号一致 / 医院名がページ見出しに一致 / 院長名一致,[],,
421,番町麹町こどもクリニック,東京都,2025-10-01,https://myc-bkkc.com/,https://myc-bkkc.com/,SUCCESS,VERIFIED,B,11,,尾関　恵里奈,,,,UNKNOWN,厚生局指定年月日 2025-10-01 を確認（年齢は直接算出不可）,4,Doctors File掲載 / Instagram公式運用 / LINE公式運用 / オンライン診療,Doctors File掲載｜クリニックドクターについての情報はこちら → https://doctorsfile.jp/h/223329/df/1/ / Instagram公式運用｜https://www.instagram.com/banchoukoujimachikodomoclinic/?igsh=MW1yc3RlMG0zN2UxNA%3D%3D / LINE公式運用｜https://line.me/R/ti/p/@963rxdpn / オンライン診療｜オンライン診療 詳細はこちら → https://myc-bkkc.com/blog/%e3%82%aa%e3%83%b3%e3%83%a9%e3%82%a4%e3%83%b3%e8%a8%ba%e7%99%82%e5%a7%8b%e3%82%81%e3%81%be%e3%81%99/,かなりアツい,電話番号一致 / 医院名がページ見出しに一致 / 住所一致 / 院長名一致,[],,
423,後楽園クリニック,東京都,2025-09-01,http://www.korakuen-clinic.tokyo/,https://www.korakuen-clinic.tokyo/,SUCCESS,VERIFIED,C,7,,辻野　栄作,,,,UNKNOWN,厚生局指定年月日 2025-09-01 を確認（年齢は直接算出不可）,1,Doctors File掲載,Doctors File掲載｜後楽園クリニックの予約 | ドクターズ・ファイル 後楽園クリニックの予約 | ドクターズ・ファイル → https://appt.doctorsfile.jp/patient/25651/top/?_gl=1*14zdx6y*_ga*MTYzMjk0MDM5Ny4xNzg3ODEwMzEw*_ga_NRCB8Y2FMD*czE3ODgwNTA2MTAkbzMkZzEkdDE3ODgwNTA2MzIkajM4JGwwJGgw,集客投資シグナルあり,電話番号一致 / 医院名がページ見出しに一致 / 住所一致 / 院長名一致,[],,
425,市ヶ谷駅前いしかわ眼科,東京都,2025-12-01,https://ishikawa-ganka.net/,https://ishikawa-ganka.net/,SUCCESS,VERIFIED,A,12,白内障 / 緑内障,石川　悠,2007,,99.8%,MODEL_ESTIMATE,https://ishikawa-ganka.net/doctor.html,2,Doctors File掲載 / Instagram公式運用,Doctors File掲載｜ドクターズ・ファイル1 → https://doctorsfile.jp/h/223654/df/1/ / Instagram公式運用｜https://www.instagram.com/ishikawa_ganka1208/,アツい,電話番号一致 / 医院名がページ見出しに一致 / 住所一致 / 院長名一致,[],,
426,医療法人社団幹俊会　神田鈴木皮膚科,東京都,2025-10-01,http://www.kajichoskin.com/,https://kajichoskin.com/,SUCCESS,VERIFIED,A,14,皮膚科,鈴木　寛丈,,,,UNKNOWN,厚生局指定年月日 2025-10-01 を確認（年齢は直接算出不可）,1,Medical DOC掲載,Medical DOC掲載｜Medical DOC Medical DOC → https://medicaldoc.jp/s2/13/1310000/a24/,集客投資シグナルあり,電話番号一致 / 医院名がページ見出しに一致 / 住所一致 / 院長名一致,[],,
427,東京ロータスクリニック,東京都,2025-12-01,https://lotusclinictokyo.com/,https://lotusclinictokyo.com/,SUCCESS,VERIFIED,B,10,男性更年期 / 泌尿器科 / 皮膚科,田　剛大,,,,UNKNOWN,厚生局指定年月日 2025-12-01 を確認（年齢は直接算出不可）,1,Doctors File掲載,Doctors File掲載｜ドクターズファイル クリニックドクターについての情報はこちら → https://doctorsfile.jp/h/223602/df/1/,集客投資シグナルあり,電話番号一致 / 医院名がページ見出しに一致,[],,
428,医療法人社団紀周会　麹町大通り眼科,東京都,2025-10-01,https://kaoph.jp/,https://kaoph.jp/,SUCCESS,VERIFIED,B,8,,森　紀和子,,,,UNKNOWN,厚生局指定年月日 2025-10-01 を確認（年齢は直接算出不可）,1,LINE公式運用,LINE公式運用｜https://lin.ee/CYP8Wb1,集客投資シグナルあり,電話番号一致 / 医院名がページ見出しに一致 / 院長名一致,[],,
430,医療法人社団　裕健会　神田クリニック,東京都,2025-11-01,http://www.kanda.or.jp/,https://www.kanda.or.jp/,SUCCESS,VERIFIED,B,8,,野内　俊彦,,,,UNKNOWN,厚生局指定年月日 2025-11-01 を確認（年齢は直接算出不可）,1,Instagram公式運用,Instagram公式運用｜https://www.instagram.com/kanda_clinic/,集客投資シグナルあり,電話番号一致 / 医院名がページ見出しに一致,[],,
431,ＴＭクリニック麹町,東京都,2025-10-01,https://tmclinic-kojimachi.net/,https://tmclinic-kojimachi.net/,SUCCESS,VERIFIED,C,7,,谷田部　淳一,,,,UNKNOWN,厚生局指定年月日 2025-10-01 を確認（年齢は直接算出不可）,0,,,通常,電話番号一致 / 医院名がページ見出しに一致,[],,
434,紀尾井町皮膚科クリニック,東京都,2026-03-01,https://kioicho-hifuka.jp/,https://kioicho-hifuka.jp/,SUCCESS,VERIFIED,B,9,皮膚科,谷川　仁子,,,,UNKNOWN,厚生局指定年月日 2026-03-01 を確認（年齢は直接算出不可）,1,Doctors File掲載,Doctors File掲載｜ → https://doctorsfile.jp/h/223996/df/1/,集客投資シグナルあり,電話番号一致 / 医院名がページ見出しに一致 / 住所一致 / 院長名一致,[],,
435,ともしびクリニック秋葉原院,東京都,2025-12-01,https://fire-method.com/tomoshibi/akihabara/,https://fire-method.com/tomoshibi/akihabara/,SUCCESS,VERIFIED,C,7,,澁谷　唯子,,,,UNKNOWN,厚生局指定年月日 2025-12-01 を確認（年齢は直接算出不可）,1,LINE公式運用,LINE公式運用｜https://lin.ee/flUOqZv,集客投資シグナルあり,電話番号一致 / 医院名がページ見出しに一致 / 住所一致,[],,
436,クリニックファーストエイド,東京都,2025-12-01,https://clinic-first-aid.com/,https://clinic-first-aid.com/,SUCCESS,VERIFIED,B,11,糖尿病 / ED / 皮膚科,伊藤　晴紀,,,,UNKNOWN,厚生局指定年月日 2025-12-01 を確認（年齢は直接算出不可）,1,LINE公式運用,LINE公式運用｜https://lin.ee/IvxcrZg,集客投資シグナルあり,電話番号一致 / 医院名がページ見出しに一致 / 院長名一致,[],,
437,飯田橋駅マール産婦人科クリニック,東京都,2026-03-01,https://www.mar-womens.com/,https://www.mar-womens.com/,SUCCESS,VERIFIED,A,14,内視鏡,松浦　宏美,,,,UNKNOWN,厚生局指定年月日 2026-03-01 を確認（年齢は直接算出不可）,6,Doctors File掲載 / HP制作会社の制作実績 / 地域ドクターズ掲載 / Instagram公式運用 / LINE公式運用 / オンライン診療,Doctors File掲載｜ → https://doctorsfile.jp/h/227936/df/1/ / HP制作会社の制作実績｜DR.BRIDGE｜クリニックホームページ制作 クリニックホームページ制作 → https://www.dr-bridge.co.jp/ / 地域ドクターズ掲載｜ → https://tokyo-doctors.com/clinicList/115218/interview / Instagram公式運用｜https://www.instagram.com/mar_womens_clinic/ / LINE公式運用｜https://lin.ee/vxEbySi / オンライン診療｜オンライン診療 オンライン診療 → https://www.mar-womens.com/,かなりアツい,電話番号一致 / 医院名がページ見出しに一致,[],,
439,医療法人四つ葉会　よつば会クリニック　有楽町院,東京都,2025-12-31,https://yotsubakai-yurakucho.com/outpatient/,https://yotsubakai-yurakucho.com/outpatient/,SUCCESS,VERIFIED,B,11,皮膚科,市川　明子,1997,,98.2%,MODEL_ESTIMATE,https://yotsubakai-yurakucho.com/doctor/,2,Instagram公式運用 / LINE公式運用,Instagram公式運用｜https://www.instagram.com/yotsubakai_iryohozin/ / LINE公式運用｜https://lin.ee/poYAcXR,アツい,電話番号一致 / 医院名がページ見出しに一致 / 院長名一致,"[{""reason"": ""HTMLページではありません。"", ""url"": ""https://yotsubakai-yurakucho.com/feed/""}]",,
441,クリニックフォア神保町,東京都,2026-07-01,https://www.clinicfor.life/jimbocho/,https://www.clinicfor.life/jimbocho/,SUCCESS,VERIFIED,B,11,糖尿病 / ED / 皮膚科,池谷　昌道,,,,UNKNOWN,厚生局指定年月日 2026-07-01 を確認（年齢は直接算出不可）,1,YouTube公式運用,YouTube公式運用｜https://www.youtube.com/channel/UCDRmzvuBvsKxKCtThJrXfXA,集客投資シグナルあり,医院名がページ見出しに一致 / 住所一致,[],,
442,水道橋やまがたこころクリニック,東京都,2026-04-01,https://yamagatakokoro.jp/,https://yamagatakokoro.jp/,SUCCESS,VERIFIED,C,6,,山形　晃彦,,,,UNKNOWN,厚生局指定年月日 2026-04-01 を確認（年齢は直接算出不可）,0,,,通常,電話番号一致 / 医院名がページ見出しに一致 / 住所一致 / 院長名一致,[],,
446,お茶の水乳腺クリニック,東京都,2026-05-01,https://ochanomizu-bc.com/,https://ochanomizu-bc.com/,SUCCESS,VERIFIED,C,7,,林　香菜子,2014,,100.0%,MODEL_ESTIMATE,https://ochanomizu-bc.com/doctor/,2,Medical DOC掲載 / 地域ドクターズ掲載,Medical DOC掲載｜medical doc → https://medicaldoc.jp/m/recommend-m/tokyo-breast-surgery/ / 地域ドクターズ掲載｜東京ドクターズ → https://tokyo-doctors.com/clinicList/117067/interview,アツい,電話番号一致 / 医院名がページ見出しに一致 / 院長名一致,[],,
447,宮澤耳鼻咽喉科クリニック,東京都,2026-06-01,https://www.miyazawa-ent-clinic.com/,https://www.miyazawa-ent-clinic.com/,SUCCESS,VERIFIED,B,8,,宮澤　昌行,,,,UNKNOWN,厚生局指定年月日 2026-06-01 を確認（年齢は直接算出不可）,0,,,通常,電話番号一致 / 医院名がページ見出しに一致 / 院長名一致,[],,
448,健康増進クリニック,東京都,2026-02-25,http://www.kenkou-zoushin.com/,https://www.kenkou-zoushin.com/,SUCCESS,VERIFIED,A,12,,前田　陽子,,,,UNKNOWN,厚生局指定年月日 2026-02-25 を確認（年齢は直接算出不可）,2,Instagram公式運用 / 治療専用LP,Instagram公式運用｜https://www.instagram.com/mizukami_osamu.kenkou.zoushin/ / 治療専用LP｜医院名と電話/住所を確認,アツい,電話番号一致 / 医院名がページ見出しに一致 / 院長名一致,[],,
452,あやメンタル日本橋クリニック,東京都,2026-04-25,https://www.ayamental.com/,https://www.ayamental.com/,SUCCESS,VERIFIED,C,7,,山口　綾美,,,,UNKNOWN,厚生局指定年月日 2026-04-25 を確認（年齢は直接算出不可）,1,オンライン診療,オンライン診療｜オンライン診療について オンライン診療について → https://www.ayamental.com/オンライン診療について,集客投資シグナルあり,電話番号一致 / 医院名がページ見出しに一致 / 住所一致,"[{""reason"": ""HTTP 429。手動で確認してください。"", ""url"": ""https://www.ayamental.com/info""}, {""reason"": ""アクセス制限があるため、このサイトの取得を停止しました。"", ""url"": ""https://www.ayamental.com/about""}, {""reason"": ""アクセス制限があるため、このサイトの取得を停止しました。"", ""url"": ""https://www.ayamental.com/make-an-appointment""}, {""reason"": ""アクセス制限があるため、このサイトの取得を停止しました。"", ""url"": ""https://www.ayamental.com/オンライン診療について""}, {""reason"": ""アクセス制限があるため、このサイトの取得を停止しました。"", ""url"": ""https://www.ayamental.com/post/令和8年7月14日より内科診療始まります""}, {""reason"": ""アクセス制限があるため、このサイトの取得を停止しました。"", ""url"": ""https://www.ayamental.com/post/医療ｄｘ推進・医療情報取得加算について""}, {""reason"": ""アクセス制限があるため、このサイトの取得を停止しました。"", ""url"": ""https://www.ayamental.com""}, {""reason"": ""アクセス制限があるため、このサイトの取得を停止しました。"", ""url"": ""https://www.ayamental.com/faq""}, {""reason"": ""アクセス制限があるため、このサイトの取得を停止しました。"", ""url"": ""https://www.ayamental.com/link""}, {""reason"": ""アクセス制限があるため、このサイトの取得を停止しました。"", ""url"": ""https://www.ayamental.com/blog""}, {""reason"": ""アクセス制限があるため、このサイトの取得を停止しました。"", ""url"": ""https://www.ayamental.com/post/移転のお知らせ""}, {""reason"": ""アクセス制限があるため、このサイトの取得を停止しました。"", ""url"": ""https://www.ayamental.com/post/電子処方箋について""}, {""reason"": ""アクセス制限があるため、このサイトの取得を停止しました。"", ""url"": ""https://www.ayamental.com/post/当院で自立支援医療費制度を受けている方へ""}, {""reason"": ""アクセス制限があるため、このサイトの取得を停止しました。"", ""url"": ""https://www.ayamental.com/post/医療従事者の処遇改善（賃上げ）への取り組みについて""}, {""reason"": ""アクセス制限があるため、このサイトの取得を停止しました。"", ""url"": ""https://www.ayamental.com/post/一般名での処方について""}, {""reason"": ""アクセス制限があるため、このサイトの取得を停止しました。"", ""url"": ""https://www.ayamental.com/post/明細書について""}]",,
453,神田神保町さめしまクリニック,東京都,2026-08-01,https://sameshima-cl.com/,https://sameshima-cl.com/,SUCCESS,VERIFIED,A,14,糖尿病,鮫島　祥継,,,,UNKNOWN,厚生局指定年月日 2026-08-01 を確認（年齢は直接算出不可）,4,地域ドクターズ掲載 / Instagram公式運用 / LINE公式運用 / オンライン診療,地域ドクターズ掲載｜東京ドクターズ インタビュー → https://tokyo-doctors.com/clinicList/117412/interview / Instagram公式運用｜https://www.instagram.com/jimbocho_sameshima_clinic?igsh=MW44czB6bXlndnI2cQ / LINE公式運用｜https://lin.ee/PN8wE8a / オンライン診療｜オンライン診療 オンライン診療 → https://sameshima-cl.com/medical/online-consultation/,かなりアツい,電話番号一致 / 医院名がページ見出しに一致 / 住所一致 / 院長名一致,[],,
454,光と音のクリニック,東京都,2026-07-01,https://hikari-oto-clinic.jp/,https://hikari-oto-clinic.jp/,SUCCESS,VERIFIED,B,9,,澤田　真如,,,,UNKNOWN,厚生局指定年月日 2026-07-01 を確認（年齢は直接算出不可）,1,オンライン診療,オンライン診療｜コンテンツへスキップ コンテンツへスキップ 光と音のクリニック Top 診療内容 診察について：感覚の症状とペインクリニック・麻酔科 視覚過敏（光過敏） 聴覚過敏（音過敏） 触覚過敏（皮膚過敏） 自律神経失調 よく頂く質問（Q&A） お知らせ 活動報告 クリニック紹介 BLOG Top 2026.03.04 2026. → https://hikari-oto-clinic.jp/#main,集客投資シグナルあり,電話番号一致 / 医院名がページ見出しに一致 / 院長名一致,[],,
456,日比谷ステップ皮膚科内科,東京都,2026-06-01,http://hibiyastep.jp/,https://hibiyastep.jp/,SUCCESS,VERIFIED,B,11,皮膚科,中村　咲,,,,UNKNOWN,厚生局指定年月日 2026-06-01 を確認（年齢は直接算出不可）,1,LINE公式運用,LINE公式運用｜https://lin.ee/xAcD99qc,集客投資シグナルあり,電話番号一致 / 医院名がページ見出しに一致 / 院長名一致,[],,
458,はなふさ皮膚科秋葉原院,東京都,2026-07-01,https://mitakabiyou.com/akihabara,https://mitakabiyou.com/akihabara,SUCCESS,VERIFIED,A,13,皮膚科,安重　佳祐,,,,UNKNOWN,厚生局指定年月日 2026-07-01 を確認（年齢は直接算出不可）,3,YouTube公式運用 / TikTok公式運用 / Instagram公式運用,YouTube公式運用｜https://www.youtube.com/channel/UCrMERPwq0DaxnnwettzmQEw / TikTok公式運用｜https://www.tiktok.com/@doctor_hanafusa / Instagram公式運用｜https://www.instagram.com/hanafusahifuka/,かなりアツい,電話番号一致 / 医院名がページ見出しに一致 / 院長名一致,[],,
474,大伝馬クリニック,東京都,1980-08-11,https://website2.infomity.net/8020000485/,https://website2.infomity.net/8020000485/,SUCCESS,VERIFIED,C,6,,吉良　登志子,1973,,0.0%,MODEL_ESTIMATE,https://website2.infomity.net/8020000485/staff/,0,,,通常,電話番号一致 / 医院名がページ見出しに一致 / 住所一致 / 院長名一致,[],,
480,医療法人社団　三喜会　有楽橋クリニック,東京都,1989-11-01,http://yurakubashi.com/,https://yurakubashi.com/,SUCCESS,VERIFIED,A,14,糖尿病,林　俊行,,,,UNKNOWN,厚生局指定年月日 1989-11-01 を確認（年齢は直接算出不可）,2,Doctors File掲載 / LINE公式運用,Doctors File掲載｜ドクターズ・ファイル → https://doctorsfile.jp/h/28626/df/1/ / LINE公式運用｜https://lin.ee/uexHeom,アツい,電話番号一致 / 医院名がページ見出しに一致 / 院長名一致,[],,
483,医療法人社団　神和会　銀座富士クリニック,東京都,1990-11-01,http://ginzafuji.com/,https://ginzafuji.com/,SUCCESS,VERIFIED,C,5,,田所　賢也,1996,,96.9%,MODEL_ESTIMATE,https://ginzafuji.com/doctor/,0,,,通常,医院名がページ見出しに一致 / 住所一致,[],,
485,医療法人社団　銀座仁医会　吉川医院,東京都,1991-09-01,http://www.yoshikawaiin.com/,https://www.yoshikawaiin.com/,SUCCESS,VERIFIED,C,4,,吉川　剛司,,,,UNKNOWN,厚生局指定年月日 1991-09-01 を確認（年齢は直接算出不可）,0,,,通常,電話番号一致 / 医院名がページ見出しに一致 / 住所一致,[],,
490,医療法人社団　松洲会　鈴木医院,東京都,1993-03-01,https://odemmacho-suzuki-iin.com/,https://odemmacho-suzuki-iin.com/,SUCCESS,VERIFIED,C,6,,鈴木　孝秀,,,,UNKNOWN,厚生局指定年月日 1993-03-01 を確認（年齢は直接算出不可）,1,Instagram公式運用,Instagram公式運用｜https://www.instagram.com/odemmacho_suzuki_iin/,集客投資シグナルあり,電話番号一致 / 医院名がページ見出しに一致 / 住所一致 / 院長名一致,[],,
491,医療法人社団　頌栄会　上田診療所,東京都,1993-09-01,http://www.ueda.com/,https://www.ueda.com/,SUCCESS,VERIFIED,B,11,糖尿病 / 皮膚科,上田　晃,,,,UNKNOWN,厚生局指定年月日 1993-09-01 を確認（年齢は直接算出不可）,0,,,通常,電話番号一致 / 医院名がページ見出しに一致 / 院長名一致,[],,
493,皮フ科早川クリニック,東京都,1994-06-01,https://hihukai.com/,https://hihukai.com/,SUCCESS,VERIFIED,B,8,皮膚科,早川　道郎,,,,UNKNOWN,厚生局指定年月日 1994-06-01 を確認（年齢は直接算出不可）,0,,,通常,電話番号一致 / 医院名がページ見出しに一致 / 院長名一致,[],,
496,医療法人社団　恒雅会　吉井医院,東京都,1995-09-01,http://www.yoshii-iin.or.jp/,https://www.yoshii-iin.or.jp/,SUCCESS,VERIFIED,B,9,,吉井　治,,,,UNKNOWN,厚生局指定年月日 1995-09-01 を確認（年齢は直接算出不可）,0,,,通常,電話番号一致 / 医院名がページ見出しに一致 / 住所一致 / 院長名一致,"[{""reason"": ""HTTP 404。手動で確認してください。"", ""url"": ""https://www.yoshii-iin.or.jp/posts""}]",,
497,青木クリニック,東京都,1996-01-01,http://www.pain.ne.jp/aoki/,https://www.pain.ne.jp/aoki/,SUCCESS,VERIFIED,C,4,,青木　正美,1985,,0.0%,MODEL_ESTIMATE,https://www.pain.ne.jp/aoki/doctor.html,1,Doctors File掲載,Doctors File掲載｜二葉医院 二葉医院 → https://doctorsfile.jp/h/24337/,集客投資シグナルあり,電話番号一致 / 医院名がページ見出しに一致 / 院長名一致,[],,
499,月島クリニック,東京都,1996-08-01,https://www.tsukishimaclinic.com/,https://www.tsukishimaclinic.com/,SUCCESS,VERIFIED,C,4,,細野　克彦,,,,UNKNOWN,厚生局指定年月日 1996-08-01 を確認（年齢は直接算出不可）,0,,,通常,電話番号一致 / 医院名がページ見出しに一致,"[{""reason"": ""robots.txtで取得が許可されていません。"", ""url"": ""https://www.tsukishimaclinic.com/j/privacy""}]",,
508,医療法人社団　春音会　さくら・はるねクリニック銀座,東京都,1999-10-01,https://sakura-ginza.jp/,https://sakura-ginza.jp/,SUCCESS,VERIFIED,B,8,,三木　明德,1992,,65.7%,MODEL_ESTIMATE,https://sakura-ginza.jp/doctor/,3,Doctors File掲載 / YouTube公式運用 / Instagram公式運用,Doctors File掲載｜Docters File ドクター・ファイル → https://doctorsfile.jp/h/28598/df/1/ / YouTube公式運用｜https://www.youtube.com/channel/UCAe4Mkg-V3qg0o_DHH1mZXw / Instagram公式運用｜https://www.instagram.com/sakura.harune_clinic_ginza?igsh=MTM5ZWVkeDhjbHM2ag==,かなりアツい,電話番号一致 / 医院名がページ見出しに一致,[],,
510,医療法人社団　小池医院,東京都,2000-08-01,http://www.koike-iin.com/,https://www.koike-iin.com/,SUCCESS,VERIFIED,C,4,,小池　清教,,,,UNKNOWN,厚生局指定年月日 2000-08-01 を確認（年齢は直接算出不可）,0,,,通常,電話番号一致 / 医院名がページ見出しに一致 / 住所一致,[],,
511,医療法人社団　銀座レディースクリニック,東京都,2000-09-01,https://ginzaladies.com/,https://ginzaladies.com/,SUCCESS,VERIFIED,C,7,,石川　聖子,,,,REVIEW,UNKNOWN,0,,,通常,電話番号一致 / 医院名がページ見出しに一致,[],,
512,信州会クリニック,東京都,2001-05-01,https://www.nk-clinic.info/,https://www.nk-clinic.info/,SUCCESS,VERIFIED,A,14,皮膚科,永井　一成,,,,UNKNOWN,厚生局指定年月日 2001-05-01 を確認（年齢は直接算出不可）,4,地域ドクターズ掲載 / Instagram公式運用 / LINE公式運用 / オンライン診療,地域ドクターズ掲載｜初診WEB予約はこちら 初診WEB予約はこちら 電話：03-3662-1166 オンライン診療 → https://tokyo-doctors.com/preReserve/19687/ / Instagram公式運用｜https://www.instagram.com/shinshukai_clinic/ / LINE公式運用｜https://lin.ee/22W73FaiQ / オンライン診療｜コンテンツへスキップ コンテンツへスキップ 東京都中央区日本橋堀留町 1-2-13 TEL:03-3662-1166 TOP 当院紹介 内科 皮膚科 麻酔科（ペインクリニック） 遠絡療法（自費診療） 遠絡療法 Q&A 漢方薬診療 医療用漢方製剤 プラセンタ療法 美容診療 顔プラセンタ注射 毛穴洗浄・ピーリング ゼオスキ → https://www.nk-clinic.info/#main,かなりアツい,電話番号一致 / 医院名がページ見出しに一致,[],,
516,高橋医院,東京都,2002-03-21,http://www.hatchobori.jp/,https://hatchobori.jp/,SUCCESS,VERIFIED,A,12,糖尿病,髙橋　友乃,,,,UNKNOWN,厚生局指定年月日 2002-03-21 を確認（年齢は直接算出不可）,1,LINE公式運用,LINE公式運用｜https://line.me/R/ti/p/@871nccnu,集客投資シグナルあり,電話番号一致 / 医院名がページ見出しに一致 / 住所一致,[],,
517,武本ホーム・ドクター・クリニック,東京都,2002-11-01,http://www.dr-takemoto.jp/,https://www.dr-takemoto.jp/,SUCCESS,VERIFIED,B,9,,武本　憲重,,,,UNKNOWN,厚生局指定年月日 2002-11-01 を確認（年齢は直接算出不可）,0,,,通常,電話番号一致 / 医院名がページ見出しに一致,[],,
518,中央みなとクリニック,東京都,2003-09-01,https://www.minatokai.jp/chuo_minato/,https://www.minatokai.jp/chuo_minato/,SUCCESS,VERIFIED,B,10,内視鏡 / 糖尿病 / 泌尿器科 / 循環器内科 / 皮膚科,斉藤　達也,,,,UNKNOWN,厚生局指定年月日 2003-09-01 を確認（年齢は直接算出不可）,2,Doctors File掲載 / オンライン診療,Doctors File掲載｜斎藤 達也 理事長の独自取材記事 → https://doctorsfile.jp/h/29249/df/1/ / オンライン診療｜運営について 運営について 個人情報保護方針 医療情報取得加算について 院外処方箋における一般名処方について 医療ＤＸ推進体制整備加算について オンライン診療における処方について サイトマップ → https://www.minatokai.jp/chuo_minato/operation/,アツい,電話番号一致 / 医院名がページ見出しに一致,[],,
519,人形町メンタルクリニック,東京都,2004-05-01,http://www.cocoro-support.com/,https://www.cocoro-support.com/,SUCCESS,VERIFIED,B,9,,勝　久寿,,,,UNKNOWN,厚生局指定年月日 2004-05-01 を確認（年齢は直接算出不可）,0,,,通常,電話番号一致 / 医院名がページ見出しに一致 / 院長名一致,[],,
520,ランディック日本橋クリニック,東京都,2004-05-01,http://www.landic-nihonbashi.com/,http://www.landic-nihonbashi.com/,SUCCESS,VERIFIED,D,3,,林　寧哲,,,,UNKNOWN,厚生局指定年月日 2004-05-01 を確認（年齢は直接算出不可）,1,Doctors File掲載,Doctors File掲載｜>>ドクターズファイル（院長紹介）はこちらをご覧ください。 >>ドクターズファイル（院長紹介）はこちらをご覧ください。 → http://doctorsfile.jp/h/28957/df/1/,集客投資シグナルあり,電話番号一致 / 医院名がページ見出しに一致 / 院長名一致,[],,
521,医療法人社団　恵杏会　河内クリニック,東京都,2004-04-01,http://kawachi-cl.org/,https://kawachi-cl.org/,SUCCESS,VERIFIED,C,7,,石原　雅巳,,,,UNKNOWN,厚生局指定年月日 2004-04-01 を確認（年齢は直接算出不可）,1,オンライン診療,オンライン診療｜オンライン診療について オンライン診療について → https://kawachi-cl.org/?p=1082,集客投資シグナルあり,電話番号一致 / 医院名がページ見出しに一致,[],,
522,池野皮膚科形成外科クリニック,東京都,2004-07-01,http://www.ikeno-derma.com/,https://www.ikeno-derma.com/visitors.html,SUCCESS,VERIFIED,B,10,皮膚科,池野　宏,1984,,0.0%,MODEL_ESTIMATE,https://www.ikeno-derma.com/doctor.html,1,オンライン診療,オンライン診療｜顔・首肌（皮膚）のアンチエイジング（若返り）治療・トラブル肌（健康皮膚に完治させる）治療に関して、非常にお忙しい方々でも、対面診療（1，2年に1度）とオンライン診療（1～3～6ヶ月に1度）により、かなり確実な治癒結果の得られる理由を解説いたします。 顔・首肌（皮膚）のアンチエイジング（若返り）治療・トラブル肌（健康皮膚 → https://www.ikeno-derma.com/info/news_detail_20260202094423.html,集客投資シグナルあり,電話番号一致 / 医院名がページ見出しに一致,[],,
523,医療法人社団　浩仁医会　水天宮藤田眼科,東京都,2004-09-01,http://www.cojin.org/,https://cojin.org/,SUCCESS,VERIFIED,A,12,白内障 / 緑内障 / ICL,藤田　浩司,1987,,0.0%,MODEL_ESTIMATE,https://cojin.org/about/,5,Doctors File掲載 / Medical DOC掲載 / 地域ドクターズ掲載 / Instagram公式運用 / LINE公式運用,Doctors File掲載｜『藤田 浩司 院長の独自取材記事』 藤田院長のドクターズ・ファイル取材記事がリニューアルされました。 ▶ 『藤田 浩司 院長の独自取材記事』 → https://doctorsfile.jp/h/28995/df/1/ / Medical DOC掲載｜メディカルドック 『東京都中央区の眼科 おすすめしたい5医院』に紹介されました。 → https://medicaldoc.jp/m/recommend-m/tokyo-chuo-ct-ophthalmology/ / 地域ドクターズ掲載｜中央区ドクターズインタビュー 通院から生活面での注意点まで、眼の健康をトータルサポート。 → https://tokyo-doctors.com/clinicList/836/interview/ / Instagram公式運用｜https://www.instagram.com/suitengufujitaganka?ref=badge / LINE公式運用｜https://lin.ee/2r0CIsW,かなりアツい,電話番号一致 / 医院名がページ見出しに一致 / 院長名一致,[],,
524,医療法人社団　銀座ウィメンズクリニック,東京都,2004-09-01,https://ginzawomens.fem.jp/,https://ginzawomens.fem.jp/,SUCCESS,VERIFIED,B,8,,倉沢　滋明,,,,UNKNOWN,厚生局指定年月日 2004-09-01 を確認（年齢は直接算出不可）,1,Instagram公式運用,Instagram公式運用｜https://www.instagram.com/ginzawomens/,集客投資シグナルあり,電話番号一致 / 医院名がページ見出しに一致,[],,
526,佐々眼科,東京都,2005-03-01,http://www.sasa-ganka.jp/,https://www.sasa-ganka.jp/,SUCCESS,VERIFIED,C,4,,佐々　壽一,,,,UNKNOWN,厚生局指定年月日 2005-03-01 を確認（年齢は直接算出不可）,0,,,通常,電話番号一致 / 医院名がページ見出しに一致,[],,
527,東銀座メディカルクリニック,東京都,2005-05-01,http://www.higashiginza-med.jp/,https://www.higashiginza-med.jp/,SUCCESS,VERIFIED,C,6,,柄　雅彦,,,,UNKNOWN,厚生局指定年月日 2005-05-01 を確認（年齢は直接算出不可）,0,,,通常,電話番号一致 / 医院名がページ見出しに一致,[],,
528,セントラルクリニック,東京都,2005-06-01,http://www.centralclinic.com/,http://www.centralclinic.com/,SUCCESS,VERIFIED,D,2,,蓮沼　剛,,,,UNKNOWN,厚生局指定年月日 2005-06-01 を確認（年齢は直接算出不可）,0,,,通常,電話番号一致 / 医院名がページ見出しに一致 / 院長名一致,[],,
530,医療法人社団　高恵会　築地神経科クリニック,東京都,2005-11-01,http://www.tguc.jp/,https://tguc.jp/,SUCCESS,VERIFIED,C,5,,芹澤　徹,1986,,0.0%,MODEL_ESTIMATE,https://tguc.jp/%e5%8c%bb%e5%b8%ab%e7%b4%b9%e4%bb%8b,0,,,通常,電話番号一致 / 医院名がページ見出しに一致,[],,
532,兜町診療所,東京都,2006-02-01,http://www.kabutocho-shinryojo.com/consultaccess.html,http://kabutocho-shinryojo.com/consultaccess.html,SUCCESS,VERIFIED,D,3,,髙島　純哉,,,,UNKNOWN,厚生局指定年月日 2006-02-01 を確認（年齢は直接算出不可）,0,,,通常,電話番号一致 / 医院名がページ見出しに一致,[],,
533,三井タワークリニック,東京都,2006-02-01,http://www.mt-cl.jp/,https://www.mt-cl.jp/,SUCCESS,VERIFIED,B,8,,田中　純子,,,,UNKNOWN,厚生局指定年月日 2006-02-01 を確認（年齢は直接算出不可）,1,Instagram公式運用,Instagram公式運用｜https://www.instagram.com/mitsuitowerclinic/,集客投資シグナルあり,電話番号一致 / 医院名がページ見出しに一致,[],,
534,松本クリニック銀座,東京都,2006-03-01,https://matsumoto-clinic-ginza.com/,https://matsumoto-clinic-ginza.com/,SUCCESS,VERIFIED,B,10,,松本　博,,,,UNKNOWN,厚生局指定年月日 2006-03-01 を確認（年齢は直接算出不可）,1,漫画コンテンツ,漫画コンテンツ｜https://matsumoto-clinic-ginza.com/manga/,集客投資シグナルあり,電話番号一致 / 医院名がページ見出しに一致,[],,
536,おおいわ腎クリニック,東京都,2006-04-01,http://www.oiwa-jinclinic.jp/,https://www.oiwa-jinclinic.jp/,SUCCESS,VERIFIED,C,7,,大岩　孝誌,,,,UNKNOWN,厚生局指定年月日 2006-04-01 を確認（年齢は直接算出不可）,0,,,通常,電話番号一致 / 医院名がページ見出しに一致,[],,
537,医療法人社団　祥葵会　あおいクリニック銀座,東京都,2006-03-01,http://aoi-clinic.com/,https://aoi-clinic.com/,SUCCESS,VERIFIED,C,7,,中野　あおい,,,,UNKNOWN,厚生局指定年月日 2006-03-01 を確認（年齢は直接算出不可）,2,Instagram公式運用 / LINE公式運用,Instagram公式運用｜https://www.instagram.com/dr.aoi_nakano/ / LINE公式運用｜https://line.me/ti/p/FnYiFDpS4U,アツい,電話番号一致 / 医院名がページ見出しに一致 / 院長名一致,[],,
538,医療法人社団　隆風会　藤井隆広クリニック,東京都,2006-04-01,https://www.tf-clinic.jp/,https://tf-clinic.jp/,SUCCESS,VERIFIED,A,12,内視鏡,藤井　隆広,1983,,0.0%,MODEL_ESTIMATE,https://tf-clinic.jp/doctor/index.html,1,HP制作会社の制作実績,HP制作会社の制作実績｜ホームページ制作: 株式会社スターキッド ホームページ制作: 株式会社スターキッド Copyright(c) : TF clinic All Rights Reserved. → https://star-kid.jp/,集客投資シグナルあり,電話番号一致 / 医院名がページ見出しに一致 / 院長名一致,[],,
540,立花外科医院,東京都,2006-09-01,http://www.tachibana-gekaiin.com/,http://www.tachibana-gekaiin.com/,SUCCESS,VERIFIED,D,2,,立花　裕一,1976,,0.0%,MODEL_ESTIMATE,http://www.tachibana-gekaiin.com/original2.html,0,,,通常,電話番号一致 / 医院名がページ見出しに一致 / 住所一致,[],,
541,医療法人社団　健杏会　杉野内科クリニック,東京都,2007-04-01,https://www.doctors-search.com/c-chuo/suginonaika/,https://www.doctors-search.com/c-chuo/suginonaika/,SUCCESS,VERIFIED,C,4,,杉野　敬一,,,,UNKNOWN,厚生局指定年月日 2007-04-01 を確認（年齢は直接算出不可）,0,,,通常,電話番号一致 / 医院名がページ見出しに一致 / 院長名一致,[],,
542,医療法人社団　久信会　やえす日本橋ヒフ科,東京都,2007-07-01,https://www.hibiya-skin.com/yaesu/,https://www.hibiya-skin.com/yaesu/,SUCCESS,VERIFIED,A,12,皮膚科,矢野　正一郎,1995,,94.6%,MODEL_ESTIMATE,https://www.hibiya-skin.com/doctor/,5,Medical DOC掲載 / マイナビ記事掲載 / 地域ドクターズ掲載 / Instagram公式運用 / LINE公式運用,Medical DOC掲載｜増岡院長がトレンディエンジェル斎藤司さんとAGA治療についての対談を行いました → https://medicaldoc.jp/special/saito_aga/ / マイナビ記事掲載｜マイナビ クリニックナビに当院が紹介されました！ → https://clinic.mynavi.jp/article/tokyo_hyperhidrosis-treatment/ / 地域ドクターズ掲載｜東京ドクターズinterview → https://yoyaku.tokyo-doctors.com/clinicList/42652/ / Instagram公式運用｜https://www.instagram.com/yaesunihonbashiskin/ / LINE公式運用｜https://lin.ee/r5PVTMY,かなりアツい,電話番号一致 / 医院名がページ見出しに一致 / 院長名一致,[],,
543,医療法人社団　銀座木原会　日本橋木原クリニック,東京都,2007-08-01,http://www.ginza-kihara-clinic.or.jp/,https://www.ginza-kihara-clinic.or.jp/,SUCCESS,VERIFIED,C,5,,木原　美,,,,UNKNOWN,厚生局指定年月日 2007-08-01 を確認（年齢は直接算出不可）,0,,,通常,電話番号一致 / 医院名がページ見出しに一致,[],,
545,医療法人社団　東会　やべ耳鼻咽喉科,東京都,2007-11-01,https://www.yabejibika.com/,https://www.yabejibika.com/,SUCCESS,VERIFIED,D,3,,矢部　利江,1982,,0.0%,MODEL_ESTIMATE,https://www.yabejibika.com/staff.html,0,,,通常,電話番号一致 / 医院名がページ見出しに一致,[],,
546,日本橋大三クリニック,東京都,2008-03-01,http://www.daizo-clinic.com/,http://www.daizo-clinic.com/,SUCCESS,VERIFIED,D,2,,齊藤　大三,,,,UNKNOWN,厚生局指定年月日 2008-03-01 を確認（年齢は直接算出不可）,0,,,通常,電話番号一致 / 医院名がページ見出しに一致 / 院長名一致,[],,
547,医療法人社団　リゾーム慶和会　ザ東京タワーズクリニック,東京都,2008-04-01,http://thetowers.jp/,https://thetowers.jp/,SUCCESS,VERIFIED,C,7,,矢野　芳和,2008,,100.0%,MODEL_ESTIMATE,https://thetowers.jp/doctor/,0,,,通常,電話番号一致 / 医院名がページ見出しに一致 / 住所一致 / 院長名一致,[],,
549,茅場町メンタルクリニック,東京都,2008-12-01,https://www.kayabacho-mental-clinic.jp/,https://www.kayabacho-mental-clinic.jp/,SUCCESS,VERIFIED,B,8,,吉原　小百合,,,,UNKNOWN,厚生局指定年月日 2008-12-01 を確認（年齢は直接算出不可）,2,Doctors File掲載 / オンライン診療,Doctors File掲載｜ドクターズ・ファイル 掲載記事はこちら ドクターズ・ファイルに掲載されています → https://doctorsfile.jp/h/29007/df/1/ / オンライン診療｜2026.09.06 お知らせ ホームページをリニューアルいたしました。 平素より茅場町メンタルクリニックをご利用いただき、誠にありがとうございます。 このたび、皆さまにより分かりやすく当院の情報をお届けできるよう、ホームページを全面… 2026.09.06 お知らせ ホームページをリニューアルいたしました。 平素より → https://www.kayabacho-mental-clinic.jp/news/new-hp,アツい,電話番号一致 / 医院名がページ見出しに一致,[],,
550,医療法人社団　ひこばえ会　築地ふたばクリニック,東京都,2008-10-01,http://www.hikobae.net/,https://hikobae.net/,SUCCESS,VERIFIED,C,4,,鎌田　徹,,,,UNKNOWN,厚生局指定年月日 2008-10-01 を確認（年齢は直接算出不可）,0,,,通常,電話番号一致 / 医院名がページ見出しに一致,[],,
551,銀座スキンクリニック,東京都,2008-11-01,http://www.ginzaskin.com/,https://ginzaskin.com/,SUCCESS,VERIFIED,A,14,皮膚科,坪内　利江子,,,,UNKNOWN,厚生局指定年月日 2008-11-01 を確認（年齢は直接算出不可）,2,Instagram公式運用 / オンライン診療,Instagram公式運用｜https://www.instagram.com/ginzaskinclinic/ / オンライン診療｜オンライン診療のご案内 オンライン診療のご案内 → https://ginzaskin.com/online/,アツい,電話番号一致 / 医院名がページ見出しに一致 / 院長名一致,"[{""reason"": ""HTTP 404。手動で確認してください。"", ""url"": ""https://ginzaskin.com/menu/shimitori/""}]",,
555,銀座中央通り眼科,東京都,2009-07-01,https://ginza-chuo-ganka.com/,https://ginza-chuo-ganka.com/,SUCCESS,VERIFIED,C,7,,越後　希,,,,UNKNOWN,厚生局指定年月日 2009-07-01 を確認（年齢は直接算出不可）,1,オンライン診療,オンライン診療｜診療内容 medical 診療内容 medical 眼科一般 ドライアイ治療 アレルギー検査 その他診療 遠隔オンライン診療 眼科ドック → https://ginza-chuo-ganka.com/medical/,集客投資シグナルあり,電話番号一致 / 医院名がページ見出しに一致,"[{""reason"": ""HTMLページではありません。"", ""url"": ""https://ginza-chuo-ganka.com/feed/""}]",,
556,銀座並木通りクリニック,東京都,2009-10-01,http://www.ginzanamiki-clinic.com/,https://www.ginzanamiki-clinic.com/,SUCCESS,VERIFIED,B,11,ED,三好　立,1992,,65.7%,MODEL_ESTIMATE,https://www.ginzanamiki-clinic.com/clinic/staff.html,3,Doctors File掲載 / YouTube公式運用 / オンライン診療,Doctors File掲載｜街の頼れるドクターとして院長が紹介されました 街の頼れるドクターとして院長が紹介されました → http://doctorsfile.jp/h/36659/df/1/ / YouTube公式運用｜https://www.youtube.com/@%E9%8A%80%E5%BA%A7%E4%B8%A6%E6%9C%A8%E9%80%9A%E3%82%8A / オンライン診療｜詳細はこちらをご覧ください 2022.5.17 オンライン診療を開始しました 詳細はこちらをご覧ください → https://www.ginzanamiki-clinic.com/online.html,かなりアツい,電話番号一致 / 医院名がページ見出しに一致 / 院長名一致,[],,
557,京橋メンタルクリニック,東京都,2010-01-01,https://kmc-ynb8.com/,https://kmc-ynb8.com/,SUCCESS,VERIFIED,C,6,,竹村　紀夫,,,,UNKNOWN,厚生局指定年月日 2010-01-01 を確認（年齢は直接算出不可）,0,,,通常,電話番号一致 / 医院名がページ見出しに一致,"[{""reason"": ""HTMLページではありません。"", ""url"": ""https://kmc-ynb8.com/feed.rss""}]",,
559,四季レディースクリニック,東京都,2010-04-01,http://www.4season-cl.com/,https://www.4season-cl.com/,SUCCESS,VERIFIED,C,5,,江夏　亜希子,,,,UNKNOWN,厚生局指定年月日 2010-04-01 を確認（年齢は直接算出不可）,0,,,通常,電話番号一致 / 医院名がページ見出しに一致,[],,
560,医療法人社団　医成会　みらいメディカルクリニック銀座,東京都,2010-04-01,https://mirai-mg.com/ginza/,https://mirai-mg.com/ginza/,SUCCESS,VERIFIED,A,12,内視鏡 / 糖尿病 / ED / 泌尿器科 / 循環器内科 / 皮膚科,澤田　秀雄,,,,UNKNOWN,厚生局指定年月日 2010-04-01 を確認（年齢は直接算出不可）,4,TikTok公式運用 / Instagram公式運用 / LINE公式運用 / オンライン診療,TikTok公式運用｜https://www.tiktok.com/@mirai.medicalgroup/ / Instagram公式運用｜https://www.instagram.com/mirai_medical_group/ / LINE公式運用｜https://lin.ee/T0xTVrl / オンライン診療｜オンライン診療 オンライン診療 → https://mirai-mg.com/online-medical/,かなりアツい,電話番号一致 / 医院名がページ見出しに一致,[],,
563,あしだ皮膚科クリニック,東京都,2010-07-01,http://www.ashidahifuka.com/,https://www.ashidahifuka.com/,SUCCESS,VERIFIED,B,10,皮膚科,蘆田　龍一,,,,UNKNOWN,厚生局指定年月日 2010-07-01 を確認（年齢は直接算出不可）,0,,,通常,電話番号一致 / 医院名がページ見出しに一致 / 院長名一致,[],,
564,日本橋Ｆレーザークリニック,東京都,2010-08-01,https://www.nihonbashi-f-laser.com/,https://www.nihonbashi-f-laser.com/,SUCCESS,VERIFIED,A,12,ED / 皮膚科,藤井　俊史,,,,UNKNOWN,厚生局指定年月日 2010-08-01 を確認（年齢は直接算出不可）,1,Doctors File掲載,Doctors File掲載｜ドクターズファイル → https://doctorsfile.jp/h/28974/df/1/,集客投資シグナルあり,電話番号一致 / 医院名がページ見出しに一致 / 院長名一致,"[{""reason"": ""HTTP 403。手動で確認してください。"", ""url"": ""https://www.nihonbashi-f-laser.com/surgery/""}, {""reason"": ""アクセス制限があるため、このサイトの取得を停止しました。"", ""url"": ""https://www.nihonbashi-f-laser.com/cosmetic/""}, {""reason"": ""アクセス制限があるため、このサイトの取得を停止しました。"", ""url"": ""https://www.nihonbashi-f-laser.com/child/""}, {""reason"": ""アクセス制限があるため、このサイトの取得を停止しました。"", ""url"": ""https://www.nihonbashi-f-laser.com/laser-hardware/""}, {""reason"": ""アクセス制限があるため、このサイトの取得を停止しました。"", ""url"": ""https://www.nihonbashi-f-laser.com/blog/clinic/0352555520""}, {""reason"": ""アクセス制限があるため、このサイトの取得を停止しました。"", ""url"": ""https://www.nihonbashi-f-laser.com/blog/2026/04/post-117-875011.html""}, {""reason"": ""アクセス制限があるため、このサイトの取得を停止しました。"", ""url"": ""https://www.nihonbashi-f-laser.com/blog/2026/03/post-113-873272.html""}, {""reason"": ""アクセス制限があるため、このサイトの取得を停止しました。"", ""url"": ""https://www.nihonbashi-f-laser.com/blog/2025/11/part2-1-861480.html""}, {""reason"": ""アクセス制限があるため、このサイトの取得を停止しました。"", ""url"": ""https://www.nihonbashi-f-laser.com/blog/clinic/kizuato/""}, {""reason"": ""アクセス制限があるため、このサイトの取得を停止しました。"", ""url"": ""https://www.nihonbashi-f-laser.com/blog/clinic/index.html""}, {""reason"": ""アクセス制限があるため、このサイトの取得を停止しました。"", ""url"": ""https://www.nihonbashi-f-laser.com/blog/clinic/index_2.html""}, {""reason"": ""アクセス制限があるため、このサイトの取得を停止しました。"", ""url"": ""https://www.nihonbashi-f-laser.com/blog/clinic/index_3.html""}, {""reason"": ""アクセス制限があるため、このサイトの取得を停止しました。"", ""url"": ""https://www.nihonbashi-f-laser.com/blog/clinic/index_4.html""}]",,
566,医療法人社団　すずらん　せいこレディースクリニック銀座,東京都,2010-10-01,https://seikoginza.com/,https://seikoginza.com/,SUCCESS,VERIFIED,B,9,,島本　長青,1997,,98.2%,MODEL_ESTIMATE,https://seikoginza.com/about/,1,Medical DOC掲載,Medical DOC掲載｜信頼できる医療機関を探せる Medical DOC 信頼できる医療機関を探せる Medical DOC 診療内容 診療内容一覧 → https://md.medicaldoc.jp/tokyo-abortion/,集客投資シグナルあり,電話番号一致 / 医院名がページ見出しに一致 / 院長名一致,"[{""reason"": ""HTTP 404。手動で確認してください。"", ""url"": ""https://seikoginza.com/abortion/""}]",,
567,岡添耳鼻咽喉科クリニック,東京都,2010-08-30,http://www.okazoe-jibika.com/,https://www.okazoe-jibika.com/,SUCCESS,VERIFIED,B,10,,岡添　介,,,,UNKNOWN,厚生局指定年月日 2010-08-30 を確認（年齢は直接算出不可）,1,オンライン診療,オンライン診療｜オンライン診療 の 受付はこちらから</a > オンライン診療 の 受付はこちらから</a > → https://www.kusurinomadoguchi.com/remote/consultation/select?department_id=255041,集客投資シグナルあり,電話番号一致 / 医院名がページ見出しに一致,[],,
568,医療法人社団　公和会　名倉整形外科,東京都,2010-11-01,https://nagura-seikei.net/,https://nagura-seikei.net/,SUCCESS,VERIFIED,C,7,,名倉　武雄,1992,,65.7%,MODEL_ESTIMATE,https://nagura-seikei.net/%E3%83%89%E3%82%AF%E3%82%BF%E3%83%BC%E7%B4%B9%E4%BB%8B,1,Doctors File掲載,Doctors File掲載｜ドクターズファイルに掲載されました → https://doctorsfile.jp/h/29042/mt/1/,集客投資シグナルあり,電話番号一致 / 医院名がページ見出しに一致,[],,
571,日本橋内科・アレルギー科クリニック,東京都,2011-02-01,http://nihonbashi-allergy.jp/,https://nihonbashi-allergy.jp/,SUCCESS,VERIFIED,C,7,,竹内　聡美,1985,,0.0%,MODEL_ESTIMATE,https://nihonbashi-allergy.jp/clinic/,0,,,通常,電話番号一致 / 医院名がページ見出しに一致,[],,
572,日本橋はま眼科クリニック,東京都,2011-02-01,http://www.hama-ganka.jp/,https://www.hama-ganka.jp/,SUCCESS,VERIFIED,C,6,緑内障,石川　由起子,,,,UNKNOWN,厚生局指定年月日 2011-02-01 を確認（年齢は直接算出不可）,0,,,通常,電話番号一致 / 医院名がページ見出しに一致,[],,
573,医療法人社団　ブレイン・ヘルス　銀座内科・神経内科クリニック,東京都,2011-01-01,http://www.ginzanaika.com/,https://www.ginzanaika.com/,SUCCESS,VERIFIED,A,12,糖尿病,霜田　里絵,,,,UNKNOWN,厚生局指定年月日 2011-01-01 を確認（年齢は直接算出不可）,1,地域ドクターズ掲載,地域ドクターズ掲載｜霜田 里絵 院長 独占インタビュー掲載されました！ 院長紹介 院長 医学博士 霜田 里絵 学歴・最終学部 昭和63年 順天堂大学 医学部卒業 平成9年 順天堂大学大学院神経学修了 平成1７年 銀座内科・神経内科クリニック開院 学位取得 平成9年 順天堂大学医学部大学院にてパーキンソン病の研究で医学博士号取得 勤務歴 順 → https://tokyo-doctors.com/clinicList/1143/interview,集客投資シグナルあり,電話番号一致 / 医院名がページ見出しに一致 / 院長名一致,[],,
574,医療法人社団　平郁会　日本橋かきがら町クリニック,東京都,2011-01-04,http://www.heiikukai.com/clinic/kakigara/,https://www.heiikukai.com/clinic/kakigara/,SUCCESS,VERIFIED,B,10,皮膚科,清水　淳,,,,UNKNOWN,厚生局指定年月日 2011-01-04 を確認（年齢は直接算出不可）,1,オンライン診療,オンライン診療｜オンライン診療 ・外来予約 オンライン診療 ・外来予約 → https://www.heiikukai.com/online-syoshin/,集客投資シグナルあり,電話番号一致 / 医院名がページ見出しに一致 / 院長名一致,[],,
575,勝どき小平眼科,東京都,2011-04-01,http://www.kachidoki-ganka.com/,http://www.kachidoki-ganka.com/,SUCCESS,VERIFIED,C,5,,小平　奈利,,,,UNKNOWN,厚生局指定年月日 2011-04-01 を確認（年齢は直接算出不可）,0,,,通常,電話番号一致 / 医院名がページ見出しに一致,[],,
576,厚生診療所,東京都,2011-05-02,http://kousei-med.jp/,https://kousei-med.jp/,SUCCESS,VERIFIED,C,6,,矢田　雄滋,,,,UNKNOWN,厚生局指定年月日 2011-05-02 を確認（年齢は直接算出不可）,0,,,通常,電話番号一致 / 医院名がページ見出しに一致,[],,
578,リバーシティこどもクリニック,東京都,2011-08-01,https://rc-kodomo.jp/,https://rc-kodomo.jp/,SUCCESS,VERIFIED,C,7,,設楽　利二,,,,UNKNOWN,厚生局指定年月日 2011-08-01 を確認（年齢は直接算出不可）,0,,,通常,電話番号一致 / 医院名がページ見出しに一致,[],,
580,医療法人　誠修会　ブレストクリニック築地,東京都,2011-07-07,https://breast-tsukiji.jp/,https://breast-tsukiji.jp/,SUCCESS,VERIFIED,B,10,,猿丸　修平,,,,UNKNOWN,厚生局指定年月日 2011-07-07 を確認（年齢は直接算出不可）,0,,,通常,電話番号一致 / 医院名がページ見出しに一致,[],,
581,医療法人社団　玉寄クリニック,東京都,2011-09-01,https://tamayose-cl.jp/,https://tamayose-cl.jp/,SUCCESS,VERIFIED,A,13,糖尿病,玉寄　兼治,1988,,0.0%,MODEL_ESTIMATE,https://tamayose-cl.jp/%E9%99%A2%E9%95%B7%E6%8C%A8%E6%8B%B6,1,Instagram公式運用,Instagram公式運用｜https://www.instagram.com/tamayose_clinic?igsh=NGVhN2U2NjQ0Yg%3D%3D&utm_source=qr,集客投資シグナルあり,電話番号一致 / 医院名がページ見出しに一致 / 院長名一致,[],,
585,公益財団法人　朝日生命成人病研究所　附属医院,東京都,2011-10-01,http://www.asahi-life.or.jp/,https://asahi-life.or.jp/,SUCCESS,VERIFIED,B,10,内視鏡 / 糖尿病 / 循環器内科,春日　雅人,,,,UNKNOWN,厚生局指定年月日 2011-10-01 を確認（年齢は直接算出不可）,0,,,通常,電話番号一致 / 医院名がページ見出しに一致,[],,
586,り・としや眼科クリニック,東京都,2011-11-01,http://leetoshiya.jp/,https://leetoshiya.jp/,SUCCESS,VERIFIED,A,12,白内障 / 緑内障,李　俊哉,,,,UNKNOWN,厚生局指定年月日 2011-11-01 を確認（年齢は直接算出不可）,0,,,通常,電話番号一致 / 医院名がページ見出しに一致 / 院長名一致,[],,
587,医療法人社団　順医会　京橋クリニック,東京都,2011-10-25,http://kyobashi-clinic.com/,https://kyobashi-clinic.com/,SUCCESS,VERIFIED,A,12,ED / 循環器内科,山﨑　明男,,,,UNKNOWN,厚生局指定年月日 2011-10-25 を確認（年齢は直接算出不可）,2,HP制作会社の制作実績 / 地域ドクターズ掲載,HP制作会社の制作実績｜内科ホームページ制作 © 京橋クリニック 内科ホームページ制作 → http://tokuraku.jp/ / 地域ドクターズ掲載｜中央区ドクターズ 院長インタビュー 中央区ドクターズ 院長インタビュー → https://tokyo-doctors.com/clinicList/32913/interview/,アツい,電話番号一致 / 医院名がページ見出しに一致 / 院長名一致,[],,
588,泰明小前クリニック,東京都,2012-02-01,https://taimeishomae.resv.jp/,https://taimeishomae.resv.jp/,SUCCESS,VERIFIED,C,4,,尾形　昌男,1987,,0.0%,MODEL_ESTIMATE,https://taimeishomae.resv.jp/,0,,,通常,電話番号一致 / 医院名がページ見出しに一致 / 院長名一致,[],,
589,弓削医院,東京都,2012-04-01,https://yuge-iin.com/,https://yuge-iin.com/,SUCCESS,VERIFIED,B,10,泌尿器科 / 皮膚科,弓削　文一,,,,UNKNOWN,厚生局指定年月日 2012-04-01 を確認（年齢は直接算出不可）,0,,,通常,電話番号一致 / 医院名がページ見出しに一致 / 住所一致 / 院長名一致,[],,
595,リバーシティクリニック東京,東京都,2012-09-01,https://rivercity-clinic.jp/,https://rivercity-clinic.jp/,SUCCESS,VERIFIED,B,9,内視鏡,南川　里抄,,,,REVIEW,UNKNOWN,0,,,通常,電話番号一致 / 医院名がページ見出しに一致,[],,
597,東京腰痛クリニック,東京都,2012-12-01,https://www.tokyo-itoortho.jp/,https://www.tokyo-itoortho.jp/,SUCCESS,VERIFIED,B,8,,三浦　恭志,,,,UNKNOWN,厚生局指定年月日 2012-12-01 を確認（年齢は直接算出不可）,3,Doctors File掲載 / Medical DOC掲載 / YouTube公式運用,Doctors File掲載｜東京腰痛クリニック 三浦恭志 院長 → https://doctorsfile.jp/h/36664/df/1/ / Medical DOC掲載｜【2025年】東京都の椎間板ヘルニア おすすめしたい11医院 → https://medicaldoc.jp/m/recommend-m/tokyo-tsuikanbanherunia/ / YouTube公式運用｜https://www.youtube.com/@%E6%9D%B1%E4%BA%AC%E8%85%B0%E7%97%9B%E3%82%AF%E3%83%AA%E3%83%8B%E3%83%83%E3%82%AF,かなりアツい,電話番号一致 / 医院名がページ見出しに一致 / 院長名一致,[],,
599,銀座整形外科,東京都,2013-05-01,http://ginzaseikei.jp/,https://ginzaseikei.jp/,SUCCESS,VERIFIED,B,8,,山田　智彦,1996,,96.9%,MODEL_ESTIMATE,https://ginzaseikei.jp/doctor.html,1,Doctors File掲載,Doctors File掲載｜doctorsfile トピックス → https://doctorsfile.jp/h/179429/mt/1/,集客投資シグナルあり,電話番号一致 / 医院名がページ見出しに一致 / 院長名一致,[],,
601,ツカモト銀座クリニック,東京都,2013-05-01,http://tsukamoto-ginza-clinic.jp/,https://tsukamoto-ginza-clinic.jp/,SUCCESS,VERIFIED,C,4,,塚本　拓司,,,,UNKNOWN,厚生局指定年月日 2013-05-01 を確認（年齢は直接算出不可）,0,,,通常,電話番号一致 / 医院名がページ見出しに一致 / 院長名一致,[],,
602,医療法人社団　参英会　岩佐耳鼻咽喉科,東京都,2013-03-28,https://kyobashi-ent.com/,https://kyobashi-ent.com/,SUCCESS,VERIFIED,B,11,内視鏡,野島　愛来,,,,UNKNOWN,厚生局指定年月日 2013-03-28 を確認（年齢は直接算出不可）,1,LINE公式運用,LINE公式運用｜https://lin.ee/XtmFDb7,集客投資シグナルあり,電話番号一致 / 医院名がページ見出しに一致 / 院長名一致,[],,
603,八丁堀メンタルクリニック,東京都,2013-07-01,http://hatchobori-mental.jp/,https://hatchobori-mental.jp/,SUCCESS,VERIFIED,C,7,,谷村　淳,,,,UNKNOWN,厚生局指定年月日 2013-07-01 を確認（年齢は直接算出不可）,0,,,通常,電話番号一致 / 医院名がページ見出しに一致,[],,
604,東京プライベートクリニック,東京都,2013-07-01,https://www.tokyoprivateclinic.com/,https://www.tokyoprivateclinic.com/,SUCCESS,VERIFIED,C,6,,金田　真由美,,,,UNKNOWN,厚生局指定年月日 2013-07-01 を確認（年齢は直接算出不可）,2,Instagram公式運用 / LINE公式運用,Instagram公式運用｜https://www.instagram.com/tokyoprivateclinic/?igshid=YmMyMTA2M2Y%3D / LINE公式運用｜https://lin.ee/uSG1SlG,アツい,電話番号一致 / 医院名がページ見出しに一致,"[{""reason"": ""HTTP 429。手動で確認してください。"", ""url"": ""https://www.tokyoprivateclinic.com""}, {""reason"": ""アクセス制限があるため、このサイトの取得を停止しました。"", ""url"": ""https://www.tokyoprivateclinic.com/クリニックについて""}, {""reason"": ""アクセス制限があるため、このサイトの取得を停止しました。"", ""url"": ""https://www.tokyoprivateclinic.com/アクセス""}, {""reason"": ""アクセス制限があるため、このサイトの取得を停止しました。"", ""url"": ""https://www.tokyoprivateclinic.com/幹細胞治療""}, {""reason"": ""アクセス制限があるため、このサイトの取得を停止しました。"", ""url"": ""https://www.tokyoprivateclinic.com/血液浄化療法""}, {""reason"": ""アクセス制限があるため、このサイトの取得を停止しました。"", ""url"": ""https://www.tokyoprivateclinic.com/幹細胞培養上清液""}, {""reason"": ""アクセス制限があるため、このサイトの取得を停止しました。"", ""url"": ""https://www.tokyoprivateclinic.com/美容医療""}, {""reason"": ""アクセス制限があるため、このサイトの取得を停止しました。"", ""url"": ""https://www.tokyoprivateclinic.com/キャンペーン""}]",,
606,たわらクリニック東京,東京都,2013-08-01,https://www.tawara-clinic.com/clinic-tokyo/,https://www.tawara-clinic.com/clinic-tokyo,SUCCESS,VERIFIED,B,8,,山口　裕太,,,,UNKNOWN,厚生局指定年月日 2013-08-01 を確認（年齢は直接算出不可）,2,Instagram公式運用 / オンライン診療,Instagram公式運用｜https://www.instagram.com/tawara_clinic/ / オンライン診療｜Tokyo Clinic (English) 通院の負担を減らす、便利で柔軟な診療体制 たわらクリニック東京では、オンライン診療に対応し、処方されたお薬をご自宅までお届けする「宅薬便」サービスもご利用いただけます。さらに、2026年11月から英語診療を開始予定。忙しい方や通院が難しい方、外国人の方にも受診しやすい診療体 → https://www.tawara-clinic.com/en,アツい,電話番号一致 / 医院名がページ見出しに一致 / 院長名一致,[],,
611,東銀座　小川診療所,東京都,2014-04-01,http://www.ogawa-med.jp/,https://www.ogawa-med.jp/,SUCCESS,VERIFIED,B,9,泌尿器科 / 皮膚科,小川　正至,,,,REVIEW,UNKNOWN,0,,,通常,電話番号一致 / 医院名がページ見出しに一致,[],,
613,医療法人社団　真高会　両角レディースクリニック,東京都,2014-04-01,https://morozumi-lc.com/,https://www.morozumi-lc.com:443/,SUCCESS,VERIFIED,B,11,,両角　和人,,,,UNKNOWN,厚生局指定年月日 2014-04-01 を確認（年齢は直接算出不可）,3,YouTube公式運用 / Instagram公式運用 / オンライン診療,YouTube公式運用｜https://www.youtube.com/@MorozumiLadiesClinic/playlists / Instagram公式運用｜https://www.instagram.com/morozumi_ladies_clinic/ / オンライン診療｜オンライン診療における特定商取引法に基づく表記 オンライン診療における特定商取引法に基づく表記 → https://www.morozumi-lc.com:443/legal,かなりアツい,電話番号一致 / 医院名がページ見出しに一致 / 院長名一致,[],,
614,医療法人社団　紀夢会　八重洲大島眼科,東京都,2014-07-01,http://www.yaesuoshima.com/,http://www.yaesuoshima.com/,SUCCESS,VERIFIED,C,7,白内障 / 緑内障,岡島　修,,,,UNKNOWN,厚生局指定年月日 2014-07-01 を確認（年齢は直接算出不可）,1,Doctors File掲載,Doctors File掲載｜（外部リンク）＞ （外部リンク）＞ → https://doctorsfile.jp/h/41180/df/1/,集客投資シグナルあり,電話番号一致 / 医院名がページ見出しに一致,[],,
615,東銀座クリニック,東京都,2014-06-01,https://www.higashiginzaclinic.com/,https://www.higashiginzaclinic.com/,SUCCESS,VERIFIED,C,7,,大江　康雄,,,,UNKNOWN,厚生局指定年月日 2014-06-01 を確認（年齢は直接算出不可）,0,,,通常,電話番号一致 / 医院名がページ見出しに一致,[],,
616,医療法人社団　慶仁舎　月島タワークリニック,東京都,2014-06-01,http://www.ttowerc.com/,http://www.ttowerc.com/,SUCCESS,VERIFIED,D,3,,葛岡　真彦,,,,UNKNOWN,厚生局指定年月日 2014-06-01 を確認（年齢は直接算出不可）,0,,,通常,電話番号一致 / 医院名がページ見出しに一致,[],,
617,人形町乳腺クリニック,東京都,2014-08-01,http://ningyocho-bc.jp/,https://ningyocho-bc.jp/,SUCCESS,VERIFIED,C,7,,師田　暁,,,,UNKNOWN,厚生局指定年月日 2014-08-01 を確認（年齢は直接算出不可）,0,,,通常,電話番号一致 / 医院名がページ見出しに一致,"[{""reason"": ""HTTP 404。手動で確認してください。"", ""url"": ""https://ningyocho-bc.jp/ncheckup/""}]",,
618,鼻のクリニック東京,東京都,2014-07-01,http://nose-clinic.jp/,https://nose-clinic.jp/,SUCCESS,VERIFIED,B,9,,黄川田　徹,1974,,0.0%,MODEL_ESTIMATE,https://nose-clinic.jp/doctors/,1,AIチャット導入,AIチャット導入｜チャットウィジェット埋込を確認,集客投資シグナルあり,電話番号一致 / 医院名がページ見出しに一致,[],,
619,茅場町パークサイドクリニック,東京都,2014-11-01,http://www.dr-sakurai.com/,https://www.dr-sakurai.com/,SUCCESS,VERIFIED,B,8,糖尿病,櫻井　達也,1990,,0.0%,MODEL_ESTIMATE,https://www.dr-sakurai.com/about.html,0,,,通常,電話番号一致 / 医院名がページ見出しに一致,[],,
622,医療法人社団　ＢＯＨ　細野クリニック,東京都,2014-11-01,https://www.hosono-clinic.com/,https://www.hosono-clinic.com/,SUCCESS,VERIFIED,A,13,皮膚科,細野　周作,,,,UNKNOWN,厚生局指定年月日 2014-11-01 を確認（年齢は直接算出不可）,3,HP制作会社の制作実績 / YouTube公式運用 / Instagram公式運用,HP制作会社の制作実績｜produced by FARO Copyright © 細野クリニック All rights reserved. 東京都中央区京橋1-6-11 カンケン京橋ビル2F TEL 03-3563-0577 produced by FARO → http://www.faro-co.jp / YouTube公式運用｜https://www.youtube.com/channel/UCVUThJKFJfkFLkxkJa91NKg / Instagram公式運用｜https://www.instagram.com/dr.hosono/,かなりアツい,電話番号一致 / 医院名がページ見出しに一致 / 院長名一致,[],,
623,日本橋形成外科,東京都,2014-10-26,https://www.nihonbashi-ps.jp/,https://www.nihonbashi-ps.jp/,SUCCESS,VERIFIED,B,9,皮膚科,網倉　良安,,,,UNKNOWN,厚生局指定年月日 2014-10-26 を確認（年齢は直接算出不可）,0,,,通常,電話番号一致 / 医院名がページ見出しに一致,[],,
624,茅場町こころのケアクリニック,東京都,2014-12-21,https://www.kk-c.com/,https://www.kk-c.com/,SUCCESS,VERIFIED,C,6,,安保　肇子,,,,UNKNOWN,厚生局指定年月日 2014-12-21 を確認（年齢は直接算出不可）,0,,,通常,電話番号一致 / 医院名がページ見出しに一致 / 院長名一致,[],,
625,医療法人社団　兜中央会　中島クリニック,東京都,2015-02-01,https://www.nakajimaclinic.com/,https://www.nakajimaclinic.com/,SUCCESS,VERIFIED,A,12,内視鏡 / ED,中島　興治,,,,REVIEW,UNKNOWN,0,,,通常,電話番号一致 / 医院名がページ見出しに一致,[],,
627,ＫＩＳＨＩ　ＣＬＩＮＩＣＡ　ＦＥＭＩＮＡ,東京都,2015-05-01,http://www.kishiclinicafemina.jp/,https://www.kishiclinicafemina.jp/,SUCCESS,VERIFIED,C,6,,岸　郁子,,,,UNKNOWN,厚生局指定年月日 2015-05-01 を確認（年齢は直接算出不可）,0,,,通常,電話番号一致 / 医院名がページ見出しに一致 / 院長名一致,[],,
629,医療法人社団　健元会　東京デイサージェリークリニック,東京都,2015-04-01,http://tokyo-dsc.jp/,https://tokyo-dsc.jp/,SUCCESS,VERIFIED,A,14,内視鏡,栁　健,,,,UNKNOWN,厚生局指定年月日 2015-04-01 を確認（年齢は直接算出不可）,3,Doctors File掲載 / オンライン診療 / 治療専門サイト,Doctors File掲載｜クリニック・ドクターについての情報はこちら → http://doctorsfile.jp/h/41156/df/1/ / オンライン診療｜オンライン診療「クリニクス」 → https://clinics.medley.life/clinics/60ffc8e849a05e310d09abde / 治療専門サイト｜https://www.tokyo-dsc.com,かなりアツい,電話番号一致 / 医院名がページ見出しに一致,[],,
630,いしせ脳神経外科クリニック,東京都,2015-04-01,https://www.ishise.com/,https://www.ishise.com/,SUCCESS,VERIFIED,B,10,,石瀬　淳,,,,UNKNOWN,厚生局指定年月日 2015-04-01 を確認（年齢は直接算出不可）,0,,,通常,電話番号一致 / 医院名がページ見出しに一致,[],,
631,茅場町胃腸クリニック,東京都,2015-05-01,https://www.kayaba-icho.jp/,https://www.kayaba-icho.jp/,SUCCESS,VERIFIED,B,8,内視鏡,正田　聡,,,,UNKNOWN,厚生局指定年月日 2015-05-01 を確認（年齢は直接算出不可）,0,,,通常,電話番号一致 / 医院名がページ見出しに一致,[],,
632,佃リバーシティ皮膚科,東京都,2015-08-01,http://tsukuda-hifuka.com/,https://tsukuda-hifuka.com/,SUCCESS,VERIFIED,A,14,皮膚科,谷戸　克己,1993,,82.8%,MODEL_ESTIMATE,https://tsukuda-hifuka.com/clinic/,1,Medical DOC掲載,Medical DOC掲載｜保健医療機関における書面掲示事項について 保健医療機関における書面掲示事項について → https://medicaldoc.jp/medical-revision/tsukuda-hifuka/,集客投資シグナルあり,電話番号一致 / 医院名がページ見出しに一致 / 院長名一致,[],,
633,東銀座タカハシクリニック,東京都,2015-06-26,https://www.hgintakah.com/,https://www.hgintakah.com/,SUCCESS,VERIFIED,C,4,,髙橋　博樹,1988,,0.0%,MODEL_ESTIMATE,https://www.hgintakah.com/page3,0,,,通常,電話番号一致 / 医院名がページ見出しに一致 / 院長名一致,[],,
634,医療法人社団　東京聖蹟会　東京国際クリニック,東京都,2015-07-01,https://www.period.tokyo/,https://www.period.tokyo/,SUCCESS,VERIFIED,B,9,,清水　智幸,,,,UNKNOWN,厚生局指定年月日 2015-07-01 を確認（年齢は直接算出不可）,2,Doctors File掲載 / Instagram公式運用,Doctors File掲載｜インタビュー記事 『ドクターズ・ファイル』 ドクターズ・ファイル ドクターズ・ファイル インタビュー記事 『ドクターズ・ファイル』 → https://doctorsfile.jp/h/177730/df/1/ / Instagram公式運用｜https://www.instagram.com/tic_dental/,アツい,電話番号一致 / 医院名がページ見出しに一致 / 院長名一致,[],,
635,いしいクリニック築地,東京都,2015-09-01,http://ishii-skin.jp/,https://ishii-skin.jp/,SUCCESS,VERIFIED,A,14,糖尿病 / 皮膚科,石井　康多,,,,UNKNOWN,厚生局指定年月日 2015-09-01 を確認（年齢は直接算出不可）,2,Instagram公式運用 / LINE公式運用,Instagram公式運用｜https://www.instagram.com/ishii_skin?igsh=OGQ5ZDc2ODk2ZA%3D%3D&utm_source=qr / LINE公式運用｜https://lin.ee/pRedN6S,アツい,電話番号一致 / 医院名がページ見出しに一致,[],,
636,こやまレディースクリニック,東京都,2015-09-01,http://koyama-lc.com/,https://koyama-lc.com/,SUCCESS,VERIFIED,C,7,,小山　哲,,,,UNKNOWN,厚生局指定年月日 2015-09-01 を確認（年齢は直接算出不可）,0,,,通常,電話番号一致 / 医院名がページ見出しに一致,[],,
638,アレジオ銀座クリニック,東京都,2015-09-01,https://www.ginza-clinic.com/,https://www.ginza-clinic.com/,SUCCESS,VERIFIED,B,11,,呉　孟達,,,,UNKNOWN,厚生局指定年月日 2015-09-01 を確認（年齢は直接算出不可）,2,Instagram公式運用 / 治療専門サイト,Instagram公式運用｜https://www.instagram.com/allego_ginza_clinic/ / 治療専門サイト｜http://www.ginza-clinic.net/case/index.html,アツい,電話番号一致 / 医院名がページ見出しに一致,[],,
639,医療法人社団　実直会　冨田実アイクリニック銀座,東京都,2015-10-01,https://www.tomita-ginza.com/,https://www.tomita-ginza.com/,SUCCESS,VERIFIED,A,14,白内障 / 緑内障 / ICL / 糖尿病,冨田　実,1991,,31.2%,MODEL_ESTIMATE,https://www.tomita-ginza.com/profile/greeting/,5,Doctors File掲載 / 地域ドクターズ掲載 / YouTube公式運用 / Instagram公式運用 / LINE公式運用,Doctors File掲載｜ → https://doctorsfile.jp/h/40814/df/1/ / 地域ドクターズ掲載｜ → https://tokyo-doctors.com/clinicList/799/interview/ / YouTube公式運用｜https://www.youtube.com/@tomita-ginza / Instagram公式運用｜https://www.instagram.com/tomitaginza/ / LINE公式運用｜https://lin.ee/tDnmHMp,かなりアツい,電話番号一致 / 医院名がページ見出しに一致 / 院長名一致,[],,
640,東京銀座スキンケアクリニック,東京都,2015-10-01,http://tokyo-ginzaskin.com/,https://tokyo-ginzaskin.com/,SUCCESS,VERIFIED,B,10,皮膚科,三浦　麻由佳,,,,UNKNOWN,厚生局指定年月日 2015-10-01 を確認（年齢は直接算出不可）,2,LINE公式運用 / オンライン診療,LINE公式運用｜https://lin.ee/fxkS4x3 / オンライン診療｜お薬をご希望の方はオンライン診療もうけたまわります。 → https://tokyo-ginzaskin.com/login/inquiryedit,アツい,電話番号一致 / 医院名がページ見出しに一致 / 院長名一致,"[{""reason"": ""HTTP 404。手動で確認してください。"", ""url"": ""https://tokyo-ginzaskin.com/original9.html""}]",,
641,たけぶちファミリークリニック,東京都,2015-10-01,http://takebuchi-fc.com/,http://takebuchi-fc.com/,SUCCESS,VERIFIED,B,8,,柄澤　千登世,1994,,90.6%,MODEL_ESTIMATE,http://takebuchi-fc.com/doctor.html,0,,,通常,電話番号一致 / 医院名がページ見出しに一致,[],,
643,医療法人社団　知洋会　勝どき耳鼻咽喉科・内科クリニック,東京都,2015-11-01,http://chiyokai.com/,http://chiyokai.com/,SUCCESS,VERIFIED,D,3,,苦瓜　知彦,1982,,0.0%,MODEL_ESTIMATE,http://chiyokai.com/doctor/,0,,,通常,電話番号一致 / 医院名がページ見出しに一致,[],,
644,医療法人社団　聖愛会　中込眼科,東京都,2015-11-01,http://nakagomiganka.com/,https://nakagomiganka.com/,SUCCESS,VERIFIED,B,9,白内障 / 緑内障,中込　豊,,,,UNKNOWN,厚生局指定年月日 2015-11-01 を確認（年齢は直接算出不可）,0,,,通常,電話番号一致 / 医院名がページ見出しに一致,[],,
645,銀座泰江内科クリニック,東京都,2015-11-01,http://www.ginza-ys-clinic.com/,https://www.ginza-ys-clinic.com/,SUCCESS,VERIFIED,B,11,糖尿病 / 循環器内科,泰江　慎太郎,,,,UNKNOWN,厚生局指定年月日 2015-11-01 を確認（年齢は直接算出不可）,2,Doctors File掲載 / Instagram公式運用,Doctors File掲載｜ → https://doctorsfile.jp/h/36586/df/1/ / Instagram公式運用｜https://www.instagram.com/ginza_yasue_clinic/,アツい,電話番号一致 / 医院名がページ見出しに一致,[],,
646,医療法人社団　桜緑会　日本橋さくらクリニック,東京都,2016-01-01,http://ouryokukai.jp/,https://ouryokukai.jp/,SUCCESS,VERIFIED,B,9,糖尿病 / 皮膚科,伊藤　公美恵,,,,UNKNOWN,厚生局指定年月日 2016-01-01 を確認（年齢は直接算出不可）,1,HP制作会社の制作実績,HP制作会社の制作実績｜医院ホームページ作成のMEDICA Copyright© 2011 Yaesu Sakuradori Clinic All right reserved. produced by 医院ホームページ作成のMEDICA → https://medica-web.jp/,集客投資シグナルあり,電話番号一致 / 医院名がページ見出しに一致,[],,
648,医療法人社団　芦葉会　築地皮膚と手のクリニック,東京都,2016-04-01,http://hifu-te.jp/,https://hifu-te.jp/,SUCCESS,VERIFIED,C,5,皮膚科,木村　直弘,,,,UNKNOWN,厚生局指定年月日 2016-04-01 を確認（年齢は直接算出不可）,0,,,通常,電話番号一致 / 医院名がページ見出しに一致 / 住所一致,[],,
649,医療法人社団　翠桜会　かちどき皮膚科クリニック,東京都,2016-03-31,http://www.kachidokihifu.com/,http://www.kachidokihifu.com/,SUCCESS,VERIFIED,C,5,皮膚科,野呂　佐知子,,,,UNKNOWN,厚生局指定年月日 2016-03-31 を確認（年齢は直接算出不可）,0,,,通常,電話番号一致 / 医院名がページ見出しに一致,[],,
650,東日本橋整形外科　手のクリニック,東京都,2016-06-01,http://www.seikei-tegeka.com/,https://www.seikei-tegeka.com/,SUCCESS,VERIFIED,B,9,,高橋　勇次,1993,,82.8%,MODEL_ESTIMATE,https://www.seikei-tegeka.com//clinic/,1,HP制作会社の制作実績,HP制作会社の制作実績｜DR.BRIDGE｜クリニックホームページ作成 クリニックホームページ制作 → https://www.dr-bridge.co.jp/,集客投資シグナルあり,電話番号一致 / 医院名がページ見出しに一致 / 院長名一致,[],,
651,銀座レンガ通りクリニック,東京都,2016-06-01,https://ginza-rengadori.com/,https://ginza-rengadori.com/,SUCCESS,VERIFIED,A,13,糖尿病,臼井　幸治,,,,UNKNOWN,厚生局指定年月日 2016-06-01 を確認（年齢は直接算出不可）,2,マイナビ記事掲載 / YouTube公式運用,マイナビ記事掲載｜東京都の自律神経失調症治療におすすめのクリニック10選｜症状も解説【2025年最新】 東京都の自律神経失調症治療におすすめのクリニック10選｜症状も解説【2025年最新】 → https://clinic.mynavi.jp/article/tokyo_autonomic-nerves/ / YouTube公式運用｜https://www.youtube.com/channel/UCLHXzVtKcJQxMYAw7Zwi5wQ,アツい,電話番号一致 / 医院名がページ見出しに一致,[],,
652,医療法人社団　楠原ウィメンズクリニック,東京都,2016-04-01,https://www.kusuhara-womens.jp/,https://www.kusuhara-womens.jp/,SUCCESS,VERIFIED,B,8,,大野　淳子,,,,UNKNOWN,厚生局指定年月日 2016-04-01 を確認（年齢は直接算出不可）,2,Instagram公式運用 / オンライン診療,Instagram公式運用｜https://www.instagram.com/kusuhara_womens_clinic/ / オンライン診療｜オンライン診療 オンライン診療 → https://www.kusuhara-womens.jp/online/,アツい,電話番号一致 / 医院名がページ見出しに一致,[],,
653,日本橋茅場町こころのクリニック,東京都,2016-09-01,https://cocoronoclinic.com/,https://cocoronoclinic.com/,SUCCESS,VERIFIED,C,6,,森田　道明,,,,UNKNOWN,厚生局指定年月日 2016-09-01 を確認（年齢は直接算出不可）,0,,,通常,電話番号一致 / 医院名がページ見出しに一致,[],,
654,晴海クリニック,東京都,2016-08-01,http://harumiclinic.com/,https://harumiclinic.com/,SUCCESS,VERIFIED,D,3,,片岡　喜直,,,,REVIEW,UNKNOWN,1,地域ドクターズ掲載,地域ドクターズ掲載｜東京ドクターズ インタービュー掲載されました → https://tokyo-doctors.com/clinicList/32750/interview/,集客投資シグナルあり,電話番号一致 / 医院名がページ見出しに一致,"[{""reason"": ""HTTP 404。手動で確認してください。"", ""url"": ""http://harumiclinic.com/injection""}]",,
657,晴海トリトン　夢未来クリニック,東京都,2016-10-01,https://yumemirai-clinic.net/,https://yumemirai-clinic.net/,SUCCESS,VERIFIED,B,10,皮膚科,井上　寛仁,,,,UNKNOWN,厚生局指定年月日 2016-10-01 を確認（年齢は直接算出不可）,0,,,通常,電話番号一致 / 医院名がページ見出しに一致,[],,
658,八重洲のぞみクリニック,東京都,2016-08-22,http://nozomi-c.com/,https://nozomi-c.com/,SUCCESS,VERIFIED,B,8,ED,内谷　栄一,1999,,99.1%,MODEL_ESTIMATE,https://nozomi-c.com/clinic/,1,オンライン診療,オンライン診療｜オンライン診療 オンライン診療 → https://nozomi-c.com/online/,集客投資シグナルあり,電話番号一致 / 医院名がページ見出しに一致,"[{""reason"": ""HTTP 404。手動で確認してください。"", ""url"": ""https://nozomi-c.com/flow/""}]",,
659,医療法人社団　東京慈光会　ひふのクリニック人形町,東京都,2016-10-01,http://atopy.com/,https://atopy.com/,SUCCESS,VERIFIED,C,6,,上出　良一,,,,UNKNOWN,厚生局指定年月日 2016-10-01 を確認（年齢は直接算出不可）,1,YouTube公式運用,YouTube公式運用｜https://www.youtube.com/@AtopyDoctor,集客投資シグナルあり,電話番号一致 / 医院名がページ見出しに一致,[],,
660,鈴木整形外科,東京都,2016-11-13,https://www.suzuki-seikei-geka.jp/,https://www.suzuki-seikei-geka.jp/,SUCCESS,VERIFIED,C,6,,鈴木　秀和,,,,UNKNOWN,厚生局指定年月日 2016-11-13 を確認（年齢は直接算出不可）,1,Doctors File掲載,Doctors File掲載｜ → https://doctorsfile.jp/h/29165/df/1/,集客投資シグナルあり,電話番号一致 / 医院名がページ見出しに一致 / 院長名一致,[],,
661,ヴェスタクリニック銀座,東京都,2017-04-01,http://vestaclinic.net/,https://www.vestaclinic.net/,SUCCESS,VERIFIED,C,7,,松嶋　圭,,,,UNKNOWN,厚生局指定年月日 2017-04-01 を確認（年齢は直接算出不可）,1,オンライン診療,オンライン診療｜オンライン診療 オンライン診療 → https://www.vestaclinic.net/on-line,集客投資シグナルあり,電話番号一致 / 医院名がページ見出しに一致 / 院長名一致,"[{""reason"": ""HTTP 429。手動で確認してください。"", ""url"": ""https://www.vestaclinic.net""}, {""reason"": ""アクセス制限があるため、このサイトの取得を停止しました。"", ""url"": ""https://www.vestaclinic.net/reserve""}, {""reason"": ""アクセス制限があるため、このサイトの取得を停止しました。"", ""url"": ""https://www.vestaclinic.net/features""}, {""reason"": ""アクセス制限があるため、このサイトの取得を停止しました。"", ""url"": ""https://www.vestaclinic.net/staff""}, {""reason"": ""アクセス制限があるため、このサイトの取得を停止しました。"", ""url"": ""https://www.vestaclinic.net/facility""}, {""reason"": ""アクセス制限があるため、このサイトの取得を停止しました。"", ""url"": ""https://www.vestaclinic.net/ict""}, {""reason"": ""アクセス制限があるため、このサイトの取得を停止しました。"", ""url"": ""https://www.vestaclinic.net/news""}, {""reason"": ""アクセス制限があるため、このサイトの取得を停止しました。"", ""url"": ""https://www.vestaclinic.net/first""}, {""reason"": ""アクセス制限があるため、このサイトの取得を停止しました。"", ""url"": ""https://www.vestaclinic.net/eap""}, {""reason"": ""アクセス制限があるため、このサイトの取得を停止しました。"", ""url"": ""https://www.vestaclinic.net/on-line""}, {""reason"": ""アクセス制限があるため、このサイトの取得を停止しました。"", ""url"": ""https://www.vestaclinic.net/medical-certificate""}, {""reason"": ""アクセス制限があるため、このサイトの取得を停止しました。"", ""url"": ""https://www.vestaclinic.net/mental""}, {""reason"": ""アクセス制限があるため、このサイトの取得を停止しました。"", ""url"": ""https://www.vestaclinic.net/medicine""}, {""reason"": ""アクセス制限があるため、このサイトの取得を停止しました。"", ""url"": ""https://www.vestaclinic.net/depression""}, {""reason"": ""アクセス制限があるため、このサイトの取得を停止しました。"", ""url"": ""https://www.vestaclinic.net/bipolar""}, {""reason"": ""アクセス制限があるため、このサイトの取得を停止しました。"", ""url"": ""https://www.vestaclinic.net/insomnia""}, {""reason"": ""アクセス制限があるため、このサイトの取得を停止しました。"", ""url"": ""https://www.vestaclinic.net/ad""}, {""reason"": ""アクセス制限があるため、このサイトの取得を停止しました。"", ""url"": ""https://www.vestaclinic.net/pd""}, {""reason"": ""アクセス制限があるため、このサイトの取得を停止しました。"", ""url"": ""https://www.vestaclinic.net/sad""}]",,
662,八重洲形成外科・美容皮膚科,東京都,2017-02-22,https://yaesukeisei.com/,https://yaesukeisei.com/,SUCCESS,VERIFIED,A,12,皮膚科,,,,,UNKNOWN,厚生局指定年月日 2017-02-22 を確認（年齢は直接算出不可）,4,TikTok公式運用 / Instagram公式運用 / LINE公式運用 / オンライン診療,TikTok公式運用｜https://www.tiktok.com/@yaesukeisei_?_t=ZS-90N05BrrY8G&_r=1 / Instagram公式運用｜https://www.instagram.com/yaesukeisei?igsh=YjU5dXVhdGtnbzNp&utm_source=qr / LINE公式運用｜https://lin.ee/uQzcS7r / オンライン診療｜オンライン診療 オンライン診療 → https://yaesukeisei.com/menu/telemedicine/,かなりアツい,電話番号一致 / 医院名がページ見出しに一致,[],,
664,つきじ心のクリニック,東京都,2017-05-01,https://tsukiji-kokoro.com/,https://tsukiji-kokoro.com/,SUCCESS,VERIFIED,B,9,,原　聡,,,,UNKNOWN,厚生局指定年月日 2017-05-01 を確認（年齢は直接算出不可）,1,オンライン診療,オンライン診療｜デジスマ診療によるオンライン診療を開始しました → https://qr.digikar-smart.jp/d60f8af5-c6de-41bd-9243-8595935b3119/reserve?gid=b300dcf5-540a-4b85-b587-56afcbcd9c1e,集客投資シグナルあり,電話番号一致 / 医院名がページ見出しに一致,"[{""reason"": ""HTTP 404。手動で確認してください。"", ""url"": ""https://tsukiji-kokoro.com/medical/medical/counseling.html""}, {""reason"": ""HTTP 404。手動で確認してください。"", ""url"": ""https://tsukiji-kokoro.com/medical/medical/medical01.html""}, {""reason"": ""HTTP 404。手動で確認してください。"", ""url"": ""https://tsukiji-kokoro.com/contact/medical/counseling.html""}, {""reason"": ""HTTP 404。手動で確認してください。"", ""url"": ""https://tsukiji-kokoro.com/contact/medical/medical01.html""}]",,
665,医療法人社団　誠次会　銀座胃腸クリニック,東京都,2017-04-01,http://ginzagc.com/,https://ginzagc.com/,SUCCESS,VERIFIED,D,2,,林　剛一,,,,UNKNOWN,厚生局指定年月日 2017-04-01 を確認（年齢は直接算出不可）,0,,,通常,電話番号一致 / 医院名がページ見出しに一致,[],,
666,人形町耳鼻咽喉科めまいクリニック,東京都,2017-06-01,http://www.ningyocho-ent.com/,https://www.ningyocho-ent.com/,SUCCESS,VERIFIED,B,8,,岩崎　朱見,,,,UNKNOWN,厚生局指定年月日 2017-06-01 を確認（年齢は直接算出不可）,4,Medical DOC掲載 / Instagram公式運用 / LINE公式運用 / オンライン診療,Medical DOC掲載｜ → https://medicaldoc.jp/clinic/2001071904/review-2001071904/ / Instagram公式運用｜http://www.instagram.com/ningyocho_memai?igsh=NHRheXNbnNubDA5&utm_source=qr / LINE公式運用｜https://lin.ee/xyq8hmb / オンライン診療｜オンライン診療 『 オンライン診療 』 → https://www.ningyocho-ent.com/onlineguide,かなりアツい,電話番号一致 / 医院名がページ見出しに一致 / 院長名一致,"[{""reason"": ""robots.txtで取得が許可されていません。"", ""url"": ""https://www.ningyocho-ent.com/library/582eb1c8624fa81a4ae309c8/66fad2b67b3a930a826bcec3.docx""}, {""reason"": ""robots.txtで取得が許可されていません。"", ""url"": ""https://www.ningyocho-ent.com/library/582eb1c8624fa81a4ae309c8/696e5738e4dcb60c0924f932.docx""}]",,
667,勝どき小児クリニック,東京都,2017-06-01,http://kachidoki-sc.com/,https://kachidoki-sc.com/,SUCCESS,VERIFIED,B,8,,大戸　秀恭,,,,UNKNOWN,厚生局指定年月日 2017-06-01 を確認（年齢は直接算出不可）,1,Instagram公式運用,Instagram公式運用｜https://www.instagram.com/kachidoki_shoni?igsh=MWV2eTZ2anVpcWY3ZQ==,集客投資シグナルあり,電話番号一致 / 医院名がページ見出しに一致,[],,
669,医療法人社団　星集会　エー・ジー・イー牧田クリニック,東京都,2017-05-01,http://www.ageclinic.com/,https://www.ageclinic.com/,SUCCESS,VERIFIED,B,8,糖尿病,牧田　善二,1979,,0.0%,MODEL_ESTIMATE,https://www.ageclinic.com/doctor/,0,,,通常,電話番号一致 / 医院名がページ見出しに一致,[],,
671,銀座こうのとりレディースクリニック,東京都,2017-09-01,http://www.ginzakounotori.com/,https://ginzakounotori.com/,SUCCESS,VERIFIED,B,10,,嶋田　秀仁,,,,UNKNOWN,厚生局指定年月日 2017-09-01 を確認（年齢は直接算出不可）,2,Doctors File掲載 / Instagram公式運用,Doctors File掲載｜ドクターズ・ファイル → https://doctorsfile.jp/h/185054/df/1/ / Instagram公式運用｜https://www.instagram.com/ginzakounotoristaffinsta/,アツい,電話番号一致 / 医院名がページ見出しに一致,[],,
672,新富げんかクリニック,東京都,2017-08-01,https://www.shintomi-genka-cl.jp/,https://www.shintomi-genka-cl.jp/,SUCCESS,VERIFIED,B,9,内視鏡 / 循環器内科 / 皮膚科,源河　敦史,,,,UNKNOWN,厚生局指定年月日 2017-08-01 を確認（年齢は直接算出不可）,0,,,通常,電話番号一致 / 医院名がページ見出しに一致,[],,
675,リバーシティすずき整形外科,東京都,2017-10-02,http://suzuki-seikei.tokyo/,https://suzuki-seikei.tokyo/,SUCCESS,VERIFIED,B,9,,鈴木　秀彦,1993,,82.8%,MODEL_ESTIMATE,https://suzuki-seikei.tokyo/doctor.html,4,Doctors File掲載 / 地域ドクターズ掲載 / Instagram公式運用 / オンライン診療,Doctors File掲載｜スポーツ整形外科 診療案内 一般整形外科 スポーツ整形外科 小児整形外科 リハビリテーション科 リウマチ科 PRP・APS療法 SC-CM療法 体外衝撃波治療 → https://doctorsfile.jp/h/174400/mt/1/ / 地域ドクターズ掲載｜中央区ドクターズ → https://tokyo-doctors.com/clinicList/42726/interview/ / Instagram公式運用｜https://www.instagram.com/suzuki.seikei.tokyo/?igshid=YmMyMTA2M2Y= / オンライン診療｜オンライン診療 詳細はこちら オンライン診療 オンライン診療 詳細はこちら → https://clinics-app.com/clinic/5be3ab128798b95c03bcb57a,かなりアツい,電話番号一致 / 医院名がページ見出しに一致,[],,
678,銀座しまだ内科クリニック,東京都,2017-11-01,https://w-naika.com/,https://w-naika.com/,SUCCESS,VERIFIED,B,11,内視鏡 / 糖尿病 / ED,島田　昌彦,,,,UNKNOWN,厚生局指定年月日 2017-11-01 を確認（年齢は直接算出不可）,1,LINE公式運用,LINE公式運用｜https://lin.ee/CcD1Saa,集客投資シグナルあり,電話番号一致 / 医院名がページ見出しに一致 / 院長名一致,"[{""reason"": ""HTTP 404。手動で確認してください。"", ""url"": ""https://w-naika.com/medical/medical12.html""}]",,
679,リビジョンクリニック,東京都,2018-01-01,https://micocoro-ikb.jp/,https://micocoro-ikb.jp/,SUCCESS,VERIFIED,C,7,,池本　繁弘,1994,,90.6%,MODEL_ESTIMATE,https://micocoro-ikb.jp/doctor,0,,,通常,電話番号一致 / 医院名がページ見出しに一致 / 院長名一致,[],,
680,勝どき駅前耳鼻咽喉科・頭頸部甲状腺クリニック,東京都,2018-01-01,https://www.kachidoki-clinic.tokyo/,https://kachidoki-clinic.tokyo/,SUCCESS,VERIFIED,C,7,,林　智誠,2001,,99.3%,MODEL_ESTIMATE,https://kachidoki-clinic.tokyo/greeting/,2,LINE公式運用 / オンライン診療,LINE公式運用｜https://lin.ee/EAPq2ko / オンライン診療｜2026.7.24 オンライン診療再開いたします オンライン診療再開いたします 2026.7.24 オンライン診療再開いたします → https://kachidoki-clinic.tokyo/1221/,アツい,電話番号一致 / 医院名がページ見出しに一致,[],,
682,ミチワクリニック,東京都,2018-03-01,http://www.michiwaclinic.jp/,https://www.michiwaclinic.jp/,SUCCESS,VERIFIED,B,10,,佐久間　一穂,,,,UNKNOWN,厚生局指定年月日 2018-03-01 を確認（年齢は直接算出不可）,0,,,通常,電話番号一致 / 医院名がページ見出しに一致 / 院長名一致,[],,
683,医療法人社団　倖祐舎　東京シティメディカルクリニック,東京都,2018-04-09,http://www.tokyocity-mc.com/,https://www.tokyocity-mc.com/,SUCCESS,VERIFIED,C,4,,高山　敏夫,,,,UNKNOWN,厚生局指定年月日 2018-04-09 を確認（年齢は直接算出不可）,0,,,通常,電話番号一致 / 医院名がページ見出しに一致 / 院長名一致,[],,
686,勝どきみなみクリニック,東京都,2018-05-01,http://kachidoki-clinic.jp/,https://kachidoki-clinic.jp/,SUCCESS,VERIFIED,B,9,,南　愼一,,,,UNKNOWN,厚生局指定年月日 2018-05-01 を確認（年齢は直接算出不可）,1,オンライン診療,オンライン診療｜当院ではオンライン診療を実施しています → https://curon.co/home/guide?ref=header,集客投資シグナルあり,電話番号一致 / 医院名がページ見出しに一致 / 院長名一致,[],,
687,医療法人社団　すもも会　人形町こどもクリニック,東京都,2018-05-01,http://tsubasa-cello-trimboli.com/,https://tsubasa-cello-trimboli.com/,SUCCESS,VERIFIED,B,10,皮膚科,田中　翼,,,,UNKNOWN,厚生局指定年月日 2018-05-01 を確認（年齢は直接算出不可）,1,LINE公式運用,LINE公式運用｜https://lin.ee/87bUb6K,集客投資シグナルあり,電話番号一致 / 医院名がページ見出しに一致,"[{""reason"": ""HTMLページではありません。"", ""url"": ""https://tsubasa-cello-trimboli.com/wp-content/uploads/2026/05/b4b3bfd103623f8dfda009300e24d376-1.pages""}]",,
689,野本真由美クリニック銀座,東京都,2018-06-01,https://ginza-skinhealthcenter.com/,https://ginza-skinhealthcenter.com/,SUCCESS,VERIFIED,B,10,皮膚科,野本　真由美,,,,UNKNOWN,厚生局指定年月日 2018-06-01 を確認（年齢は直接算出不可）,2,Instagram公式運用 / オンライン診療,Instagram公式運用｜https://www.instagram.com/nomotomayumi_clinic.ginza/ / オンライン診療｜オンライン診療 オンライン診療 → https://app.curon.co/clinic/detail/QNhoOlDq-8mawwFdrRfmiaLczEZ0wCKXldkICTz5oLg,アツい,電話番号一致 / 医院名がページ見出しに一致 / 院長名一致,[],,
691,ラグラン銀座医院,東京都,2018-10-01,https://lagranginza.jp/,https://lagranginza.jp/,SUCCESS,VERIFIED,A,14,皮膚科,島内　香江,,,,UNKNOWN,厚生局指定年月日 2018-10-01 を確認（年齢は直接算出不可）,2,Instagram公式運用 / LINE公式運用,Instagram公式運用｜https://www.instagram.com/lagrandginzaiin/ / LINE公式運用｜https://line.me/R/ti/p/%40wuf4549g,アツい,電話番号一致 / 医院名がページ見出しに一致,[],,
692,銀座ストレスクリニック,東京都,2018-09-01,http://ginza-scl.jp/index.html,https://ginza-scl.jp/index.html,SUCCESS,VERIFIED,C,5,,小野　正美,1995,,94.6%,MODEL_ESTIMATE,https://ginza-scl.jp/greeting.html,1,Instagram公式運用,Instagram公式運用｜https://www.instagram.com/ginzastressclinic/,集客投資シグナルあり,電話番号一致 / 医院名がページ見出しに一致,[],,
694,みんなの内科クリニック人形町・水天宮,東京都,2018-11-01,https://minnano-naika.com/,https://minnano-naika.com/,SUCCESS,VERIFIED,C,5,,谷津　圭介,,,,UNKNOWN,厚生局指定年月日 2018-11-01 を確認（年齢は直接算出不可）,1,Doctors File掲載,Doctors File掲載｜Doctors File クリニック・ドクターについての情報はこちら → https://doctorsfile.jp/h/189674/df/1/,集客投資シグナルあり,電話番号一致 / 医院名がページ見出しに一致 / 院長名一致,[],,
695,医療法人社団　桜伸会　サンテクリニック,東京都,2018-11-01,http://www.sante-clinic.jp/,https://sante-clinic.jp/,SUCCESS,VERIFIED,C,7,,須藤　布美子,,,,UNKNOWN,厚生局指定年月日 2018-11-01 を確認（年齢は直接算出不可）,0,,,通常,電話番号一致 / 医院名がページ見出しに一致,"[{""reason"": ""HTTP 404。手動で確認してください。"", ""url"": ""https://sante-clinic.jp/course/comprehensive_health_screenings/""}]",,
696,日本橋整形外科クリニック,東京都,2018-10-01,http://nihonbashi-seikei.com/,https://nihonbashi-seikei.com/,SUCCESS,VERIFIED,C,7,,正木　創平,,,,REVIEW,UNKNOWN,0,,,通常,電話番号一致 / 医院名がページ見出しに一致,"[{""reason"": ""HTTP 404。手動で確認してください。"", ""url"": ""https://nihonbashi-seikei.com/info/2023_mask""}]",,
697,フィーカ　レディースクリニック,東京都,2018-12-01,http://fika-lc.jp/,https://fika-lc.jp/,SUCCESS,VERIFIED,B,8,,佐野　麻利子,2002,,99.3%,MODEL_ESTIMATE,https://fika-lc.jp/concept.php,4,Doctors File掲載 / マイナビ記事掲載 / Instagram公式運用 / オンライン診療,Doctors File掲載｜クリニックドクターについての情報 → https://doctorsfile.jp/h/190683/df/1/ / マイナビ記事掲載｜クリニックドクターについての情報 → https://woman.mynavi.jp/kosodate/articles/19338 / Instagram公式運用｜https://www.instagram.com/clinic_fika/ / オンライン診療｜同意書 初診のオンライン診療の方はこの同意書を記載して、melmoアプリ内にアップロードしていただきますようお願いいたします。 同意書 閉じる → https://fika-lc.jp/pdf/douisyo.pdf,かなりアツい,電話番号一致 / 医院名がページ見出しに一致 / 院長名一致,[],,
698,八丁堀かず内科外科クリニック,東京都,2018-12-01,https://www.kazu-cl.com/,https://www.kazu-cl.com/,SUCCESS,VERIFIED,A,12,内視鏡 / 糖尿病,伊藤　一成,,,,UNKNOWN,厚生局指定年月日 2018-12-01 を確認（年齢は直接算出不可）,3,HP制作会社の制作実績 / 地域ドクターズ掲載 / オンライン診療,HP制作会社の制作実績｜DR.BRIDGE｜クリニックホームページ作成 クリニックホームページ制作 → https://www.dr-bridge.co.jp/ / 地域ドクターズ掲載｜中央区ドクターズ → https://tokyo-doctors.com/clinicList/58075/interview/ / オンライン診療｜オンライン診療のご案内 オンライン診療のご案内 → https://www.kazu-cl.com/news/#a1184,かなりアツい,電話番号一致 / 医院名がページ見出しに一致,[],,
699,原井クリニック,東京都,2019-01-01,https://www.harai.net/,https://www.harai.net/,SUCCESS,VERIFIED,C,6,,原井　宏明,,,,UNKNOWN,厚生局指定年月日 2019-01-01 を確認（年齢は直接算出不可）,1,地域ドクターズ掲載,地域ドクターズ掲載｜東京ドクターズ ・ 東京ドクターズ → https://tokyo-doctors.com/clinicList/58614/,集客投資シグナルあり,電話番号一致 / 医院名がページ見出しに一致 / 院長名一致,[],,
700,ＥＡＳＥ女性のクリニック,東京都,2019-01-01,https://ease-clinic.jp/,https://ease-clinic.jp/,SUCCESS,VERIFIED,B,9,,丸山　真理子,,,,UNKNOWN,厚生局指定年月日 2019-01-01 を確認（年齢は直接算出不可）,2,Instagram公式運用 / オンライン診療,Instagram公式運用｜https://www.instagram.com/ease_clinic/ / オンライン診療｜オンライン診療 online consulation オンライン診療 オンライン診療 online consulation → https://ease-clinic.jp/online/,アツい,電話番号一致 / 医院名がページ見出しに一致,[],,
701,日本橋ウィメンズクリニック,東京都,2019-01-01,http://www.nihonbashi-womens.jp/,https://www.nihonbashi-womens.jp/,SUCCESS,VERIFIED,C,7,,太田　均,1997,,98.2%,MODEL_ESTIMATE,https://www.nihonbashi-womens.jp/doctor.php,0,,,通常,電話番号一致 / 医院名がページ見出しに一致,[],,
702,らいふサイエンス内科クリニック,東京都,2019-03-01,https://www.lscl.jp/,https://www.lscl.jp/,SUCCESS,VERIFIED,B,10,糖尿病,濱屋　貢造,,,,UNKNOWN,厚生局指定年月日 2019-03-01 を確認（年齢は直接算出不可）,0,,,通常,電話番号一致 / 医院名がページ見出しに一致 / 住所一致,"[{""reason"": ""HTMLページではありません。"", ""url"": ""https://www.lscl.jp/feed/""}]",,
703,銀座ハートクリニック,東京都,2019-03-01,https://ginza-heart.com/,https://ginza-heart.com/,SUCCESS,VERIFIED,B,8,,永瀬　裕三,,,,UNKNOWN,厚生局指定年月日 2019-03-01 を確認（年齢は直接算出不可）,0,,,通常,電話番号一致 / 医院名がページ見出しに一致,[],,
704,東日本橋形成外科　皮ふ科,東京都,2019-04-01,https://hn-prs.jp/,https://hn-prs.jp/,SUCCESS,VERIFIED,A,12,皮膚科,小南　ちひろ,,,,UNKNOWN,厚生局指定年月日 2019-04-01 を確認（年齢は直接算出不可）,0,,,通常,電話番号一致 / 医院名がページ見出しに一致 / 院長名一致,[],,
705,銀座心療内科クリニック,東京都,2019-04-01,https://www.ginza-pm.com/,https://ginza-pm.com/,SUCCESS,VERIFIED,A,12,男性更年期,平良　成輝,,,,UNKNOWN,厚生局指定年月日 2019-04-01 を確認（年齢は直接算出不可）,1,地域ドクターズ掲載,地域ドクターズ掲載｜東京ドクターズのバナー → https://tokyo-doctors.com/clinicList/59005/,集客投資シグナルあり,電話番号一致 / 医院名がページ見出しに一致 / 院長名一致,"[{""reason"": ""HTTP 404。手動で確認してください。"", ""url"": ""https://ginza-pm.com/treatment/web.html""}]",,
706,銀座リプロ外科,東京都,2019-03-28,https://ginzarepro.jp/,https://ginzarepro.jp/,SUCCESS,VERIFIED,A,13,ED / 泌尿器科,永尾　光一,1969,,0.0%,MODEL_ESTIMATE,https://ginzarepro.jp/lp/prosthesis/,5,YouTube公式運用 / TikTok公式運用 / Instagram公式運用 / オンライン診療 / 治療専用LP,YouTube公式運用｜https://www.youtube.com/@varicocele.nagaomethod / TikTok公式運用｜https://www.tiktok.com/@ginzarepro / Instagram公式運用｜https://www.instagram.com/ginzarepro/ / オンライン診療｜初診のご予約 初診のご予約 検診を希望される方は 専用フォームよりお申込みください 銀座リプロ外科では遠方に住んでいる方向けにオンライン診療を行っております。 精索静脈瘤手術に関する相談・セカンドオピニオンを受けたいけど、遠方のため来院が難しいという方はオンライン診療をご利用ください。 → https://ginzarepro.jp/contact/appointment-first/ / 治療専用LP｜医院名と電話/住所を確認,かなりアツい,電話番号一致 / 医院名がページ見出しに一致 / 院長名一致,[],,
707,日本橋サンクリニック,東京都,2019-04-01,http://sun-cl.com/,https://sun-cl.com/,SUCCESS,VERIFIED,C,7,,戸所　綾子,2003,,99.7%,MODEL_ESTIMATE,https://sun-cl.com/doctor,1,オンライン診療,オンライン診療｜オンライン診療予約 → https://www.yoyakuru.net/rs/sun/web/,集客投資シグナルあり,電話番号一致 / 医院名がページ見出しに一致,"[{""reason"": ""HTTP 404。手動で確認してください。"", ""url"": ""https://sun-cl.com/news/content""}, {""reason"": ""HTTP 404。手動で確認してください。"", ""url"": ""https://sun-cl.com/medical_questionnaire/""}]",,
714,銀座四丁目診療所,東京都,2019-08-01,https://maria-naika.com/,https://maria-naika.com/,SUCCESS,VERIFIED,B,11,糖尿病 / 循環器内科,市丸　みどり,,,,UNKNOWN,厚生局指定年月日 2019-08-01 を確認（年齢は直接算出不可）,1,YouTube公式運用,YouTube公式運用｜https://www.youtube.com/channel/UC73HLwmsiLqJaSl6JQVvBFA,集客投資シグナルあり,電話番号一致 / 医院名がページ見出しに一致 / 院長名一致,[],,
715,銀座クリニック,東京都,2019-08-01,https://ginza-clinic.tokyo/,https://ginza-clinic.tokyo/,SUCCESS,VERIFIED,A,12,糖尿病,小川　剛鑑,1983,,0.0%,MODEL_ESTIMATE,https://ginza-clinic.tokyo/doctors/,0,,,通常,電話番号一致 / 医院名がページ見出しに一致,"[{""reason"": ""HTTP 404。手動で確認してください。"", ""url"": ""https://ginza-clinic.tokyo/genome/concept/""}, {""reason"": ""HTTP 404。手動で確認してください。"", ""url"": ""https://ginza-clinic.tokyo/greeting/concept/""}, {""reason"": ""HTTP 404。手動で確認してください。"", ""url"": ""https://ginza-clinic.tokyo/news/concept/""}]",,
716,銀座まいにちクリニック,東京都,2019-08-01,https://mainichiclinic.jp/,https://mainichiclinic.jp/,SUCCESS,VERIFIED,B,10,糖尿病 / ED / 男性更年期 / 泌尿器科 / 皮膚科,山本　悠太,,,,UNKNOWN,厚生局指定年月日 2019-08-01 を確認（年齢は直接算出不可）,1,オンライン診療,オンライン診療｜オンライン診療 オンライン診療 WEB予約 お問い合わせ → https://mainichiclinic.jp/online/,集客投資シグナルあり,電話番号一致 / 医院名がページ見出しに一致,[],,
718,ＣＬＩＮＩＣ　ＥＭＭＡ　ｔｈｅ　ｇｉｎｚａ,東京都,2019-10-01,http://emma-ginza.jp/,https://emma-ginza.jp/,SUCCESS,VERIFIED,B,8,,田宮　エリー,,,,UNKNOWN,厚生局指定年月日 2019-10-01 を確認（年齢は直接算出不可）,2,Medical DOC掲載 / Instagram公式運用,Medical DOC掲載｜ → https://medicaldoc.jp/m/recommend-m/ginza-st-beauty-dermatology/#mokuji-4 / Instagram公式運用｜https://www.instagram.com/clinic_emma_theginza/?r=nametag,アツい,電話番号一致 / 医院名がページ見出しに一致 / 院長名一致,"[{""reason"": ""HTTP 404。手動で確認してください。"", ""url"": ""https://emma-ginza.jp/medicaldietplan.html""}, {""reason"": ""HTTP 404。手動で確認してください。"", ""url"": ""https://emma-ginza.jp/climacteric.html""}]",,
729,銀座リハビリ整形外科,東京都,2019-12-01,https://ginzareha.com/,https://ginzareha.com/,SUCCESS,VERIFIED,A,13,皮膚科,横井　芳美,,,,UNKNOWN,厚生局指定年月日 2019-12-01 を確認（年齢は直接算出不可）,3,Doctors File掲載 / 地域ドクターズ掲載 / LINE公式運用,Doctors File掲載｜ドクターズファイル → https://doctorsfile.jp/h/193904/df/1/ / 地域ドクターズ掲載｜東京ドクターズ → https://tokyo-doctors.com/clinicList/59725/interview/ / LINE公式運用｜https://lin.ee/RRCZ7xC,かなりアツい,電話番号一致 / 医院名がページ見出しに一致 / 院長名一致,"[{""reason"": ""HTTP 404。手動で確認してください。"", ""url"": ""http://ginzareha.com/blog/%E3%82%A4%E3%83%B3%E3%83%95%E3%83%AB%E3%82%A8%E3%83%B3%E3%82%B6%E4%BA%88%E9%98%B2%E6%8E%A5%E7%A8%AE%E3%81%AB%E3%81%A4%E3%81%84%E3%81%A6/ ""}]",,
732,日本橋馬喰町皮膚科,東京都,2020-02-01,https://bakurohifu.com/,https://bakurohifu.com/,SUCCESS,VERIFIED,B,11,皮膚科,川名　博德,,,,UNKNOWN,厚生局指定年月日 2020-02-01 を確認（年齢は直接算出不可）,1,LINE公式運用,LINE公式運用｜https://lin.ee/PwTzdAH,集客投資シグナルあり,電話番号一致 / 医院名がページ見出しに一致,[],,
735,小伝馬町駅前皮膚科,東京都,2020-04-01,https://kodenmacho-derma.jp/,https://kodenmacho-derma.jp/,SUCCESS,VERIFIED,B,11,皮膚科,甲斐　浩通,,,,UNKNOWN,厚生局指定年月日 2020-04-01 を確認（年齢は直接算出不可）,1,地域ドクターズ掲載,地域ドクターズ掲載｜東京ドクターズ → https://tokyo-doctors.com/clinicList/65347/interview/,集客投資シグナルあり,電話番号一致 / 医院名がページ見出しに一致,[],,
736,医療法人社団　ミッドタウンクリニック　日本橋室町三井タワー　ミッドタウンクリニック,東京都,2020-04-01,https://www.mtc-nihonbashi.jp/,https://www.mtc-nihonbashi.jp/,SUCCESS,VERIFIED,A,12,糖尿病,大東　貴志,1984,,0.0%,MODEL_ESTIMATE,https://www.mtc-nihonbashi.jp/clinic/director_message/,1,オンライン診療,オンライン診療｜オンライン診療 WEB予約可 オンライン診療 WEB予約可 → https://www.mtc-nihonbashi.jp/outpatient/online/,集客投資シグナルあり,電話番号一致 / 医院名がページ見出しに一致,[],,
737,Ｏｒｉｇｉｎａｌ　Ｂｅａｕｔｙ　Ｃｌｉｎｉｃ　ＧＩＮＺＡ,東京都,2020-05-01,https://original-beauty-clinic.com/,https://original-beauty-clinic.com/,SUCCESS,VERIFIED,A,12,皮膚科,佐藤　玲史,,,,UNKNOWN,厚生局指定年月日 2020-05-01 を確認（年齢は直接算出不可）,3,地域ドクターズ掲載 / Instagram公式運用 / LINE公式運用,地域ドクターズ掲載｜東京ドクターズ → https://tokyo-doctors.com/clinicList/65402/interview/ / Instagram公式運用｜https://www.instagram.com/dr.sato_reiji/ / LINE公式運用｜https://line.me/R/ti/p/@290vfrsy,かなりアツい,電話番号一致 / 医院名がページ見出しに一致,[],,
739,医療法人社団　春令会　築地クリニック,東京都,2020-04-01,http://www.tsukiji-cl.com/,https://www.tsukiji-cl.com/,SUCCESS,VERIFIED,C,7,,春原　哲之,1992,,65.7%,MODEL_ESTIMATE,https://www.tsukiji-cl.com/doctor/,0,,,通常,電話番号一致 / 医院名がページ見出しに一致,[],,
741,ｍａｍｍａｒｉａ　ｔｓｕｋｉｊｉ,東京都,2020-04-01,https://mammaria.jp/,https://www.mammaria.jp/,SUCCESS,VERIFIED,B,11,,尹　玲花,2005,,99.8%,MODEL_ESTIMATE,https://www.mammaria.jp/staff/,5,Doctors File掲載 / HP制作会社の制作実績 / YouTube公式運用 / Instagram公式運用 / LINE公式運用,Doctors File掲載｜Doctors File → https://doctorsfile.jp/h/183425/df/1/ / HP制作会社の制作実績｜DR.BRIDGE｜クリニックホームページ作成 クリニックホームページ制作 → https://www.dr-bridge.co.jp/ / YouTube公式運用｜https://www.youtube.com/@cancer_exercise / Instagram公式運用｜https://instagram.com/mammaria_tsukijiofficial?igshid=tdzjmca6ib65 / LINE公式運用｜https://lin.ee/RLcCdXE,かなりアツい,電話番号一致 / 医院名がページ見出しに一致,"[{""reason"": ""HTTP 404。手動で確認してください。"", ""url"": ""https://www.mammaria.jp/online-guide.html""}]",,
742,医療法人社団　躍心会　日本橋室町皮ふ科,東京都,2020-05-01,https://muromachi-hifu.com/,https://muromachi-hifu.com/,SUCCESS,VERIFIED,A,13,皮膚科,最上　真理子,,,,UNKNOWN,厚生局指定年月日 2020-05-01 を確認（年齢は直接算出不可）,1,Instagram公式運用,Instagram公式運用｜https://www.instagram.com/muromachihifu202061/?hl=ja,集客投資シグナルあり,電話番号一致 / 医院名がページ見出しに一致 / 院長名一致,[],,
745,水天宮前いきいきクリニック内科・呼吸器内科,東京都,2020-05-01,http://iki-iki.jp/,https://iki-iki.jp/,SUCCESS,VERIFIED,B,9,糖尿病,宮本　優美,,,,UNKNOWN,厚生局指定年月日 2020-05-01 を確認（年齢は直接算出不可）,0,,,通常,電話番号一致 / 医院名がページ見出しに一致 / 住所一致 / 院長名一致,[],,
748,ヘルス・マネジメント・クリニック,東京都,2020-08-01,http://hmclinic-tokyo.org/,https://hmclinic-tokyo.org/,SUCCESS,VERIFIED,C,6,,行松　伸成,,,,UNKNOWN,厚生局指定年月日 2020-08-01 を確認（年齢は直接算出不可）,1,オンライン診療,オンライン診療｜トップページ トップページ 予約ページ オーソモレキュラー栄養療法 舞台・ダンス・アスリート外来 低身長治療 アンチエイジング点滴・注射 美白・美肌 LINEビデオ通話による無料オンライン医療相談 インフルエンザ予防接種 オンライン診療・往診 保険診療（生活習慣病） 院長 産業医 メディア・学会発表 アクセス → https://hmclinic-tokyo.org/index.html,集客投資シグナルあり,電話番号一致 / 医院名がページ見出しに一致,[],,
752,医療法人社団　弘寿会　茅場町ウィズクリニック,東京都,2020-10-01,https://kayabacho-withclinic.com/,https://kayabacho-withclinic.com/,SUCCESS,VERIFIED,C,5,,池田　大樹,,,,UNKNOWN,厚生局指定年月日 2020-10-01 を確認（年齢は直接算出不可）,0,,,通常,電話番号一致 / 医院名がページ見出しに一致,[],,
753,呼吸ケアクリニック東京,東京都,2020-10-01,https://www.rcc-icr.com/,https://www.rcc-icr.com/,SUCCESS,VERIFIED,C,6,,茂木　孝,,,,UNKNOWN,厚生局指定年月日 2020-10-01 を確認（年齢は直接算出不可）,0,,,通常,電話番号一致 / 医院名がページ見出しに一致,"[{""reason"": ""HTTP 429。手動で確認してください。"", ""url"": ""https://www.rcc-icr.com/web-reservation""}, {""reason"": ""アクセス制限があるため、このサイトの取得を停止しました。"", ""url"": ""https://www.rcc-icr.com/access""}, {""reason"": ""アクセス制限があるため、このサイトの取得を停止しました。"", ""url"": ""https://www.rcc-icr.com/about""}, {""reason"": ""アクセス制限があるため、このサイトの取得を停止しました。"", ""url"": ""https://www.rcc-icr.com/診療内容""}, {""reason"": ""アクセス制限があるため、このサイトの取得を停止しました。"", ""url"": ""https://www.rcc-icr.com/activity""}, {""reason"": ""アクセス制限があるため、このサイトの取得を停止しました。"", ""url"": ""https://www.rcc-icr.com/検査内容""}, {""reason"": ""アクセス制限があるため、このサイトの取得を停止しました。"", ""url"": ""https://www.rcc-icr.com/jian-cha-nei-rong-1""}, {""reason"": ""アクセス制限があるため、このサイトの取得を停止しました。"", ""url"": ""https://www.rcc-icr.com/複製-6分間歩行試験""}, {""reason"": ""アクセス制限があるため、このサイトの取得を停止しました。"", ""url"": ""https://www.rcc-icr.com/胸部ct検査""}, {""reason"": ""アクセス制限があるため、このサイトの取得を停止しました。"", ""url"": ""https://www.rcc-icr.com/心臓超音波検査""}, {""reason"": ""アクセス制限があるため、このサイトの取得を停止しました。"", ""url"": ""https://www.rcc-icr.com/簡易睡眠検査""}, {""reason"": ""アクセス制限があるため、このサイトの取得を停止しました。"", ""url"": ""https://www.rcc-icr.com/精密睡眠検査""}, {""reason"": ""アクセス制限があるため、このサイトの取得を停止しました。"", ""url"": ""https://www.rcc-icr.com/post/no-369-copd治療で難しい増悪の判断""}, {""reason"": ""アクセス制限があるため、このサイトの取得を停止しました。"", ""url"": ""https://www.rcc-icr.com""}, {""reason"": ""アクセス制限があるため、このサイトの取得を停止しました。"", ""url"": ""https://www.rcc-icr.com/初診の方""}, {""reason"": ""アクセス制限があるため、このサイトの取得を停止しました。"", ""url"": ""https://www.rcc-icr.com/複製-web問診""}, {""reason"": ""アクセス制限があるため、このサイトの取得を停止しました。"", ""url"": ""https://www.rcc-icr.com/医院情報""}, {""reason"": ""アクセス制限があるため、このサイトの取得を停止しました。"", ""url"": ""https://www.rcc-icr.com/施設基準および刑事事項について""}, {""reason"": ""アクセス制限があるため、このサイトの取得を停止しました。"", ""url"": ""https://www.rcc-icr.com/カスタマーハラスメントに""}]",,
755,医療法人社団　明日望　東京アスボクリニック,東京都,2020-11-01,https://www.asbo.or.jp/,https://www.asbo.or.jp/,SUCCESS,VERIFIED,B,9,,内山　明好,,,,UNKNOWN,厚生局指定年月日 2020-11-01 を確認（年齢は直接算出不可）,1,オンライン診療,オンライン診療｜オンライン診療 オンライン診療 → https://www.asbo.or.jp/online,集客投資シグナルあり,電話番号一致 / 医院名がページ見出しに一致,[],,
763,Ｇクリニック,東京都,2021-03-01,https://gclinic.jp/,https://gclinic.jp/,SUCCESS,VERIFIED,A,12,ED / 皮膚科,三島　雅辰,1986,,0.0%,MODEL_ESTIMATE,https://gclinic.jp/contents/about.html,3,Instagram公式運用 / LINE公式運用 / オンライン診療,Instagram公式運用｜https://www.instagram.com/gclinic_ginza/ / LINE公式運用｜https://lin.ee/9I9qbB2 / オンライン診療｜オンライン診療 オンライン診療 → https://web.booking.clius.jp/reserve/gclinic.reserve?category=1729,かなりアツい,電話番号一致 / 医院名がページ見出しに一致,[],,
766,公益財団法人　日本検疫衛生協会　東京診療所,東京都,2021-05-01,https://www.kenekieisei.or.jp/,https://kenekieisei.or.jp/,SUCCESS,VERIFIED,B,9,,平良　專純,,,,UNKNOWN,厚生局指定年月日 2021-05-01 を確認（年齢は直接算出不可）,0,,,通常,電話番号一致 / 医院名がページ見出しに一致,[],,
779,香杏舎銀座クリニック,東京都,2021-09-01,https://www.higasa.com/,https://www.higasa.com/,SUCCESS,VERIFIED,A,12,泌尿器科 / 循環器内科,日笠　穰,,,,UNKNOWN,厚生局指定年月日 2021-09-01 を確認（年齢は直接算出不可）,1,オンライン診療,オンライン診療｜医院案内 医院案内 医院案内 診療方針 遠隔診療 漢方相談 → https://www.higasa.com/clinic/,集客投資シグナルあり,電話番号一致 / 医院名がページ見出しに一致,[],,
783,医療法人社団　心成会　東京心臓血管・内科クリニック,東京都,2021-10-01,https://shinzo-kekkan.clinic/,https://shinzo-kekkan.clinic/,SUCCESS,VERIFIED,A,13,糖尿病 / 循環器内科,柴山　謙太郎,,,,UNKNOWN,厚生局指定年月日 2021-10-01 を確認（年齢は直接算出不可）,2,地域ドクターズ掲載 / LINE公式運用,地域ドクターズ掲載｜東京ドクターズ → https://tokyo-doctors.com/clinicList/59165/interview/ / LINE公式運用｜https://lin.ee/YlJd1Yoz,アツい,電話番号一致 / 医院名がページ見出しに一致 / 院長名一致,"[{""reason"": ""HTTP 404。手動で確認してください。"", ""url"": ""https://shinzo-kekkan.clinic/postoperatively.html""}, {""reason"": ""HTTP 404。手動で確認してください。"", ""url"": ""https://shinzo-kekkan.clinic/catheter.html""}, {""reason"": ""HTTP 404。手動で確認してください。"", ""url"": ""https://shinzo-kekkan.clinic/lifestyle.html""}, {""reason"": ""HTTP 404。手動で確認してください。"", ""url"": ""https://shinzo-kekkan.clinic/diabetes.html""}, {""reason"": ""HTTP 404。手動で確認してください。"", ""url"": ""https://shinzo-kekkan.clinic/internal.html""}]",,
785,Ｌｕａ　Ｎａ　ｃｌｉｎｉｃ,東京都,2021-12-01,https://luana.clinic/,https://luana.clinic/,SUCCESS,VERIFIED,A,12,皮膚科,松村　奈津子,,,,UNKNOWN,厚生局指定年月日 2021-12-01 を確認（年齢は直接算出不可）,2,Instagram公式運用 / LINE公式運用,Instagram公式運用｜https://www.instagram.com/lua_na_cl/ / LINE公式運用｜https://lin.ee/L9CRANL,アツい,電話番号一致 / 医院名がページ見出しに一致 / 院長名一致,[],,
793,ＴＦＣメディカルクリニック,東京都,2022-01-01,http://www.tfc-mc.com/,https://tfc-mc.com/,SUCCESS,VERIFIED,D,2,,竹渕　一宏,,,,UNKNOWN,厚生局指定年月日 2022-01-01 を確認（年齢は直接算出不可）,0,,,通常,医院名がページ見出しに一致 / 住所一致,[],,
796,ＰＫＤ腎臓内科クリニック,東京都,2022-02-01,https://pkd-jinzounaika.com/,https://pkd-jinzounaika.com/,SUCCESS,VERIFIED,C,6,,望月　俊雄,1987,,0.0%,MODEL_ESTIMATE,https://pkd-jinzounaika.com/about.html,1,オンライン診療,オンライン診療｜オンライン診療 オンライン診療 → https://pkd-jinzounaika.com/online.html,集客投資シグナルあり,電話番号一致 / 医院名がページ見出しに一致 / 院長名一致,[],,
798,銀座スピンクリニック,東京都,2022-02-01,https://www.ginza-spin-clinic.com/,https://www.ginza-spin-clinic.com/,SUCCESS,VERIFIED,A,13,皮膚科,上　由己,,,,UNKNOWN,厚生局指定年月日 2022-02-01 を確認（年齢は直接算出不可）,2,Instagram公式運用 / オンライン診療,Instagram公式運用｜https://www.instagram.com/ginza_spin_clinic/ / オンライン診療｜オンライン診療予約（旅行外来） オンライン診療予約（旅行外来） → https://app.curon.co/add-clinic/clinics/KvxPgJV_fTuI_28CyxUTZ4uSS69M6Qq60qpPR7DV510,アツい,電話番号一致 / 医院名がページ見出しに一致 / 住所一致,[],,
799,銀座ヒカリクリニック,東京都,2022-01-01,https://ginza-hikari.jp/,https://www.ginza-hikari.jp/,SUCCESS,VERIFIED,A,14,ED / 泌尿器科,剣木　憲文,2011,,100.0%,MODEL_ESTIMATE,https://www.ginza-hikari.jp/ed_lp/,6,HP制作会社の制作実績 / YouTube公式運用 / TikTok公式運用 / Instagram公式運用 / LINE公式運用 / オンライン診療,HP制作会社の制作実績｜DR.BRIDGE｜クリニックホームページ作成 クリニックホームページ制作 → https://www.dr-bridge.co.jp/ / YouTube公式運用｜https://www.youtube.com/@seibyoudekka_tv / TikTok公式運用｜https://www.tiktok.com/@poipon_channel?lang=ja-JP / Instagram公式運用｜https://www.instagram.com/ginzahikariclinic/ / LINE公式運用｜https://lin.ee/VswZAgI / オンライン診療｜来院が難しい方 （オンライン診療） 来院が難しい方 （オンライン診療） → https://www.ginza-hikari.jp/about_result/#a025,かなりアツい,電話番号一致 / 医院名がページ見出しに一致 / 住所一致 / 院長名一致,[],,
801,韓国みにょんクリニック,東京都,2022-04-01,https://korea-m.clinic/,https://korea-m.clinic/,SUCCESS,VERIFIED,B,11,,宋　珉英,,2006,99.8%,MODEL_ESTIMATE,厚生局/取込済み医籍登録年,2,Instagram公式運用 / LINE公式運用,Instagram公式運用｜https://instagram.com/korea.m.clinic?utm_medium=copy_link / LINE公式運用｜https://lin.ee/EaNamtH,アツい,電話番号一致 / 医院名がページ見出しに一致,"[{""reason"": ""HTMLサイズが上限を超えました。"", ""url"": ""https://korea-m.clinic/slim-leg/""}]",,
804,日本橋メンタルクリニック,東京都,2022-04-01,https://nihonbashi-mc.com/,https://nihonbashi-mc.com/,SUCCESS,VERIFIED,B,11,,林　秀紀,,,,UNKNOWN,厚生局指定年月日 2022-04-01 を確認（年齢は直接算出不可）,1,Medical DOC掲載,Medical DOC掲載｜新型コロナウイルスの感染対策を強化しています → https://medicaldoc.jp/coronavirus-clinic/nihonbashi-mc/,集客投資シグナルあり,電話番号一致 / 医院名がページ見出しに一致,[],,
806,はなももキッズクリニック東日本橋,東京都,2022-05-01,https://www.hanamomo-kids.com/,https://www.hanamomo-kids.com/,SUCCESS,VERIFIED,B,9,,古屋　彩夏,,,,UNKNOWN,厚生局指定年月日 2022-05-01 を確認（年齢は直接算出不可）,3,Doctors File掲載 / Instagram公式運用 / LINE公式運用,Doctors File掲載｜はなももキッズクリニック東日本橋 → https://doctorsfile.jp/h/202155/df/1/ / Instagram公式運用｜https://www.instagram.com/hanamomo_kids/ / LINE公式運用｜https://lin.ee/f4vNPjF,かなりアツい,電話番号一致 / 医院名がページ見出しに一致 / 住所一致 / 院長名一致,"[{""reason"": ""HTTP 429。手動で確認してください。"", ""url"": ""https://www.hanamomo-kids.com/greeting""}, {""reason"": ""アクセス制限があるため、このサイトの取得を停止しました。"", ""url"": ""https://www.hanamomo-kids.com/general""}, {""reason"": ""アクセス制限があるため、このサイトの取得を停止しました。"", ""url"": ""https://www.hanamomo-kids.com/skin""}, {""reason"": ""アクセス制限があるため、このサイトの取得を停止しました。"", ""url"": ""https://www.hanamomo-kids.com/allergy""}, {""reason"": ""アクセス制限があるため、このサイトの取得を停止しました。"", ""url"": ""https://www.hanamomo-kids.com/ent""}, {""reason"": ""アクセス制限があるため、このサイトの取得を停止しました。"", ""url"": ""https://www.hanamomo-kids.com/development""}, {""reason"": ""アクセス制限があるため、このサイトの取得を停止しました。"", ""url"": ""https://www.hanamomo-kids.com/infants""}, {""reason"": ""アクセス制限があるため、このサイトの取得を停止しました。"", ""url"": ""https://www.hanamomo-kids.com/icd""}, {""reason"": ""アクセス制限があるため、このサイトの取得を停止しました。"", ""url"": ""https://www.hanamomo-kids.com/facility""}, {""reason"": ""アクセス制限があるため、このサイトの取得を停止しました。"", ""url"": ""https://www.hanamomo-kids.com/post/2026年度インフルエンザワクチンについて""}, {""reason"": ""アクセス制限があるため、このサイトの取得を停止しました。"", ""url"": ""https://www.hanamomo-kids.com/post/hpv（ヒトパピローマウイルス）ワクチンを接種しましょう""}, {""reason"": ""アクセス制限があるため、このサイトの取得を停止しました。"", ""url"": ""https://www.hanamomo-kids.com/post/お知らせを更新しました！""}, {""reason"": ""アクセス制限があるため、このサイトの取得を停止しました。"", ""url"": ""https://www.hanamomo-kids.com/post/マイナンバーカードでの「オンライン資格確認」を開始いたします""}, {""reason"": ""アクセス制限があるため、このサイトの取得を停止しました。"", ""url"": ""https://www.hanamomo-kids.com/post/開院1周年のご挨拶""}, {""reason"": ""アクセス制限があるため、このサイトの取得を停止しました。"", ""url"": ""https://www.hanamomo-kids.com/news""}]",,
807,勝どきウィメンズクリニック,東京都,2022-04-01,http://www.kachidoki-women.com/,https://www.kachidoki-women.com/,SUCCESS,VERIFIED,B,9,,松葉　悠子,,,,UNKNOWN,厚生局指定年月日 2022-04-01 を確認（年齢は直接算出不可）,5,Doctors File掲載 / マイナビ記事掲載 / HP制作会社の制作実績 / 地域ドクターズ掲載 / オンライン診療,Doctors File掲載｜Doctors File → https://doctorsfile.jp/h/186267/df/1/ / マイナビ記事掲載｜マイナビ → https://clinic.mynavi.jp/clinic/ihfexz0n3jbo/ / HP制作会社の制作実績｜DR.BRIDGE｜クリニックホームページ制作 クリニックホームページ制作 → https://www.dr-bridge.co.jp/ / 地域ドクターズ掲載｜中央区ドクターズ → https://tokyo-doctors.com/clinicList/42753/interview/ / オンライン診療｜オンライン診療「クリニクス」 → https://clinics-app.com/,かなりアツい,電話番号一致 / 医院名がページ見出しに一致,[],,
808,医療法人社団　双葵会　八丁堀さとうクリニック,東京都,2022-05-01,https://hatchobori-sato.clinic/,https://hatchobori-sato.clinic/,SUCCESS,VERIFIED,C,7,,佐藤　雄,2004,,99.8%,MODEL_ESTIMATE,https://hatchobori-sato.clinic/%e3%81%94%e6%8c%a8%e6%8b%b6,3,Doctors File掲載 / マイナビ記事掲載 / 地域ドクターズ掲載,Doctors File掲載｜ → https://doctorsfile.jp/h/195677/df/1/ / マイナビ記事掲載｜詳細はこちら 詳細はこちら → https://clinic.mynavi.jp/article/chuoku_gynecology/ / 地域ドクターズ掲載｜東京ドクターズバナー → https://tokyo-doctors.com/clinicList/65538/interview/,かなりアツい,電話番号一致 / 医院名がページ見出しに一致,[],,
813,つぶく医院,東京都,2022-06-01,http://tubuku.jp/,https://tubuku.jp/,SUCCESS,VERIFIED,C,6,,津布久　裕,,,,UNKNOWN,厚生局指定年月日 2022-06-01 を確認（年齢は直接算出不可）,0,,,通常,電話番号一致 / 医院名がページ見出しに一致 / 院長名一致,[],,
817,しんとみ子どものこころのクリニック,東京都,2022-08-01,https://shintomi-childpsychiatry.com/,https://shintomi-childpsychiatry.com/,SUCCESS,VERIFIED,C,6,,東　飛鳥,,,,UNKNOWN,厚生局指定年月日 2022-08-01 を確認（年齢は直接算出不可）,0,,,通常,電話番号一致 / 医院名がページ見出しに一致 / 院長名一致,[],,
819,勝どき二丁目クリニック,東京都,2022-07-01,http://k2clinic.tokyo/,https://www.k2clinic.tokyo/,SUCCESS,VERIFIED,C,7,,田野　大人,,,,UNKNOWN,厚生局指定年月日 2022-07-01 を確認（年齢は直接算出不可）,0,,,通常,電話番号一致 / 医院名がページ見出しに一致 / 院長名一致,[],,
823,メディカルクリニック　銀座,東京都,2022-09-01,https://www.medical-clinic-ginza.com/,https://www.medical-clinic-ginza.com/,SUCCESS,VERIFIED,C,7,,川平　悟,1986,,0.0%,MODEL_ESTIMATE,https://www.medical-clinic-ginza.com/doctor,2,AIチャット導入 / オンライン診療,AIチャット導入｜AIの明記とウィジェットを確認 / オンライン診療｜オンライン診療 オンライン診療 → https://www.medical-clinic-ginza.com/online,アツい,電話番号一致 / 医院名がページ見出しに一致,[],,
827,八重洲クリニック,東京都,2022-10-03,https://www.yaesu-noushinkeigeka.jp/,https://www.yaesu-noushinkeigeka.jp/,SUCCESS,VERIFIED,C,7,,茅野　文利,,,,UNKNOWN,厚生局指定年月日 2022-10-03 を確認（年齢は直接算出不可）,0,,,通常,電話番号一致 / 医院名がページ見出しに一致,[],,
828,医療法人社団　海生会　久松町まつうらクリニック,東京都,2022-10-01,https://www.matsuura-cl.net/,https://www.matsuura-cl.net/,SUCCESS,VERIFIED,A,13,内視鏡,松浦　裕史,,,,UNKNOWN,厚生局指定年月日 2022-10-01 を確認（年齢は直接算出不可）,1,LINE公式運用,LINE公式運用｜https://line.me/R/ti/p/@346oiubd?ts=02140903&oat_content=url,集客投資シグナルあり,電話番号一致 / 医院名がページ見出しに一致 / 院長名一致,[],,
829,こころとからだのケアクリニック人形町,東京都,2022-11-01,https://www.kokokara-care.com/,https://www.kokokara-care.com/,SUCCESS,VERIFIED,B,10,,益子　雅笛,,,,UNKNOWN,厚生局指定年月日 2022-11-01 を確認（年齢は直接算出不可）,2,HP制作会社の制作実績 / Instagram公式運用,HP制作会社の制作実績｜DR.BRIDGE｜クリニックホームページ制作 → https://www.dr-bridge.co.jp/ / Instagram公式運用｜https://instagram.com/kokokara.careclinic?igshid=YmMyMTA2M2Y=,アツい,電話番号一致 / 医院名がページ見出しに一致,[],,
830,八丁堀３丁目クリニック,東京都,2022-10-01,https://www.8cho3cho-cl.com/,https://www.8cho3cho-cl.com/,SUCCESS,VERIFIED,A,14,糖尿病,石田　和也,2016,,100.0%,MODEL_ESTIMATE,https://www.8cho3cho-cl.com/doctors,4,Doctors File掲載 / 地域ドクターズ掲載 / LINE公式運用 / オンライン診療,Doctors File掲載｜Doctors File インタビュー Doctors File インタビュー → https://doctorsfile.jp/h/40518/df/1/ / 地域ドクターズ掲載｜Tokyo Doctors インタビュー Tokyo Doctors インタビュー → https://tokyo-doctors.com/clinicList/42755/interview/ / LINE公式運用｜https://lin.ee/VOvwUNh / オンライン診療｜八丁堀3丁目クリニック 内科 小児科 糖尿病内科 八丁堀3丁目クリニック 八丁堀3丁目クリニック 内科 小児科 糖尿病内科 医師紹介 診療科目 ▶ 診療科目総合 標榜科・対応疾患の概要 疾患一覧 疾患別の詳細解説 症状から探す 症状から関連疾患を探す はじめての方へ ▶ ご来院の流れ総合 持ち物・予約方法・初診の流れ  → https://www.8cho3cho-cl.com/,かなりアツい,電話番号一致 / 医院名がページ見出しに一致 / 院長名一致,[],,
835,八重洲ヤヨイクリニック,東京都,2023-01-01,http://www.yaesuyayoi.jp/,http://www.yaesuyayoi.jp/,SUCCESS,VERIFIED,C,5,内視鏡,内藤　隆,,,,UNKNOWN,厚生局指定年月日 2023-01-01 を確認（年齢は直接算出不可）,0,,,通常,電話番号一致 / 医院名がページ見出しに一致,[],,
840,五十嵐内分泌クリニック,東京都,2023-03-01,http://www.igarashi-cl.jp/,https://www.igarashi-cl.jp/,SUCCESS,VERIFIED,C,5,,五十嵐　健人,,,,UNKNOWN,厚生局指定年月日 2023-03-01 を確認（年齢は直接算出不可）,1,Doctors File掲載,Doctors File掲載｜五十嵐内分泌クリニック ドクターズファイル → https://doctorsfile.jp/h/185978/df/1/,集客投資シグナルあり,電話番号一致 / 医院名がページ見出しに一致,[],,
843,医療法人社団　晴月会　月島耳鼻咽喉科,東京都,2023-04-01,https://tsukishima-ent.com/,https://tsukishima-ent.com/,SUCCESS,VERIFIED,B,9,,加藤　雄士,,,,UNKNOWN,厚生局指定年月日 2023-04-01 を確認（年齢は直接算出不可）,1,LINE公式運用,LINE公式運用｜https://lin.ee/n6367zy,集客投資シグナルあり,電話番号一致 / 医院名がページ見出しに一致,"[{""reason"": ""HTTP 404。手動で確認してください。"", ""url"": ""https://tsukishima-ent.com/ear.html""}, {""reason"": ""HTTP 404。手動で確認してください。"", ""url"": ""https://tsukishima-ent.com/cold.html""}, {""reason"": ""HTTP 404。手動で確認してください。"", ""url"": ""https://tsukishima-ent.com/pediatrics.html""}, {""reason"": ""HTTP 404。手動で確認してください。"", ""url"": ""https://tsukishima-ent.com/allergie.html""}, {""reason"": ""HTTP 404。手動で確認してください。"", ""url"": ""https://tsukishima-ent.com/sublingualimmunotherapy.html""}, {""reason"": ""HTTP 404。手動で確認してください。"", ""url"": ""https://tsukishima-ent.com/sleepapnea.html""}, {""reason"": ""HTTP 404。手動で確認してください。"", ""url"": ""https://tsukishima-ent.com/otherwise.html""}]",,
845,青栁クリニック,東京都,2023-04-01,https://aoyagi-clinic.com/,https://aoyagi-clinic.com/,SUCCESS,VERIFIED,B,11,糖尿病 / 循環器内科,青柳　秀史,,,,UNKNOWN,厚生局指定年月日 2023-04-01 を確認（年齢は直接算出不可）,0,,,通常,電話番号一致 / 医院名がページ見出しに一致 / 住所一致,[],,
850,東銀座皮ふ科,東京都,2023-06-01,https://tsc.clinic/,https://tsc.clinic/,SUCCESS,VERIFIED,A,13,皮膚科,中野　敏明,,,,UNKNOWN,厚生局指定年月日 2023-06-01 を確認（年齢は直接算出不可）,2,Instagram公式運用 / オンライン診療,Instagram公式運用｜https://www.instagram.com/tscc.ginza/ / オンライン診療｜オンライン診療 オンライン診療 → https://tsc.clinic/online.html,アツい,電話番号一致 / 医院名がページ見出しに一致 / 院長名一致,[],,
855,医療法人社団　幸慈会　はま耳鼻咽喉科クリニック,東京都,2023-07-01,https://hama-ent.com/,https://hama-ent.com/,SUCCESS,VERIFIED,B,9,,濵　孝憲,2001,,99.3%,MODEL_ESTIMATE,https://hama-ent.com/doctor.html,0,,,通常,電話番号一致 / 医院名がページ見出しに一致,[],,
860,日本橋浜町駅前皮ふ科,東京都,2023-09-01,https://hamacho-derma.com/,https://hamacho-derma.com/,SUCCESS,VERIFIED,B,11,皮膚科,大塚　洋平,,,,UNKNOWN,厚生局指定年月日 2023-09-01 を確認（年齢は直接算出不可）,1,Instagram公式運用,Instagram公式運用｜https://www.instagram.com/hamacho_hihuka/?igshid=MzRlODBiNWFlZA%3D%3D,集客投資シグナルあり,電話番号一致 / 医院名がページ見出しに一致 / 院長名一致,[],,
862,パークタワー勝どき小児科,東京都,2023-09-01,https://kachidoki-kodomo-clinic.com/,https://kachidoki-kodomo-clinic.com/,SUCCESS,VERIFIED,B,8,,山口　明日香,,,,UNKNOWN,厚生局指定年月日 2023-09-01 を確認（年齢は直接算出不可）,1,LINE公式運用,LINE公式運用｜https://line.me/R/ti/p/@283umwmt?from=page&accountId=283umwmt,集客投資シグナルあり,電話番号一致 / 医院名がページ見出しに一致,[],,
865,八丁堀いしかわ内科クリニック,東京都,2023-10-01,https://www.8cho-ishi-cli.com/,https://www.8cho-ishi-cli.com/,SUCCESS,VERIFIED,B,11,内視鏡,石川　祐史,,,,UNKNOWN,厚生局指定年月日 2023-10-01 を確認（年齢は直接算出不可）,1,オンライン診療,オンライン診療｜https://www.clinicfor.life/telemedicine/diet/ https://www.clinicfor.life/telemedicine/diet/ → https://ac.allmedia-platform.com/f7afXed83525ded0/cl/?bId=a76ce323,集客投資シグナルあり,電話番号一致 / 医院名がページ見出しに一致 / 院長名一致,"[{""reason"": ""HTMLサイズが上限を超えました。"", ""url"": ""https://www.8cho-ishi-cli.com/guide""}]",,
866,小坂こども元気クリニック,東京都,2023-08-28,https://kosaka.clinic/,https://kosaka.clinic/,SUCCESS,VERIFIED,C,6,,小坂　和輝,,,,UNKNOWN,厚生局指定年月日 2023-08-28 を確認（年齢は直接算出不可）,0,,,通常,電話番号一致 / 医院名がページ見出しに一致 / 院長名一致,[],,
871,インターパーク倉持内科日本橋,東京都,2023-12-01,https://www.kuramochi-clinic.tokyo/,https://www.kuramochi-clinic.tokyo/,SUCCESS,VERIFIED,A,13,糖尿病,　ゆみ,,,,UNKNOWN,厚生局指定年月日 2023-12-01 を確認（年齢は直接算出不可）,0,,,通常,電話番号一致 / 医院名がページ見出しに一致,[],,
875,ウェルエイジング日本橋クリニック,東京都,2023-12-01,http://www.well-aging.or.jp/,https://www.well-aging.or.jp/,SUCCESS,VERIFIED,B,11,糖尿病 / 泌尿器科 / 循環器内科,白石　光一,,,,REVIEW,UNKNOWN,0,,,通常,電話番号一致 / 医院名がページ見出しに一致 / 院長名一致,[],,
882,晴海ウィメンズクリニック,東京都,2024-04-01,https://www.harumi-women.com/,https://www.harumi-women.com/,SUCCESS,VERIFIED,B,9,,三島　みさ子,,,,UNKNOWN,厚生局指定年月日 2024-04-01 を確認（年齢は直接算出不可）,1,HP制作会社の制作実績,HP制作会社の制作実績｜DR.BRIDGE｜クリニックホームページ制作 クリニックホームページ制作 → https://www.dr-bridge.co.jp/,集客投資シグナルあり,電話番号一致 / 医院名がページ見出しに一致 / 院長名一致,[],,
885,医療法人社団　映仁会　晴海ベイサイド眼科,東京都,2024-03-01,https://www.harumi-eyeclinic.com/,https://www.harumi-eyeclinic.com/,SUCCESS,VERIFIED,B,11,緑内障,尾谷　珠里,,,,UNKNOWN,厚生局指定年月日 2024-03-01 を確認（年齢は直接算出不可）,0,,,通常,電話番号一致 / 医院名がページ見出しに一致 / 住所一致,[],,
886,東京晴海胃と大腸の消化器内視鏡・内科クリニック中央区院,東京都,2024-04-01,https://www.harumiflag-naishikyo.com/,https://www.harumiflag-naishikyo.com/,SUCCESS,VERIFIED,A,14,内視鏡,新井　典岳,,,,UNKNOWN,厚生局指定年月日 2024-04-01 を確認（年齢は直接算出不可）,7,Doctors File掲載 / HP制作会社の制作実績 / 地域ドクターズ掲載 / YouTube公式運用 / LINE公式運用 / オンライン診療 / 漫画コンテンツ,Doctors File掲載｜ドクターズファイル → https://doctorsfile.jp/h/216224/df/1/ / HP制作会社の制作実績｜DR.BRIDGE｜クリニックホームページ作成 クリニックホームページ制作 → https://www.dr-bridge.co.jp/ / 地域ドクターズ掲載｜東京晴海-胃と大腸の消化器内視鏡・内科クリニック-中央区院様インタビュー → https://tokyo-doctors.com/clinicList/97136/interview/ / YouTube公式運用｜https://youtube.com/@musashi-kosugi-naishikyou?si=7e9EsSGndXMd2e3V / LINE公式運用｜https://lin.ee/PDb0Seu / オンライン診療｜クロン オンライン診療予約 晴海フラッグ胃と大腸の消化器内科内視鏡クリニック → https://app.curon.co/clinic/detail/3HYH1iRpMVZ4RagQ2t7hRIpIMeIIF2M3xNz_ygdldmY / 漫画コンテンツ｜https://www.harumiflag-naishikyo.com/cc,かなりアツい,電話番号一致 / 医院名がページ見出しに一致,[],,
887,医療法人社団　晴月会　晴海耳鼻咽喉科,東京都,2024-04-01,https://www.harumi-ent.com/,https://www.harumi-ent.com/,SUCCESS,VERIFIED,C,6,,馬場　美雪,,,,REVIEW,UNKNOWN,3,HP制作会社の制作実績 / 地域ドクターズ掲載 / LINE公式運用,HP制作会社の制作実績｜DR.BRIDGE｜クリニックホームページ制作 クリニックホームページ制作 → https://www.dr-bridge.co.jp/ / 地域ドクターズ掲載｜東京ドクターズ → https://tokyo-doctors.com/clinicList/111857/interview/ / LINE公式運用｜https://lin.ee/Ykb9CBh,かなりアツい,電話番号一致 / 医院名がページ見出しに一致,[],,
889,メディカルクリニック　パレ　水天宮前,東京都,2024-04-01,https://pare-suitengumae.jp/,https://pare-suitengumae.jp/,SUCCESS,VERIFIED,B,8,,石井　浩統,,,,UNKNOWN,厚生局指定年月日 2024-04-01 を確認（年齢は直接算出不可）,1,LINE公式運用,LINE公式運用｜https://lin.ee/oLD8aNP,集客投資シグナルあり,電話番号一致 / 医院名がページ見出しに一致 / 院長名一致,[],,
891,日本橋人形町消化器・内視鏡クリニック,東京都,2024-07-01,https://ningyocho-naishikyo.jp/,https://ningyocho-naishikyo.jp/,SUCCESS,VERIFIED,A,16,内視鏡,石岡　充彬,2011,,100.0%,MODEL_ESTIMATE,https://ningyocho-naishikyo.jp/doctor/,6,Doctors File掲載 / Medical DOC掲載 / YouTube公式運用 / Instagram公式運用 / LINE公式運用 / 治療専門サイト,Doctors File掲載｜ → https://doctorsfile.jp/h/217535/hr/1/ / Medical DOC掲載｜ → https://medicaldoc.jp/doctor/9749/ / YouTube公式運用｜https://www.youtube.com/@ningyocho-naishikyo/videos / Instagram公式運用｜https://www.instagram.com/ningyocho_naishikyo/ / LINE公式運用｜https://line.me/R/ti/p/@364kjctw?oat_content=url&ts=06011122 / 治療専門サイト｜https://www.ningyocho-naishikyo.jp/lp_colonoscopy/,かなりアツい,電話番号一致 / 医院名がページ見出しに一致 / 院長名一致,[],,
897,こころの診療所　築地・新富町,東京都,2024-05-01,https://kokoromental-clinic.com/,https://kokoromental-clinic.com/,SUCCESS,VERIFIED,B,10,,稲村　圭亮,,,,UNKNOWN,厚生局指定年月日 2024-05-01 を確認（年齢は直接算出不可）,4,Doctors File掲載 / Medical DOC掲載 / Instagram公式運用 / オンライン診療,Doctors File掲載｜ → https://doctorsfile.jp/h/217370/df/1/ / Medical DOC掲載｜こちら 【自律神経失調症と更年期障害の関係】 Medical DOCに稲村院長が執筆された記事が公開されました。 こちら → https://medicaldoc.jp/m/cm-medical/autonomic-nervous-disorder-menopausal-disorder/ / Instagram公式運用｜https://www.instagram.com/kokoromental/ / オンライン診療｜カウンセリングはこちら › カウンセリングはこちら › オンライン診療はこちら › → https://kokoromental-clinic.com/guidance/counseling/,かなりアツい,電話番号一致 / 医院名がページ見出しに一致 / 住所一致 / 院長名一致,[],,
901,水天宮前小児科,東京都,2024-05-01,https://www.suiten-shouni.com/,https://suiten-shouni.com/,SUCCESS,VERIFIED,B,10,,水上　愛弓,,,,UNKNOWN,厚生局指定年月日 2024-05-01 を確認（年齢は直接算出不可）,2,LINE公式運用 / オンライン診療,LINE公式運用｜https://lin.ee/nGOWFga / オンライン診療｜オンライン診療 オンライン診療 → https://suiten-shouni.com/?page_id=101382&preview=true,アツい,電話番号一致 / 医院名がページ見出しに一致,[],,
904,医療法人社団　Ｓ＆Ｔ医会　銀座すみれの花クリニック,東京都,2024-04-17,http://ginza-sumirenohana.com/,https://ginza-sumirenohana.com/,SUCCESS,VERIFIED,B,8,,横山　才也,1991,,31.2%,MODEL_ESTIMATE,https://ginza-sumirenohana.com/%e5%8c%bb%e5%b8%ab%e7%b4%b9%e4%bb%8b/,1,Instagram公式運用,Instagram公式運用｜https://www.instagram.com/ginza_sumirenohana/,集客投資シグナルあり,電話番号一致 / 医院名がページ見出しに一致 / 院長名一致,[],,
907,医療法人社団　翔和仁誠会　メトロポリタンＥＮＴサージクリニック東京,東京都,2024-07-01,https://met-ent-tokyo.com/,https://met-ent-tokyo.com/,SUCCESS,VERIFIED,B,8,,東家　完,2005,,99.8%,MODEL_ESTIMATE,https://met-ent-tokyo.com/doctors/,3,YouTube公式運用 / TikTok公式運用 / オンライン診療,YouTube公式運用｜https://www.youtube.com/@MetroENTSurgiTokyo / TikTok公式運用｜https://www.tiktok.com/@themetroenttokyo / オンライン診療｜メトロポリタンENTサージクリニック東京 翔和仁誠会 アクセス English 03-6910-8187 診療予約 ホーム 当院について 診療内容 診療内容 音声外来 音声リハビリ 声の症状で調べる 鼻アレルギー・蓄膿外来 オンライン診療 手術案内 手術案内 手術の流れ 声（喉）の手術 鼻の手術 手術費用 高額療養費制 → https://met-ent-tokyo.com/,かなりアツい,電話番号一致 / 医院名がページ見出しに一致,[],,
910,ルネスクリニック日本橋,東京都,2024-08-01,https://biken-kai.com/renais-nihonbashi/,https://biken-kai.com/renais-nihonbashi/,SUCCESS,VERIFIED,B,9,,佐藤　洋輔,,,,UNKNOWN,厚生局指定年月日 2024-08-01 を確認（年齢は直接算出不可）,0,,,通常,電話番号一致 / 医院名がページ見出しに一致,[],,
913,日本橋人形町整形外科,東京都,2024-10-01,https://nn-ortho.jp/,https://nn-ortho.jp/,SUCCESS,VERIFIED,C,7,,末永　七彩,,,,UNKNOWN,厚生局指定年月日 2024-10-01 を確認（年齢は直接算出不可）,2,Doctors File掲載 / Instagram公式運用,Doctors File掲載｜Doctors File → https://doctorsfile.jp/h/219314/df/1/ / Instagram公式運用｜https://www.instagram.com/nn.orthopedicclinic/,アツい,電話番号一致 / 医院名がページ見出しに一致 / 院長名一致,[],,
916,銀座内科,東京都,2024-10-01,https://ginza-naika.com/,https://ginza-naika.com/,SUCCESS,VERIFIED,B,10,糖尿病 / ED,會田　梓,,,,UNKNOWN,厚生局指定年月日 2024-10-01 を確認（年齢は直接算出不可）,3,マイナビ記事掲載 / Instagram公式運用 / オンライン診療,マイナビ記事掲載｜2017年「マイナビ」 2017年「マイナビ」 → https://woman.mynavi.jp/profile/170421-5/ / Instagram公式運用｜https://www.instagram.com/ginza_medical_clinic/?igsh=MXEzZ3VsNW1tcWdzeg%3D%3D&utm_source=qr / オンライン診療｜ご来院の方へ ご来院の方へ 初めての方へ 診療について 宅薬便について アクセス情報 診療時間 デジスマ診療について デジスマアプリでの受診の流れ デジスマアプリ以外での受診の流れ オンライン診療 料金について → javascript:void(0);,かなりアツい,電話番号一致 / 医院名がページ見出しに一致 / 住所一致,[],,
921,医療法人　ネオポリス診療所　銀座クリニック,東京都,2024-11-01,https://ginzaclinic-neopolis.or.jp/,https://ginzaclinic-neopolis.or.jp/,SUCCESS,VERIFIED,C,4,,堀越　万理子,,,,UNKNOWN,厚生局指定年月日 2024-11-01 を確認（年齢は直接算出不可）,0,,,通常,電話番号一致 / 医院名がページ見出しに一致 / 院長名一致,[],,
924,人形町しずか皮ふ科,東京都,2024-11-01,https://shizuka-hifuka.com/,https://shizuka-hifuka.com/,SUCCESS,VERIFIED,A,12,皮膚科,岡﨑　静,,,,UNKNOWN,厚生局指定年月日 2024-11-01 を確認（年齢は直接算出不可）,2,Instagram公式運用 / LINE公式運用,Instagram公式運用｜https://www.instagram.com/ningyocho_shizuka_hifuka/ / LINE公式運用｜https://lin.ee/ODpMCFL,アツい,電話番号一致 / 医院名がページ見出しに一致 / 院長名一致,"[{""reason"": ""HTTP 503。手動で確認してください。"", ""url"": ""https://shizuka-hifuka.com/doctor/""}, {""reason"": ""HTTP 503。手動で確認してください。"", ""url"": ""https://shizuka-hifuka.com/clinic/""}, {""reason"": ""HTTP 503。手動で確認してください。"", ""url"": ""https://shizuka-hifuka.com/medical/""}, {""reason"": ""HTTP 503。手動で確認してください。"", ""url"": ""https://shizuka-hifuka.com/menu/medical01/""}]",,
925,京橋ライフスタイル・ハートクリニック,東京都,2024-10-01,https://klh-clinic.com/,https://klh-clinic.com/,SUCCESS,VERIFIED,B,11,糖尿病 / 循環器内科,上原　裕規,,,,UNKNOWN,厚生局指定年月日 2024-10-01 を確認（年齢は直接算出不可）,1,LINE公式運用,LINE公式運用｜https://lin.ee/P8tpBri,集客投資シグナルあり,電話番号一致 / 医院名がページ見出しに一致 / 住所一致 / 院長名一致,"[{""reason"": ""HTMLサイズが上限を超えました。"", ""url"": ""https://klh-clinic.com/%e6%9c%aa%e6%9d%a5%e3%81%ae%e5%81%a5%e5%ba%b7%e5%a4%96%e6%9d%a5""}]",,
928,かとう前立腺クリニック東京,東京都,2024-12-01,https://kato-tokyo.com/,https://kato-tokyo.com/,SUCCESS,VERIFIED,A,13,ED / 男性更年期 / 泌尿器科,加藤　忍,1991,,31.2%,MODEL_ESTIMATE,https://kato-tokyo.com/clinic/,3,Doctors File掲載 / 地域ドクターズ掲載 / Instagram公式運用,Doctors File掲載｜ → https://doctorsfile.jp/h/219647/df/1/ / 地域ドクターズ掲載｜ → https://tokyo-doctors.com/clinicList/113057/interview/ / Instagram公式運用｜https://www.instagram.com/kato_urological_clinic/,かなりアツい,電話番号一致 / 医院名がページ見出しに一致 / 院長名一致,[],,
931,おおた心療内科クリニック,東京都,2025-05-01,https://ohta-psychosomatic.com/,https://ohta-psychosomatic.com/,SUCCESS,VERIFIED,C,7,,太田　大介,,,,UNKNOWN,厚生局指定年月日 2025-05-01 を確認（年齢は直接算出不可）,0,,,通常,電話番号一致 / 医院名がページ見出しに一致 / 住所一致 / 院長名一致,"[{""reason"": ""HTMLページではありません。"", ""url"": ""https://ohta-psychosomatic.com/news/index.xml""}]",,
932,０ｔｈ　ＣＬＩＮＩＣ,東京都,2024-12-01,https://0thclinic.com/,https://0thclinic.com/,SUCCESS,VERIFIED,A,14,糖尿病 / 泌尿器科 / 循環器内科 / 皮膚科,黒田　揮志夫,,,,UNKNOWN,厚生局指定年月日 2024-12-01 を確認（年齢は直接算出不可）,2,Instagram公式運用 / LINE公式運用,Instagram公式運用｜https://www.instagram.com/0thclinic_/ / LINE公式運用｜https://line.me/R/ti/p/@514rnjla?oat_content=url&ts=06251308,アツい,電話番号一致 / 医院名がページ見出しに一致 / 院長名一致,"[{""reason"": ""HTTP 404。手動で確認してください。"", ""url"": ""https://0thclinic.com/medical/gastroenterology""}]",,
935,８８内科クリニック,東京都,2025-04-01,https://88cl.jp/,https://88cl.jp/,SUCCESS,VERIFIED,A,12,糖尿病,加藤　勇人,2015,,100.0%,MODEL_ESTIMATE,https://88cl.jp/doctor/,2,Medical DOC掲載 / オンライン診療,Medical DOC掲載｜東京都中央区でおすすめの糖尿病内科として紹介されました → https://medicaldoc.jp/m/recommend-m/tokyo-chuo-ct-diabetes-internal-medicine/ / オンライン診療｜03-5695-8288 電話 03-5695-8288 03-5695-8288 WEB予約 オンライン診療 → tel:0356958288,アツい,電話番号一致 / 医院名がページ見出しに一致 / 住所一致 / 院長名一致,[],,
937,日本橋人形町ブルジョンウィメンズクリニック,東京都,2025-02-01,https://bourgeon-womens.com/,https://bourgeon-womens.com/,SUCCESS,VERIFIED,B,8,,深澤　祐子,,,,UNKNOWN,厚生局指定年月日 2025-02-01 を確認（年齢は直接算出不可）,1,地域ドクターズ掲載,地域ドクターズ掲載｜求人情報 求人情報 → https://tokyo-doctors.com/clinicList/113284/job/,集客投資シグナルあり,電話番号一致 / 医院名がページ見出しに一致 / 院長名一致,[],,
944,ＴＨＩＲＤ　ＣＬＩＮＩＣ　ＧＩＮＺＡ,東京都,2025-03-01,https://thirdclinic.jp/,https://thirdclinic.jp/,SUCCESS,VERIFIED,A,12,皮膚科,三輪　綾子,2010,,100.0%,MODEL_ESTIMATE,https://thirdclinic.jp/doctor/,1,Instagram公式運用,Instagram公式運用｜https://www.instagram.com/ayak0_0m/?hl=ja,集客投資シグナルあり,電話番号一致 / 医院名がページ見出しに一致 / 院長名一致,[],,
947,勝どき　はやみ皮ふ科,東京都,2025-06-01,https://kachidoki-derm.jp/,https://kachidoki-derm.jp/,SUCCESS,VERIFIED,A,12,皮膚科,速水　千佐子,,,,UNKNOWN,厚生局指定年月日 2025-06-01 を確認（年齢は直接算出不可）,0,,,通常,電話番号一致 / 医院名がページ見出しに一致 / 院長名一致,[],,
951,日本橋皮フ科,東京都,2025-04-01,https://nihonbashi-hifuka.com/,https://nihonbashi-hifuka.com/,SUCCESS,VERIFIED,B,11,,飼沼　実優,,,,UNKNOWN,厚生局指定年月日 2025-04-01 を確認（年齢は直接算出不可）,1,LINE公式運用,LINE公式運用｜https://line.me/R/ti/p/@220dtloa,集客投資シグナルあり,電話番号一致 / 医院名がページ見出しに一致,[],,
961,日本橋茅場町ウィメンズクリニック,東京都,2025-08-01,https://kayabacho-ladies.com/,https://kayabacho-ladies.com/,SUCCESS,VERIFIED,C,7,,日野　有紀,1998,,98.5%,MODEL_ESTIMATE,https://kayabacho-ladies.com/,1,オンライン診療,オンライン診療｜当院について 当院について 医院概要 予約 診療時間 オンライン診療の案内 → https://kayabacho-ladies.com/about/index.html,集客投資シグナルあり,電話番号一致 / 医院名がページ見出しに一致 / 院長名一致,"[{""reason"": ""HTTP 404。手動で確認してください。"", ""url"": ""https://kayabacho-ladies.com/about/03-3668-6170""}]",,
966,医療法人社団則由会　月島ピースクリニック,東京都,2025-06-01,https://peace-clinic.clinic/tsukishima,https://peace-clinic.clinic/tsukishima/,SUCCESS,VERIFIED,B,11,皮膚科,高岡　奈那子,,,,UNKNOWN,厚生局指定年月日 2025-06-01 を確認（年齢は直接算出不可）,1,Doctors File掲載,Doctors File掲載｜ドクターズファイル → https://doctorsfile.jp/h/28810/df/1/,集客投資シグナルあり,電話番号一致 / 医院名がページ見出しに一致 / 院長名一致,[],,
968,ＢＩＪＯＵ　ＣＬＩＮＩＣ,東京都,2025-07-01,https://bijou-clinic.com/,https://bijou-clinic.com/,SUCCESS,VERIFIED,A,14,皮膚科,宮﨑　塁,,,,UNKNOWN,厚生局指定年月日 2025-07-01 を確認（年齢は直接算出不可）,4,YouTube公式運用 / Instagram公式運用 / LINE公式運用 / 治療専用LP,YouTube公式運用｜https://www.youtube.com/channel/UCBVrKKJOhch0iTtmEsA5DSQ / Instagram公式運用｜https://www.instagram.com/bijouclinic_ginza/ / LINE公式運用｜https://line.me/R/ti/p/@135uttmr?oat_content=url&ts=07081346 / 治療専用LP｜医院名と電話/住所を確認,かなりアツい,電話番号一致 / 医院名がページ見出しに一致 / 住所一致 / 院長名一致,[],,
974,銀座心療内科・精神科エキマエメンタルクリニック,東京都,2026-06-01,https://ginza-ekimae.com/,https://ginza-ekimae.com/,SUCCESS,VERIFIED,B,8,,田原　啓二,1983,1983,0.0%,MODEL_ESTIMATE,厚生局/取込済み医籍登録年,0,,,通常,電話番号一致 / 医院名がページ見出しに一致,[],,
978,銀座高沢内科,東京都,2025-08-01,http://www.kurihara-clinic.jp/,http://www.kurihara-clinic.jp/,SUCCESS,VERIFIED,B,10,内視鏡,栗原　大典,,,,UNKNOWN,厚生局指定年月日 2025-08-01 を確認（年齢は直接算出不可）,0,,,通常,電話番号一致 / 医院名がページ見出しに一致,"[{""reason"": ""HTTP 403。手動で確認してください。"", ""url"": ""http://www.kurihara-clinic.jp/colonoscopy/""}, {""reason"": ""アクセス制限があるため、このサイトの取得を停止しました。"", ""url"": ""http://www.kurihara-clinic.jp/news/detail-861191.html""}, {""reason"": ""アクセス制限があるため、このサイトの取得を停止しました。"", ""url"": ""http://www.kurihara-clinic.jp/news/detail-854521.html""}, {""reason"": ""アクセス制限があるため、このサイトの取得を停止しました。"", ""url"": ""http://www.kurihara-clinic.jp/news/index.html""}, {""reason"": ""アクセス制限があるため、このサイトの取得を停止しました。"", ""url"": ""http://www.kurihara-clinic.jp/blog/2017/10/post-527551.html""}, {""reason"": ""アクセス制限があるため、このサイトの取得を停止しました。"", ""url"": ""http://www.kurihara-clinic.jp/blog/clinic/index.html""}]",,
980,内視鏡ベルラクリニック銀座,東京都,2025-09-01,https://beluraclinic-ginza.com/,https://beluraclinic-ginza.com/,SUCCESS,VERIFIED,A,14,内視鏡,髙橋　敬二,,,,UNKNOWN,厚生局指定年月日 2025-09-01 を確認（年齢は直接算出不可）,0,,,通常,電話番号一致 / 医院名がページ見出しに一致 / 院長名一致,[],,
982,医療法人社団栄晴会　中央内科クリニック,東京都,2025-09-02,http://www.chuuounaika.com/,https://www.chuuounaika.com/,SUCCESS,VERIFIED,B,10,糖尿病 / 循環器内科,村松　弘康,1989,,0.0%,MODEL_ESTIMATE,https://www.chuuounaika.com/doctor,0,,,通常,電話番号一致 / 医院名がページ見出しに一致,[],,
983,恵友クリニック,東京都,2025-09-01,https://keiyu-clinic.net/,https://keiyu-clinic.net/,SUCCESS,VERIFIED,B,10,ED / 皮膚科,佐藤　周,,,,UNKNOWN,厚生局指定年月日 2025-09-01 を確認（年齢は直接算出不可）,0,,,通常,電話番号一致 / 医院名がページ見出しに一致 / 院長名一致,"[{""reason"": ""HTTP 404。手動で確認してください。"", ""url"": ""https://keiyu-clinic.net/evergreen/reason""}, {""reason"": ""HTTP 404。手動で確認してください。"", ""url"": ""https://keiyu-clinic.net/evergreen/reason/""}]",,
990,東京日本橋　早期肺がん日帰り手術クリニック,東京都,2026-01-01,https://tokyo-haigan.net/,https://tokyo-haigan.net/,SUCCESS,VERIFIED,B,10,,淺越　佑太郎,,,,UNKNOWN,厚生局指定年月日 2026-01-01 を確認（年齢は直接算出不可）,2,Doctors File掲載 / LINE公式運用,Doctors File掲載｜東京日本橋 早期肺がん日帰り手術クリニック_ドクターズファイル → https://doctorsfile.jp/h/223838/df/1/ / LINE公式運用｜https://lin.ee/VMoSKd4,アツい,電話番号一致 / 医院名がページ見出しに一致,[],,
993,ＨＡＩＲ　ＯＦ　ＴＯＫＹＯ,東京都,2025-12-01,https://hairoftokyo.com/,https://hairoftokyo.com/,SUCCESS,VERIFIED,B,8,,石川　菜緒,,,,UNKNOWN,厚生局指定年月日 2025-12-01 を確認（年齢は直接算出不可）,1,LINE公式運用,LINE公式運用｜https://line.me/R/ti/p/@996fiknz?oat__id=6045659,集客投資シグナルあり,電話番号一致 / 医院名がページ見出しに一致,[],,
994,東京八重洲まもりび消化器内科・内視鏡クリニック　日本橋院,東京都,2026-05-01,https://www.mamoribi-clinic.com/,https://www.mamoribi-clinic.com/,SUCCESS,VERIFIED,A,12,内視鏡 / 糖尿病,松岡　愛菜,,,,UNKNOWN,厚生局指定年月日 2026-05-01 を確認（年齢は直接算出不可）,4,Doctors File掲載 / HP制作会社の制作実績 / 地域ドクターズ掲載 / オンライン診療,Doctors File掲載｜ドクターズファイル → https://doctorsfile.jp/h/228304/mt/1/ / HP制作会社の制作実績｜DR.BRIDGE｜クリニックホームページ制作 クリニックホームページ制作 → https://www.dr-bridge.co.jp/ / 地域ドクターズ掲載｜東京ドクターズ → https://tokyo-doctors.com/clinicList/117116/interview / オンライン診療｜来院に頼らない診療 （オンライン診療） 来院に頼らない診療 （オンライン診療） → https://melmo-app.com/clinic/6929c8a58503e47d1649c6a3/reservation?method=online,かなりアツい,電話番号一致 / 医院名がページ見出しに一致 / 院長名一致,[],,
995,東京ＡＲＴクリニック,東京都,2026-02-01,https://tokyoart-clinic.com/,https://tokyoart-clinic.com/,SUCCESS,VERIFIED,B,8,,小川　誠司,2006,,99.8%,MODEL_ESTIMATE,https://tokyoart-clinic.com/doctor.html,1,Instagram公式運用,Instagram公式運用｜https://www.instagram.com/dr.ogawa.s?igsh=bzN1dzF6dmEwZ2o5,集客投資シグナルあり,電話番号一致 / 医院名がページ見出しに一致 / 住所一致 / 院長名一致,"[{""reason"": ""HTTP 404。手動で確認してください。"", ""url"": ""https://tokyoart-clinic.com/recruit.html""}]",,
1001,医療法人清和会　ＨＭレディースクリニック銀座,東京都,2026-01-30,https://hm-ladies.com/,https://hm-ladies.com/,SUCCESS,VERIFIED,B,8,,升田　博隆,1997,,98.2%,MODEL_ESTIMATE,https://hm-ladies.com/staff.html,3,Instagram公式運用 / LINE公式運用 / オンライン診療,Instagram公式運用｜https://www.instagram.com/hm_ladies_clinic_ginza/?hl=ja / LINE公式運用｜https://lin.ee/Rit229z / オンライン診療｜オンライン診療 オンライン診療 → https://hm-ladies.com/online.html,かなりアツい,電話番号一致 / 医院名がページ見出しに一致 / 住所一致 / 院長名一致,[],,
1012,日本橋えがわクリニック,東京都,2026-04-01,http://nihonbashi-egawacl.com/,https://www.nihonbashi-egawacl.com/,SUCCESS,VERIFIED,B,11,糖尿病 / 皮膚科,二見　一美,,,,UNKNOWN,厚生局指定年月日 2026-04-01 を確認（年齢は直接算出不可）,0,,,通常,電話番号一致 / 医院名がページ見出しに一致 / 院長名一致,[],,
1014,東京駅クリニック,東京都,2026-04-01,https://www.toikai.jp/bien/,https://www.toikai.jp/bien/,SUCCESS,VERIFIED,B,8,ED / 男性更年期 / 泌尿器科,村山　清之,,,,UNKNOWN,厚生局指定年月日 2026-04-01 を確認（年齢は直接算出不可）,1,オンライン診療,オンライン診療｜遠隔診療 遠隔診療 → https://www.toikai.jp/bien/014/index.html,集客投資シグナルあり,電話番号一致 / 医院名がページ見出しに一致,"[{""reason"": ""HTTP 404。手動で確認してください。"", ""url"": ""https://www.toikai.jp/bien/010/index.html""}]",,
1018,銀座ＭＩＴＡクリニック,東京都,2026-05-01,https://ginza-mita.com/,https://ginza-mita.com/,SUCCESS,VERIFIED,A,12,ED / 皮膚科,三田　麻津子,,,,UNKNOWN,厚生局指定年月日 2026-05-01 を確認（年齢は直接算出不可）,2,TikTok公式運用 / Instagram公式運用,TikTok公式運用｜https://www.tiktok.com/@femtech_ginzamita / Instagram公式運用｜https://www.instagram.com/femtech_ginzamita/,アツい,電話番号一致 / 医院名がページ見出しに一致 / 院長名一致,[],,
1019,木挽町医院,東京都,2026-05-01,http://www.kobikicho.com/,https://www.kobikicho.com/,SUCCESS,VERIFIED,B,10,内視鏡,宮﨑　舜賢,,,,UNKNOWN,厚生局指定年月日 2026-05-01 を確認（年齢は直接算出不可）,0,,,通常,電話番号一致 / 医院名がページ見出しに一致 / 院長名一致,[],,
1020,築地駅前内科・婦人科クリニック,東京都,2026-08-01,https://tsukiji-ekimae-clinic.com/,https://tsukiji-ekimae-clinic.com/,SUCCESS,VERIFIED,A,14,糖尿病,吉田　舞子,,,,UNKNOWN,厚生局指定年月日 2026-08-01 を確認（年齢は直接算出不可）,4,HP制作会社の制作実績 / 地域ドクターズ掲載 / Instagram公式運用 / LINE公式運用,HP制作会社の制作実績｜produced by FARO ©︎築地駅前内科・婦人科クリニック All rights reserved. produced by FARO → https://www.faro-co.jp/ / 地域ドクターズ掲載｜東京ドクターズ 連携医療機関 順天堂大学医学部附属順天堂医院 順天堂大学医学部附属浦安病院 聖路加国際病院 昭和医科大学江東豊洲病院 愛育病院 山王病院 など全国多数 厚生労働大臣が定める掲示事項 詳細はこちら → https://tokyo-doctors.com/clinicList/117173/interview / Instagram公式運用｜https://www.instagram.com/tsukiji_ekimae_clinic / LINE公式運用｜https://lin.ee/sB6YRK2,かなりアツい,電話番号一致 / 医院名がページ見出しに一致 / 院長名一致,[],,
1025,東京形成外科　人形町院,東京都,2026-06-01,https://eyebeauty-clinic.jp/,https://eyebeauty-clinic.jp/,SUCCESS,VERIFIED,A,12,皮膚科,岡田　宇広,,,,UNKNOWN,厚生局指定年月日 2026-06-01 を確認（年齢は直接算出不可）,2,Instagram公式運用 / LINE公式運用,Instagram公式運用｜https://www.instagram.com/tokyo.keisei.clinic/ / LINE公式運用｜https://lin.ee/wjiISAu,アツい,電話番号一致 / 医院名がページ見出しに一致 / 住所一致,"[{""reason"": ""HTTP 404。手動で確認してください。"", ""url"": ""https://eyebeauty-clinic.jp/recruit/""}]",,
1026,銀座皮フ科形成外科,東京都,2026-09-01,https://ginza-hk.com/,https://ginza-hk.com/,SUCCESS,VERIFIED,A,12,皮膚科,田代　絢亮,2024,,100.0%,MODEL_ESTIMATE,https://ginza-hk.com/about/,2,Instagram公式運用 / LINE公式運用,Instagram公式運用｜https://www.instagram.com/ginzahifukeisei / LINE公式運用｜https://lin.ee/PrZgakP,アツい,電話番号一致 / 医院名がページ見出しに一致,[],,
1036,アークヒルズクリニック,東京都,1986-12-16,http://www.arkhillsclinic.com/,https://arkhillsclinic.com/,SUCCESS,VERIFIED,C,7,,荻原　達雄,,,,UNKNOWN,厚生局指定年月日 1986-12-16 を確認（年齢は直接算出不可）,0,,,通常,電話番号一致 / 医院名がページ見出しに一致,[],,
1038,七番館クリニック,東京都,1989-11-01,http://www.nanabankan-clinic.com/,https://www.nanabankan-clinic.com/,SUCCESS,VERIFIED,D,2,,横田　ユキ子,,,,REVIEW,UNKNOWN,0,,,通常,電話番号一致 / 医院名がページ見出しに一致 / 院長名一致,[],,
1040,医療法人社団　山慈会　山田皮膚科医院,東京都,1990-11-01,https://yamada-skinclinic.com/,https://yamada-skinclinic.com/,SUCCESS,VERIFIED,A,12,ED / 皮膚科,竹内　紋子,,,,UNKNOWN,厚生局指定年月日 1990-11-01 を確認（年齢は直接算出不可）,0,,,通常,電話番号一致 / 医院名がページ見出しに一致 / 院長名一致,[],,
1042,青山天野クリニック,東京都,1991-11-01,https://www.amanoclinic.jp/,https://www.amanoclinic.jp/,SUCCESS,VERIFIED,D,3,,天野　洋,,,,UNKNOWN,厚生局指定年月日 1991-11-01 を確認（年齢は直接算出不可）,0,,,通常,電話番号一致 / 医院名がページ見出しに一致,"[{""reason"": ""HTTP 404。手動で確認してください。"", ""url"": ""https://www.amanoclinic.jp/about_aoyamatowatashi.html""}]",,
1048,医療法人社団　潤康会　芝パーククリニック,東京都,1994-11-01,http://www.shibapark-clinic.jp/,https://www.shibapark-clinic.jp/,SUCCESS,VERIFIED,C,7,,遠藤　宏樹,,,,UNKNOWN,厚生局指定年月日 1994-11-01 を確認（年齢は直接算出不可）,0,,,通常,電話番号一致 / 医院名がページ見出しに一致,[],,
1051,新橋烏森整形外科,東京都,1997-01-01,http://www.shimbashi-seikei.com/,http://www.shimbashi-seikei.com/,SUCCESS,VERIFIED,C,5,,長谷山　雅博,,,,UNKNOWN,厚生局指定年月日 1997-01-01 を確認（年齢は直接算出不可）,1,HP制作会社の制作実績,HP制作会社の制作実績｜EX partners Produced by EX partners 病院検索 ホスピタ Copyright(C) 新橋烏森整形外科 All Rights Reserved. → http://www.ex-partners.co.jp/,集客投資シグナルあり,電話番号一致 / 医院名がページ見出しに一致 / 院長名一致,[],,
1054,一般財団法人　労働医学研究会　新橋クリニック,東京都,1997-04-01,http://www.rouiken.or.jp/shimbashi.htm,http://rouiken.or.jp/,SUCCESS,VERIFIED,C,6,,米田　政志,,,,UNKNOWN,厚生局指定年月日 1997-04-01 を確認（年齢は直接算出不可）,0,,,通常,電話番号一致 / 医院名がページ見出しに一致 / 院長名一致,"[{""reason"": ""HTTP 404。手動で確認してください。"", ""url"": ""https://rouiken.or.jp/mobile-medical-examination/03-5600-5335""}]",,
1055,赤坂溜池クリニック,東京都,1997-08-01,http://www.holisticmedicine.jp/clinic.html,https://holisticmedicine.jp/,SUCCESS,VERIFIED,B,9,,降矢　英成,,,,UNKNOWN,厚生局指定年月日 1997-08-01 を確認（年齢は直接算出不可）,2,Doctors File掲載 / Medical DOC掲載,Doctors File掲載｜Doctors file → https://doctorsfile.jp/h/25025/df/1/ / Medical DOC掲載｜medicaldoc → https://medicaldoc.jp/recommend/minato-psychiatry/,アツい,電話番号一致 / 医院名がページ見出しに一致 / 院長名一致,[],,
1056,岡野内科診療所,東京都,1997-04-20,https://okanonaika35020909.wixsite.com/okano/,https://okanonaika35020909.wixsite.com/okano,SUCCESS,VERIFIED,C,6,,岡野　喜久夫,,,,UNKNOWN,厚生局指定年月日 1997-04-20 を確認（年齢は直接算出不可）,0,,,通常,電話番号一致 / 医院名がページ見出しに一致,[],,
1061,白金台診療所,東京都,1998-08-26,http://www.shirokanedai-shinryojo.com/,http://www.shirokanedai-shinryojo.com/,SUCCESS,VERIFIED,D,3,,渡辺　溪子,,,,UNKNOWN,厚生局指定年月日 1998-08-26 を確認（年齢は直接算出不可）,0,,,通常,電話番号一致 / 医院名がページ見出しに一致,[],,
1064,医療法人　和楽会　心療内科・神経科赤坂クリニック,東京都,1998-12-01,https://fuanclinic.com/akasaka/,https://fuanclinic.com/akasaka/,SUCCESS,VERIFIED,C,7,,坂元　薫,,,,UNKNOWN,厚生局指定年月日 1998-12-01 を確認（年齢は直接算出不可）,1,オンライン診療,オンライン診療｜南房香医師 オンライン診療再診 再開のお知らせ 2026.07.31 南房香医師 オンライン診療再診 再開のお知らせ → https://fuanclinic.com/news/8786/,集客投資シグナルあり,電話番号一致 / 医院名がページ見出しに一致,[],,
1067,マリーゴールドクリニック,東京都,2000-02-01,https://www.marigold-clinic.com/,https://marigold-clinic.com/,SUCCESS,VERIFIED,C,6,,山口　時子,,,,UNKNOWN,厚生局指定年月日 2000-02-01 を確認（年齢は直接算出不可）,0,,,通常,電話番号一致 / 医院名がページ見出しに一致,[],,
1070,医療法人社団　敬友会　敬友クリニック高輪,東京都,2000-10-01,https://www.keiyutakanawa.com/,https://www.keiyutakanawa.com/,SUCCESS,VERIFIED,C,6,,山田　親行,,,,UNKNOWN,厚生局指定年月日 2000-10-01 を確認（年齢は直接算出不可）,0,,,通常,電話番号一致 / 医院名がページ見出しに一致,[],,
1072,医療法人社団　グッドスリープ　グッドスリープ・クリニック,東京都,2001-04-01,http://www.good-sleep.gr.jp/,https://www.good-sleep.gr.jp/,SUCCESS,VERIFIED,B,10,,斉藤　恒博,,,,UNKNOWN,厚生局指定年月日 2001-04-01 を確認（年齢は直接算出不可）,1,Instagram公式運用,Instagram公式運用｜https://www.instagram.com/good_sleep_clinic/,集客投資シグナルあり,電話番号一致 / 医院名がページ見出しに一致 / 住所一致,[],,
1073,青山杵渕クリニック,東京都,2001-06-01,http://www.kinebuchi.org/,https://kinebuchi.org/,SUCCESS,VERIFIED,C,6,,杵渕　彰,,,,UNKNOWN,厚生局指定年月日 2001-06-01 を確認（年齢は直接算出不可）,0,,,通常,電話番号一致 / 医院名がページ見出しに一致,[],,
1076,高内科クリニック,東京都,2001-08-01,http://www.ktnc.jp/,https://www.ktnc.jp/,SUCCESS,VERIFIED,A,12,皮膚科,高　隆誠,,,,UNKNOWN,厚生局指定年月日 2001-08-01 を確認（年齢は直接算出不可）,0,,,通常,電話番号一致 / 医院名がページ見出しに一致 / 院長名一致,[],,
1077,たて山レディスクリニック,東京都,2001-09-01,https://tatecli.com/,https://tatecli.com/,SUCCESS,VERIFIED,B,10,,竪山　均,,,,UNKNOWN,厚生局指定年月日 2001-09-01 を確認（年齢は直接算出不可）,1,YouTube公式運用,YouTube公式運用｜https://www.youtube.com/@tatecli-channel,集客投資シグナルあり,電話番号一致 / 医院名がページ見出しに一致 / 院長名一致,[],,
1079,吉田整形外科,東京都,2001-12-01,https://yoshida-orthopedic.com/,https://yoshida-orthopedic.com/,SUCCESS,VERIFIED,B,9,,吉田　雅之,1982,,0.0%,MODEL_ESTIMATE,https://yoshida-orthopedic.com/clinic/director,0,,,通常,電話番号一致 / 医院名がページ見出しに一致 / 院長名一致,[],,
1080,汐留みらいクリニック,東京都,2002-04-01,http://www.shiodome-mirai.com/,https://www.shiodome-mirai.com/,SUCCESS,VERIFIED,B,10,内視鏡,橋本　雄幸,,,,UNKNOWN,厚生局指定年月日 2002-04-01 を確認（年齢は直接算出不可）,3,Doctors File掲載 / Medical DOC掲載 / HP制作会社の制作実績,Doctors File掲載｜drfile1 → https://doctorsfile.jp/h/25149/df/1// / Medical DOC掲載｜MedicalDOC → https://medicaldoc.jp/m/recommend-m/tokyo-constipation/ / HP制作会社の制作実績｜DR.BRIDGE｜クリニックホームページ制作 クリニックホームページ制作 → https://www.dr-bridge.co.jp/,かなりアツい,電話番号一致 / 医院名がページ見出しに一致,[],,
1081,山内ハートクリニック,東京都,2002-06-01,https://www.yamauchi-heartclinic.com/,https://www.yamauchi-heartclinic.com/,SUCCESS,VERIFIED,C,6,,山内　德子,,,,UNKNOWN,厚生局指定年月日 2002-06-01 を確認（年齢は直接算出不可）,0,,,通常,電話番号一致 / 医院名がページ見出しに一致,[],,
1084,もとやまクリニック,東京都,2002-11-01,https://motoyamaclinic.com/,https://motoyamaclinic.com/,SUCCESS,VERIFIED,C,7,,元山　幹雄,,,,UNKNOWN,厚生局指定年月日 2002-11-01 を確認（年齢は直接算出不可）,0,,,通常,電話番号一致 / 医院名がページ見出しに一致,[],,
1085,医療法人社団　彩風会　お台場クリニック,東京都,2002-10-01,http://www7b.biglobe.ne.jp/~odaiba-clinic/,https://www7b.biglobe.ne.jp/~odaiba-clinic/,SUCCESS,VERIFIED,B,8,皮膚科,櫻井　貞夫,,,,UNKNOWN,厚生局指定年月日 2002-10-01 を確認（年齢は直接算出不可）,0,,,通常,電話番号一致 / 医院名がページ見出しに一致 / 院長名一致,[],,
1090,医療法人社団　青南会　青山内科医院,東京都,2003-04-14,https://www.aoyama-naikaiin.com/,https://www.aoyama-naikaiin.com/,SUCCESS,VERIFIED,A,12,糖尿病 / 循環器内科,野中　杏榮,,,,UNKNOWN,厚生局指定年月日 2003-04-14 を確認（年齢は直接算出不可）,1,HP制作会社の制作実績,HP制作会社の制作実績｜DR.BRIDGE｜クリニックホームページ制作 クリニックホームページ制作 → https://www.dr-bridge.co.jp/,集客投資シグナルあり,電話番号一致 / 医院名がページ見出しに一致,[],,
1091,医療法人社団　東京桜十字　泉ガーデン桜十字クリニック,東京都,2003-05-01,https://www.sakurajyuji-healthcare.jp/clinic/izumi-garden/,https://www.sakurajyuji-healthcare.jp/clinic/izumi-garden/,SUCCESS,VERIFIED,A,12,内視鏡 / 糖尿病 / ED / 皮膚科,小鹿　雅和,2002,,99.3%,MODEL_ESTIMATE,https://www.sakurajyuji-healthcare.jp/clinic/izumi-garden/,1,LINE公式運用,LINE公式運用｜https://lin.ee/Yt26iMb,集客投資シグナルあり,電話番号一致 / 医院名がページ見出しに一致 / 院長名一致,"[{""reason"": ""robots.txtで取得が許可されていません。"", ""url"": ""https://www.sakurajyuji-healthcare.jp/lp/influenza/""}]",,
1092,医療法人社団　研友会　都ホテル東京メディカルクリニック,東京都,2003-05-01,http://www.tokyo-medical-clinic.com/,http://www.tokyo-medical-clinic.com/toppage.html,SUCCESS,VERIFIED,C,6,,河野　研一,,,,UNKNOWN,厚生局指定年月日 2003-05-01 を確認（年齢は直接算出不可）,0,,,通常,電話番号一致 / 医院名がページ見出しに一致,[],,
1093,おくつ整形外科クリニック,東京都,2003-07-01,http://www.okutsuclinic.ecnet.jp/,https://www.okutsuclinic.ecnet.jp/,SUCCESS,VERIFIED,C,5,,奥津　一郎,1972,,0.0%,MODEL_ESTIMATE,https://www.okutsuclinic.ecnet.jp/aisatu/,0,,,通常,電話番号一致 / 医院名がページ見出しに一致,[],,
1095,六本木ファーストクリニック,東京都,2003-07-01,https://www.roppongi-first.com/,https://www.roppongi-first.com/,SUCCESS,VERIFIED,C,4,,岡田　蕗子,,,,UNKNOWN,厚生局指定年月日 2003-07-01 を確認（年齢は直接算出不可）,0,,,通常,電話番号一致 / 医院名がページ見出しに一致 / 院長名一致,[],,
1096,医療法人社団　松柏会　藤田クリニック,東京都,2003-07-01,http://www.fujita-clinic.jp/,https://www.fujita-clinic.jp/,SUCCESS,VERIFIED,B,10,,藤田　耕一郎,1992,,65.7%,MODEL_ESTIMATE,https://www.fujita-clinic.jp/cl-doctor.html,1,オンライン診療,オンライン診療｜ホーム ホーム 診療案内 医師紹介 診療時間 アクセス オンライン診療予約 → https://www.fujita-clinic.jp/index.html,集客投資シグナルあり,電話番号一致 / 医院名がページ見出しに一致 / 院長名一致,[],,
1102,喜島クリニック,東京都,2004-09-01,https://kijima-cl.jp/,https://kijima-cl.jp/,SUCCESS,VERIFIED,B,11,内視鏡,喜島　健雄,1973,,0.0%,MODEL_ESTIMATE,https://kijima-cl.jp/doctor.html,0,,,通常,電話番号一致 / 医院名がページ見出しに一致 / 院長名一致,[],,
1103,アイリスター麻布クリニック,東京都,2004-09-01,http://www.eyerister.com/,https://www.eyerister.com/,SUCCESS,VERIFIED,B,11,皮膚科,西之原　美樹,,,,UNKNOWN,厚生局指定年月日 2004-09-01 を確認（年齢は直接算出不可）,1,Doctors File掲載,Doctors File掲載｜ドクターズ・ファイル 西之原美樹院長 (アイリスター麻布クリニック) アイリスター麻布クリニック 〒106-0045 東京都港区麻布十番 1丁目5-10 アトラスビル 3F 交 通 「麻布十番駅」 地下鉄南北線［5a出口］ 大江戸線［7番出口］直ぐ 03-5772-3205 平日電話受付は15:30より承っております。 → http://doctorsfile.jp/h/24637/df/1/,集客投資シグナルあり,電話番号一致 / 医院名がページ見出しに一致,[],,
1104,ひびおクリニック,東京都,2004-11-01,http://www.hibio-mc.com/,https://hibio-mc.com/,SUCCESS,VERIFIED,A,12,ED,日比生　明,1990,,0.0%,MODEL_ESTIMATE,https://hibio-mc.com/profile/,1,Instagram公式運用,Instagram公式運用｜https://www.instagram.com/hibio.m.clinic/,集客投資シグナルあり,電話番号一致 / 医院名がページ見出しに一致,[],,
1105,東京ベイクリニック,東京都,2004-12-01,http://www.tokyobayclinic.com/,https://www.tokyobayclinic.com/,SUCCESS,VERIFIED,B,11,内視鏡,島田　正,1991,,31.2%,MODEL_ESTIMATE,https://www.tokyobayclinic.com/inchou.html,0,,,通常,電話番号一致 / 医院名がページ見出しに一致,[],,
1106,ひろ・やまクリニック,東京都,2005-01-01,https://www.hiroyama-clinic.jp/,https://www.hiroyama-clinic.jp/,SUCCESS,VERIFIED,C,4,,山口　宏也,,,,UNKNOWN,厚生局指定年月日 2005-01-01 を確認（年齢は直接算出不可）,0,,,通常,電話番号一致 / 医院名がページ見出しに一致 / 院長名一致,[],,
1107,医療法人社団　桜倫会　麻布整形外科クリニック,東京都,2005-02-01,https://azabu-seikei.com/,https://azabu-seikei.com/,SUCCESS,VERIFIED,C,5,,及川　久之,1989,1989,0.0%,MODEL_ESTIMATE,厚生局/取込済み医籍登録年,0,,,通常,電話番号一致 / 医院名がページ見出しに一致,[],,
1109,医療法人社団　真貴志会　南青山アンティーク通りクリニック,東京都,2005-04-01,https://makishikai.com/index.html,https://www.makishikai.com/index.html,SUCCESS,VERIFIED,B,9,,福西　勇夫,1984,,0.0%,MODEL_ESTIMATE,https://www.makishikai.com/mypr.html,1,漫画コンテンツ,漫画コンテンツ｜https://www.makishikai.com/mypr/books.html,集客投資シグナルあり,電話番号一致 / 医院名がページ見出しに一致,[],,
1110,クリニックモリ,東京都,2005-08-01,http://www.clinicmori.com/,https://www.clinicmori.com/,SUCCESS,VERIFIED,C,4,,森　文子,,,,UNKNOWN,厚生局指定年月日 2005-08-01 を確認（年齢は直接算出不可）,0,,,通常,電話番号一致 / 医院名がページ見出しに一致,[],,
1111,医療法人社団　谷風会　狸穴診療所,東京都,2005-07-23,http://mamiana-dc.sakura.ne.jp/mdc/,https://mamiana-dc.sakura.ne.jp/,SUCCESS,VERIFIED,D,2,,田口　庸一,,,,UNKNOWN,厚生局指定年月日 2005-07-23 を確認（年齢は直接算出不可）,0,,,通常,電話番号一致 / 医院名がページ見出しに一致,[],,
1112,医療法人社団　石川記念会　新橋内科クリニック,東京都,2005-08-01,https://ishikawa-hp.com/shinbashi,https://ishikawa-hp.com/shinbashi,SUCCESS,VERIFIED,C,7,,出島　香子,,,,UNKNOWN,厚生局指定年月日 2005-08-01 を確認（年齢は直接算出不可）,0,,,通常,電話番号一致 / 医院名がページ見出しに一致,[],,
1113,麻布十番整形外科,東京都,2005-08-01,https://www.jubanseikei.com/,https://www.jubanseikei.com/,SUCCESS,VERIFIED,D,3,,關　和威,,,,UNKNOWN,厚生局指定年月日 2005-08-01 を確認（年齢は直接算出不可）,0,,,通常,電話番号一致 / 医院名がページ見出しに一致,"[{""reason"": ""HTTP 429。手動で確認してください。"", ""url"": ""https://www.jubanseikei.com""}]",,
1115,医療法人社団　ケイセイ会　パークサイドクリニック,東京都,2005-10-01,http://parkside-clinic.jp/,https://parkside-clinic.jp/,SUCCESS,VERIFIED,B,8,,大原　成官,,,,UNKNOWN,厚生局指定年月日 2005-10-01 を確認（年齢は直接算出不可）,2,LINE公式運用 / 昼の検査・手術専用枠,LINE公式運用｜https://lin.ee/KqPY6x1 / 昼の検査・手術専用枠｜診療時間表：午前 08:30～12:45／14:00~17:00 内視鏡検査 横手 川瀬 上原 松田 大原/浦部 14:00～17:00／午後 17:00～17:30,アツい,電話番号一致 / 医院名がページ見出しに一致,"[{""reason"": ""HTTP 404。手動で確認してください。"", ""url"": ""https://parkside-clinic.jp/2020/06/23/169/""}]",,
1117,南青山おおつかクリニック,東京都,2005-12-01,http://minamiaoyama-otsuka.com/,https://minamiaoyama-otsuka.com/,SUCCESS,VERIFIED,C,7,,大塚　伸行,1990,,0.0%,MODEL_ESTIMATE,https://minamiaoyama-otsuka.com/docor/,0,,,通常,電話番号一致 / 医院名がページ見出しに一致,[],,
1118,浜松町メンタルクリニック,東京都,2006-04-01,http://www.hama-mental.com/,https://www.hama-mental.com/,SUCCESS,VERIFIED,B,8,,加藤　高裕,,,,UNKNOWN,厚生局指定年月日 2006-04-01 を確認（年齢は直接算出不可）,0,,,通常,電話番号一致 / 医院名がページ見出しに一致,"[{""reason"": ""HTMLページではありません。"", ""url"": ""https://www.hama-mental.com/entry_sheet.docx.docx""}]",,
1119,三田眼科,東京都,2006-03-28,https://mitaganka.com/,https://mitaganka.com/,SUCCESS,VERIFIED,B,8,緑内障,齋藤　慎一郎,1992,1992,63.5%,MODEL_ESTIMATE,厚生局/取込済み医籍登録年,0,,,通常,電話番号一致 / 医院名がページ見出しに一致 / 住所一致,[],,
1120,長谷クリニック,東京都,2006-03-22,http://www.haseclinic.com/,https://www.haseclinic.com/,SUCCESS,VERIFIED,B,10,糖尿病,長谷　和正,,,,UNKNOWN,厚生局指定年月日 2006-03-22 を確認（年齢は直接算出不可）,0,,,通常,電話番号一致 / 医院名がページ見出しに一致,[],,
1121,赤坂慶友クリニック,東京都,2006-06-01,http://www.akasakakeiyu-clinic.com/,http://www.akasakakeiyu-clinic.com/,SUCCESS,VERIFIED,C,4,,稲村　俊明,,,,UNKNOWN,厚生局指定年月日 2006-06-01 を確認（年齢は直接算出不可）,0,,,通常,電話番号一致 / 医院名がページ見出しに一致,[],,
1122,医療法人社団　潤生会　石原内科クリニック,東京都,2006-06-01,https://ishihara-naika.com/,https://ishihara-naika.com/,SUCCESS,VERIFIED,C,7,,石原　潤一,,,,UNKNOWN,厚生局指定年月日 2006-06-01 を確認（年齢は直接算出不可）,1,地域ドクターズ掲載,地域ドクターズ掲載｜東京ドクターズ → https://tokyo-doctors.com/clinicList/19270/interview/,集客投資シグナルあり,電話番号一致 / 医院名がページ見出しに一致 / 院長名一致,[],,
1124,医療法人社団　くちばクリニック　口羽医院,東京都,2006-10-01,http://www.kuchiba-cl.com/,http://www.kuchiba-cl.com/,SUCCESS,VERIFIED,D,1,,口羽　謙二,1983,,0.0%,MODEL_ESTIMATE,http://www.kuchiba-cl.com/,0,,,通常,電話番号一致 / 医院名がページ見出しに一致 / 院長名一致,[],,
1125,医療法人社団　光輝会　麻布光輝クリニック,東京都,2007-01-01,http://www.photon.or.jp/azabukokiclinic/index.html,http://www.photon.or.jp/azabukokiclinic/index.html,SUCCESS,VERIFIED,D,2,,土屋　輝昌,1986,1986,0.0%,MODEL_ESTIMATE,厚生局/取込済み医籍登録年,0,,,通常,電話番号一致 / 医院名がページ見出しに一致 / 院長名一致,[],,
1128,東京インターナショナルクリニック,東京都,2007-01-11,http://www.tokyo-international-clinic.com/,https://www.tokyo-international-clinic.com/,SUCCESS,VERIFIED,C,5,,永野　登益,,,,UNKNOWN,厚生局指定年月日 2007-01-11 を確認（年齢は直接算出不可）,0,,,通常,電話番号一致 / 医院名がページ見出しに一致 / 院長名一致,[],,
1130,とようら小児科,東京都,2007-04-01,http://www.toyoura-cl.com/,http://www.toyoura-cl.com/,SUCCESS,VERIFIED,C,4,,豊浦　多喜雄,,,,UNKNOWN,厚生局指定年月日 2007-04-01 を確認（年齢は直接算出不可）,0,,,通常,電話番号一致 / 医院名がページ見出しに一致,"[{""reason"": ""HTTP 404。手動で確認してください。"", ""url"": ""http://www.toyoura-cl.com/online.html""}]",,
1131,西新橋みむろクリニック,東京都,2007-04-01,https://mimuro-clinic.jp/,https://mimuro-clinic.jp/,SUCCESS,VERIFIED,A,12,皮膚科,三室　治久,,,,UNKNOWN,厚生局指定年月日 2007-04-01 を確認（年齢は直接算出不可）,3,地域ドクターズ掲載 / Instagram公式運用 / LINE公式運用,地域ドクターズ掲載｜ → https://tokyo-doctors.com/clinicList/42043/interview/ / Instagram公式運用｜https://www.instagram.com/mimuro_clinic/ / LINE公式運用｜https://lin.ee/5DE1YYB,かなりアツい,電話番号一致 / 医院名がページ見出しに一致,[],,
1133,医療法人社団　たくみ会　細川内科クリニック,東京都,2007-05-01,http://www.hosokawa-clinic.com/,https://hosokawa-clinic.com/,SUCCESS,VERIFIED,B,10,糖尿病,細川　和広,,,,UNKNOWN,厚生局指定年月日 2007-05-01 を確認（年齢は直接算出不可）,0,,,通常,電話番号一致 / 医院名がページ見出しに一致 / 院長名一致,"[{""reason"": ""HTMLページではありません。"", ""url"": ""https://hosokawa-clinic.com/feed/""}]",,
1135,医療法人社団　健徳会　わかばクリニック,東京都,2007-05-01,https://www.wakabamc.com/,https://www.wakabamc.com/,SUCCESS,VERIFIED,B,11,皮膚科,工藤　さやか,,,,UNKNOWN,厚生局指定年月日 2007-05-01 を確認（年齢は直接算出不可）,2,Instagram公式運用 / LINE公式運用,Instagram公式運用｜https://www.instagram.com/wakabaclinic/ / LINE公式運用｜https://line.me/R/ti/p/Y489GJezL2,アツい,電話番号一致 / 医院名がページ見出しに一致,[],,
1138,工藤眼科クリニック,東京都,2007-06-01,https://kudo-eyeclinic.jp/,https://kudo-eyeclinic.jp/,SUCCESS,VERIFIED,C,4,,工藤　昌之,,,,UNKNOWN,厚生局指定年月日 2007-06-01 を確認（年齢は直接算出不可）,0,,,通常,電話番号一致 / 医院名がページ見出しに一致,[],,
1139,ニュー新橋クリニック,東京都,2007-07-01,http://www.iamnsc.com/,http://www.iamnsc.com/,SUCCESS,VERIFIED,C,7,,沈　秀明（橋本秀明）,,,,UNKNOWN,厚生局指定年月日 2007-07-01 を確認（年齢は直接算出不可）,1,HP制作会社の制作実績,HP制作会社の制作実績｜株式会社イーエックスパートナーズ 株式会社イーエックスパートナーズ 病医院、歯科医院を得意としたホームページ制作、 Webプロモーション活動など幅広く手掛ける リーディングカンパニー。 → http://www.ex-partners.co.jp/,集客投資シグナルあり,電話番号一致 / 医院名がページ見出しに一致,[],,
1141,医療法人社団　アズマ会　佐野虎ノ門クリニック,東京都,2007-10-01,https://sano-clinic.jp/,https://sano-clinic.jp/,SUCCESS,VERIFIED,C,7,,鈴川　真穗,,,,UNKNOWN,厚生局指定年月日 2007-10-01 を確認（年齢は直接算出不可）,0,,,通常,電話番号一致 / 医院名がページ見出しに一致,"[{""reason"": ""ローカルネットワークへのアクセスはできません。"", ""url"": ""https://sano-clinic.jp/\\'http:/XXXX\\'""}]",,
1142,青山メンタルクリニック,東京都,2007-10-01,https://www.aoyama-mc.com/,https://www.aoyama-mc.com/,SUCCESS,VERIFIED,B,10,男性更年期,中村　稔,1990,,0.0%,MODEL_ESTIMATE,https://www.aoyama-mc.com/doctor/nakamura/,1,オンライン診療,オンライン診療｜診察のご予約 当日の初診ご予約も可能な限りお引き受けしております 当日のご予約については電話でお問い合わせください。また、オンラインによる医療支援（遠隔診療）も行っております。＊事前予約が必要です。 こんな症状があるとき ご相談ください 気分が落ちこむ、気分にむらがある、いらいらする、怒りっぽい、月経前に落ち込む、いら → https://www.aoyama-mc.com/contact/#reserve,集客投資シグナルあり,電話番号一致 / 医院名がページ見出しに一致 / 院長名一致,[],,
1143,南青山皮フ科,東京都,2007-09-11,http://www.minamiaoyama-hifuka.com/,http://www.minamiaoyama-hifuka.com/,SUCCESS,VERIFIED,D,1,,大岡　志穂,,,,UNKNOWN,厚生局指定年月日 2007-09-11 を確認（年齢は直接算出不可）,0,,,通常,電話番号一致 / 医院名がページ見出しに一致,[],,
1145,おくむら整形外科内科クリニック,東京都,2007-11-01,https://okumuraorthopedics.com/,https://www.okumuraorthopedics.com/,SUCCESS,VERIFIED,B,9,,奥村　明彦,1986,,0.0%,MODEL_ESTIMATE,https://www.okumuraorthopedics.com/doctor,2,Instagram公式運用 / LINE公式運用,Instagram公式運用｜https://www.instagram.com/okumura.orthopedics/ / LINE公式運用｜https://lin.ee/pdZmciw,アツい,電話番号一致 / 医院名がページ見出しに一致,[],,
1148,にしや耳鼻咽喉科クリニック,東京都,2007-12-01,http://www.ent248.com/,https://www.ent248.com/,SUCCESS,VERIFIED,C,4,,西谷　全弘,,,,UNKNOWN,厚生局指定年月日 2007-12-01 を確認（年齢は直接算出不可）,0,,,通常,電話番号一致 / 医院名がページ見出しに一致 / 院長名一致,[],,
1150,医療法人社団　星美会　青山ヒフ科クリニック,東京都,2008-02-01,https://aoyamahihuka.com/,https://www.aoyamahihuka.com/,SUCCESS,VERIFIED,A,13,皮膚科,窪田　泰夫,1979,,0.0%,MODEL_ESTIMATE,https://www.aoyamahihuka.com/about/clinic/,2,Instagram公式運用 / 漫画コンテンツ,Instagram公式運用｜https://www.instagram.com/aoyamahihuka_clinic/ / 漫画コンテンツ｜https://www.aoyamahihuka.com/media/?p=1&id=1761901852-770053#n_1761901852-770053,アツい,電話番号一致 / 医院名がページ見出しに一致,[],,
1152,医療法人社団　新青会　新橋青木クリニック,東京都,2008-04-01,http://www.shimbashiaoki.com/,https://shimbashiaoki.com/,SUCCESS,VERIFIED,A,12,糖尿病 / 泌尿器科 / 循環器内科 / 皮膚科,青木　りう子,,,,UNKNOWN,厚生局指定年月日 2008-04-01 を確認（年齢は直接算出不可）,1,オンライン診療,オンライン診療｜オンライン診療を開始しました オンライン診療を開始しました → https://shimbashiaoki.com/outpatient/#a06,集客投資シグナルあり,電話番号一致 / 医院名がページ見出しに一致 / 院長名一致,[],,
1153,医療法人社団　順健会　元麻布ヒルズデンタルクリニック,東京都,2008-04-01,http://hills-dc.com/,https://www.hills-dc.com/,SUCCESS,VERIFIED,C,5,,白倉　健司,,,,UNKNOWN,厚生局指定年月日 2008-04-01 を確認（年齢は直接算出不可）,0,,,通常,電話番号一致 / 医院名がページ見出しに一致,[],,
1155,医療法人社団　神徳会　芝公園かみやまクリニック,東京都,2008-10-01,https://www.s-kamiyamaclinic.com/,https://www.s-kamiyamaclinic.com/,SUCCESS,VERIFIED,C,7,,神山　洋,,,,UNKNOWN,厚生局指定年月日 2008-10-01 を確認（年齢は直接算出不可）,0,,,通常,電話番号一致 / 医院名がページ見出しに一致 / 院長名一致,[],,
1158,ふなきクリニック,東京都,2009-01-01,https://www.funakic.com/,https://www.funakic.com/,SUCCESS,VERIFIED,B,10,糖尿病,船木　直也,,,,UNKNOWN,厚生局指定年月日 2009-01-01 を確認（年齢は直接算出不可）,1,HP制作会社の制作実績,HP制作会社の制作実績｜クリニックホームページ制作 Copyright © ふなきクリニック All Rights Reserved. クリニックホームページ制作 → http://tokuraku.jp/index.html,集客投資シグナルあり,電話番号一致 / 医院名がページ見出しに一致,[],,
1159,東京ロイヤルクリニック,東京都,2009-03-01,https://tokyoroyalclinic.com/,https://tokyoroyalclinic.com/,SUCCESS,VERIFIED,A,12,ED / 皮膚科,李　超智,,,,UNKNOWN,厚生局指定年月日 2009-03-01 を確認（年齢は直接算出不可）,2,Instagram公式運用 / LINE公式運用,Instagram公式運用｜https://www.instagram.com/tokyoroyal_clinic/?hl=ja / LINE公式運用｜https://line.me/R/ti/p/%40tin3299o,アツい,電話番号一致 / 医院名がページ見出しに一致,[],,
1160,医療法人社団　クリア・スキン　クリア・スキンクリニック西麻布,東京都,2009-07-01,https://csclinic.jp/,https://csclinic.jp/,SUCCESS,VERIFIED,A,12,皮膚科,坂東　行洋,1978,,0.0%,MODEL_ESTIMATE,https://csclinic.jp/doctor/,1,治療専門サイト,治療専門サイト｜https://csclinic.com/,集客投資シグナルあり,電話番号一致 / 医院名がページ見出しに一致 / 院長名一致,[],,
1166,医療法人社団　スリープクリニック　スリープクリニック青山,東京都,2010-02-01,https://www.sleepmedicine-tokyo.com/clinic/aoyama/,https://www.sleepmedicine-tokyo.com/clinic/aoyama/,SUCCESS,VERIFIED,B,9,,崎山　武志,1970,1970,0.0%,MODEL_ESTIMATE,厚生局/取込済み医籍登録年,3,Instagram公式運用 / LINE公式運用 / オンライン診療,Instagram公式運用｜https://www.instagram.com/sleepdrtakuroendo / LINE公式運用｜https://lin.ee/kKASifL / オンライン診療｜CPAPオンライン診療 CPAPオンライン診療 → https://www.sleepmedicine-tokyo.com/clinic/online/,かなりアツい,電話番号一致 / 医院名がページ見出しに一致,[],,
1170,医療法人財団　玉川会　エムオーエー新高輪クリニック,東京都,2010-04-01,https://tokyoryoin.net/facilities/new_takanawa,https://tokyoryoin.net/facilities/new_takanawa,SUCCESS,VERIFIED,B,8,,片村　宏,,,,UNKNOWN,厚生局指定年月日 2010-04-01 を確認（年齢は直接算出不可）,0,,,通常,電話番号一致 / 医院名がページ見出しに一致 / 院長名一致,"[{""reason"": ""HTMLページではありません。"", ""url"": ""https://tokyoryoin.net/feed""}]",,
1172,医療法人社団　ミッドタウンクリニック　東京ミッドタウン皮膚科形成外科ノアージュ,東京都,2010-05-01,https://www.noage-amc.com/,https://www.noage-amc.com/,SUCCESS,VERIFIED,B,11,皮膚科,上島　朋子,1992,,65.7%,MODEL_ESTIMATE,https://www.noage-amc.com/doctor.html,1,Instagram公式運用,Instagram公式運用｜https://www.instagram.com/noage_tokyomidtown/,集客投資シグナルあり,電話番号一致 / 医院名がページ見出しに一致 / 院長名一致,[],,
1173,広尾かなもりクリニック,東京都,2010-04-01,http://www.kanamori-clinic.com/,https://kanamori-clinic.com/,SUCCESS,VERIFIED,B,8,,金森　圭司,,,,UNKNOWN,厚生局指定年月日 2010-04-01 を確認（年齢は直接算出不可）,1,Doctors File掲載,Doctors File掲載｜・ドクターズファイル ・ドクターズファイル → https://doctorsfile.jp/h/21744/,集客投資シグナルあり,電話番号一致 / 医院名がページ見出しに一致,[],,
1174,医療法人社団　星英会　眼科スターアイクリニック,東京都,2010-04-01,https://www.starseye.com/,https://www.starseye.com/,SUCCESS,VERIFIED,B,10,白内障 / 緑内障,ティーセル　淑子,,,,UNKNOWN,厚生局指定年月日 2010-04-01 を確認（年齢は直接算出不可）,0,,,通常,電話番号一致 / 医院名がページ見出しに一致,[],,
1175,医療法人社団　虎ノ門スリープクリニック,東京都,2010-04-01,http://www.toranomon-sleep.jp/,https://toranomon-sleep.jp/,SUCCESS,VERIFIED,B,8,,佐藤　弘一,,,,UNKNOWN,厚生局指定年月日 2010-04-01 を確認（年齢は直接算出不可）,1,LINE公式運用,LINE公式運用｜https://lin.ee/dxGLDJX,集客投資シグナルあり,電話番号一致 / 医院名がページ見出しに一致 / 院長名一致,[],,
1176,医療法人社団　如水会　芝浦皮膚科,東京都,2010-04-20,http://shibaura-hifuka.jp/,https://www.shibaura-hifuka.jp/,SUCCESS,VERIFIED,C,4,皮膚科,中村　嘉男,,,,UNKNOWN,厚生局指定年月日 2010-04-20 を確認（年齢は直接算出不可）,0,,,通常,電話番号一致 / 医院名がページ見出しに一致 / 院長名一致,[],,
1177,有栖川整形外科,東京都,2010-07-01,http://www.arisugawaseikeigeka.com/,https://www.arisugawaseikeigeka.com/,SUCCESS,VERIFIED,C,7,,陣　彦善,,,,UNKNOWN,厚生局指定年月日 2010-07-01 を確認（年齢は直接算出不可）,3,YouTube公式運用 / Instagram公式運用 / LINE公式運用,YouTube公式運用｜https://www.youtube.com/channel/UCm9tElue4Dp8gAitp7b1TPg/featured / Instagram公式運用｜https://www.instagram.com/arisugawa.o.c / LINE公式運用｜https://lin.ee/hzhQxjD,かなりアツい,電話番号一致 / 医院名がページ見出しに一致 / 院長名一致,"[{""reason"": ""HTTP 429。手動で確認してください。"", ""url"": ""https://www.arisugawaseikeigeka.com/firstvisit""}, {""reason"": ""アクセス制限があるため、このサイトの取得を停止しました。"", ""url"": ""https://www.arisugawaseikeigeka.com/doctor""}, {""reason"": ""アクセス制限があるため、このサイトの取得を停止しました。"", ""url"": ""https://www.arisugawaseikeigeka.com/medicalexamination""}, {""reason"": ""アクセス制限があるため、このサイトの取得を停止しました。"", ""url"": ""https://www.arisugawaseikeigeka.com/ptstaff""}, {""reason"": ""アクセス制限があるため、このサイトの取得を停止しました。"", ""url"": ""https://www.arisugawaseikeigeka.com/access""}, {""reason"": ""アクセス制限があるため、このサイトの取得を停止しました。"", ""url"": ""https://www.arisugawaseikeigeka.com/medical-support""}, {""reason"": ""アクセス制限があるため、このサイトの取得を停止しました。"", ""url"": ""https://www.arisugawaseikeigeka.com/blank""}, {""reason"": ""アクセス制限があるため、このサイトの取得を停止しました。"", ""url"": ""https://www.arisugawaseikeigeka.com/prevention""}, {""reason"": ""アクセス制限があるため、このサイトの取得を停止しました。"", ""url"": ""https://www.arisugawaseikeigeka.com/medicaldiet""}, {""reason"": ""アクセス制限があるため、このサイトの取得を停止しました。"", ""url"": ""https://www.arisugawaseikeigeka.com""}, {""reason"": ""アクセス制限があるため、このサイトの取得を停止しました。"", ""url"": ""https://www.arisugawaseikeigeka.com/symptoms""}, {""reason"": ""アクセス制限があるため、このサイトの取得を停止しました。"", ""url"": ""https://www.arisugawaseikeigeka.com/self-exercise""}, {""reason"": ""アクセス制限があるため、このサイトの取得を停止しました。"", ""url"": ""https://www.arisugawaseikeigeka.com/recruitment""}, {""reason"": ""アクセス制限があるため、このサイトの取得を停止しました。"", ""url"": ""https://www.arisugawaseikeigeka.com/複製-dr-コンディショニング""}, {""reason"": ""アクセス制限があるため、このサイトの取得を停止しました。"", ""url"": ""https://www.arisugawaseikeigeka.com/dr-conditioning""}, {""reason"": ""アクセス制限があるため、このサイトの取得を停止しました。"", ""url"": ""https://www.arisugawaseikeigeka.com/pfc-fd""}, {""reason"": ""アクセス制限があるため、このサイトの取得を停止しました。"", ""url"": ""https://www.arisugawaseikeigeka.com/general-6-3""}, {""reason"": ""アクセス制限があるため、このサイトの取得を停止しました。"", ""url"": ""https://www.arisugawaseikeigeka.com/insole""}, {""reason"": ""アクセス制限があるため、このサイトの取得を停止しました。"", ""url"": ""https://www.arisugawaseikeigeka.com/sportsorthopedics""}]",,
1178,新橋スリープ・メンタルクリニック,東京都,2010-07-01,http://sleep-mental.com/,http://www.sleep-mental.com/,SUCCESS,VERIFIED,C,5,,佐藤　幹,1997,,98.2%,MODEL_ESTIMATE,http://www.sleep-mental.com/index6.html,0,,,通常,電話番号一致 / 医院名がページ見出しに一致,[],,
1179,菅沼三田診療所,東京都,2010-09-01,http://mitashin.com/index.html,https://mitashin.com/index.html,SUCCESS,VERIFIED,C,6,,菅沼　和弘,,,,REVIEW,UNKNOWN,0,,,通常,電話番号一致 / 医院名がページ見出しに一致,[],,
1180,汐留ガーデンクリニック,東京都,2010-11-01,https://www.shiodomegc.com/,https://shiodomegc.com/,SUCCESS,VERIFIED,A,12,内視鏡 / 糖尿病 / ED / 皮膚科,上田　真,,,,UNKNOWN,厚生局指定年月日 2010-11-01 を確認（年齢は直接算出不可）,1,LINE公式運用,LINE公式運用｜https://lin.ee/tt6zNer,集客投資シグナルあり,電話番号一致 / 医院名がページ見出しに一致,[],,
