clinic_id,医院名,Google Maps HP,research_status,hp_status,HPランク,HPスコア,治療カテゴリ,卒業年,医籍登録年,59歳以下確率,集客シグナル数,集客シグナル,アツさ,昼の検査・手術枠,昼枠曜日,昼枠根拠,crawl_errors,research_error,error,result_json
67,医療法人社団　神田診療所,https://www.kanda-shinryojo.com/,SUCCESS,VERIFIED,C,4,,,,,0,,通常,,,,[],,,"{""age_estimation_confidence"":""REVIEW"",""age_estimation_reason"":""院長本人の卒業年/医籍年候補が複数または矛盾しています。指定年月日では年齢を確定できないため要確認。"",""age_estimation_source"":""UNKNOWN"",""age_estimation_year"":2026,""age_master_context"":{""designation_date"":""2000-04-01"",""owner_manager_equal"":true,""registration_reason"":""移動""},""age_probability_under_59"":null,""crawl_errors"":[],""doctor_name"":""髙橋　泰人"",""graduation_evidence"":[{""doctor_name"":""髙橋　泰人"",""evidence"":""平成4年 聖マリアンナ医科大学卒業​ 聖マリアンナ医科大学第二内科入局 平成10年 医学博士取得(大学院卒"",""url"":""https://www.kanda-shinryojo.com/"",""year"":1992},{""doctor_name"":""髙橋　泰人"",""evidence"":""大学卒業​ 聖マリアンナ医科大学第二内科入局 平成10年 医学博士取得(大学院卒)​ 聖マリアンナ医科大学消化器・肝臓内科医長 平成19年"",""url"":""https://www.kanda-shinryojo.com/"",""year"":2007},{""doctor_name"":""髙橋　泰人"",""evidence"":""平成4年 聖マリアンナ医科大学卒業​ 聖マリアンナ医科大学第二内科入局 平成10年 医学博士取得(大学院卒"",""url"":""https://www.kanda-shinryojo.com"",""year"":1992},{""doctor_name"":""髙橋　泰人"",""evidence"":""大学卒業​ 聖マリアンナ医科大学第二内科入局 平成10年 医学博士取得(大学院卒)​ 聖マリアンナ医科大学消化器・肝臓内科医長 平成19年"",""url"":""https://www.kanda-shinryojo.com"",""year"":2007}],""graduation_year"":null,""hot_status"":""通常"",""hp_candidates"":[],""hp_checked_at"":""2026-09-17T07:26:06.610787+00:00"",""hp_identity_pages"":[""https://www.kanda-shinryojo.com/""],""hp_match_reason"":[""電話番号一致"",""医院名がページ見出しに一致"",""院長名一致""],""hp_match_score"":110,""hp_rank"":""C"",""hp_rank_reasons"":[{""feature"":""HTTPS"",""points"":1},{""feature"":""スマホviewport"",""points"":1},{""feature"":""写真"",""points"":1},{""feature"":""問合せCTA"",""points"":1}],""hp_rank_version"":""hp-content-1"",""hp_score"":4,""hp_status"":""VERIFIED"",""hp_url"":""https://www.kanda-shinryojo.com/"",""hp_verified"":true,""license_evidence"":[],""license_registration_year"":null,""marketing_signal_count"":0,""marketing_signals"":[],""research_error"":"""",""research_status"":""SUCCESS"",""treatment_categories"":[],""treatment_confidence"":{},""treatment_evidence"":[],""treatment_name_hot"":false,""treatment_name_hot_categories"":[]}"
69,医療法人財団　駿愛会　駿河台診療所,https://www.sunaikai.jp/,SUCCESS,VERIFIED,B,10,内視鏡,,,,4,Doctors File掲載 / Medical DOC掲載 / 地域ドクターズ掲載 / オンライン診療,かなりアツい,,,,"[{""reason"": ""HTMLページではありません。"", ""url"": ""https://www.sunaikai.jp/wp-content/uploads/2023/03/camera003-2023.docx""}, {""reason"": ""HTMLページではありません。"", ""url"": ""https://www.sunaikai.jp/wp-content/uploads/2023/03/camera006-2023.docx""}]",,,"{""age_estimation_confidence"":""REVIEW"",""age_estimation_reason"":""院長本人の卒業年/医籍年候補が複数または矛盾しています。指定年月日では年齢を確定できないため要確認。"",""age_estimation_source"":""UNKNOWN"",""age_estimation_year"":2026,""age_master_context"":{""designation_date"":""2000-09-01"",""owner_manager_equal"":true,""registration_reason"":""組織変更""},""age_probability_under_59"":null,""crawl_errors"":[{""reason"":""HTMLページではありません。"",""url"":""https://www.sunaikai.jp/wp-content/uploads/2023/03/camera003-2023.docx""},{""reason"":""HTMLページではありません。"",""url"":""https://www.sunaikai.jp/wp-content/uploads/2023/03/camera006-2023.docx""}],""doctor_name"":""塩澤　宏和"",""graduation_evidence"":[{""doctor_name"":""塩澤　宏和"",""evidence"":""1997年 東海大学医学部卒業"",""url"":""https://www.sunaikai.jp/hospital/"",""year"":1997},{""doctor_name"":""塩澤　宏和"",""evidence"":""大学医学部卒業 2011年"",""url"":""https://www.sunaikai.jp/hospital/"",""year"":2011}],""graduation_year"":null,""hot_status"":""かなりアツい"",""hp_candidates"":[],""hp_checked_at"":""2026-09-17T07:26:25.444084+00:00"",""hp_identity_pages"":[""https://www.sunaikai.jp/""],""hp_match_reason"":[""電話番号一致"",""医院名がページ見出しに一致"",""住所一致"",""院長名一致""],""hp_match_score"":140,""hp_rank"":""B"",""hp_rank_reasons"":[{""feature"":""HTTPS"",""points"":1},{""feature"":""スマホviewport"",""points"":1},{""feature"":""Web予約導線"",""points"":2},{""feature"":""治療専用ページ"",""points"":3},{""feature"":""写真"",""points"":1},{""feature"":""料金情報"",""points"":1},{""feature"":""問合せCTA"",""points"":1}],""hp_rank_version"":""hp-content-1"",""hp_score"":10,""hp_status"":""VERIFIED"",""hp_url"":""https://www.sunaikai.jp/"",""hp_verified"":true,""license_evidence"":[],""license_registration_year"":null,""marketing_signal_count"":4,""marketing_signals"":[{""evidence"":"" → https://doctorsfile.jp/h/29524/df/1/"",""evidence_type"":""公式HP左右/固定バナー"",""evidence_url"":""https://www.sunaikai.jp/"",""name"":""Doctors File掲載"",""status"":""CONFIRMED""},{""evidence"":"" → https://medicaldoc.jp/m/recommend-m/chiyoda-endoscope/"",""evidence_type"":""公式HP左右/固定バナー"",""evidence_url"":""https://www.sunaikai.jp/"",""name"":""Medical DOC掲載"",""status"":""CONFIRMED""},{""evidence"":"" → https://tokyo-doctors.com/clinicList/26977/interview/"",""evidence_type"":""公式HP左右/固定バナー"",""evidence_url"":""https://www.sunaikai.jp/"",""name"":""地域ドクターズ掲載"",""status"":""CONFIRMED""},{""evidence"":""受診案内 受診案内 初診の方へ 診療時間と担当医師 診療科目 電話診察について（新型コロナウイルス対応） オンライン診療のご案内 医師紹介 専門診療・専門外来 肝臓専門診療 頭痛専門外来 → https://www.sunaikai.jp/medical/"",""evidence_type"":""公式HPリンク"",""evidence_url"":""https://www.sunaikai.jp/"",""name"":""オンライン診療"",""status"":""CONFIRMED""}],""research_error"":"""",""research_status"":""SUCCESS"",""treatment_categories"":[""内視鏡""],""treatment_confidence"":{""内視鏡"":0.98},""treatment_evidence"":[{""category"":""内視鏡"",""confidence"":0.98,""hot"":false,""keyword"":""内視鏡"",""label"":""胃内視鏡検査"",""reason"":""HOMEの治療メニュー・タブ"",""source"":""HOME_MENU"",""url"":""https://www.sunaikai.jp/inspection/#001""},{""category"":""内視鏡"",""confidence"":0.98,""hot"":false,""keyword"":""大腸内視鏡"",""label"":""大腸内視鏡検査"",""reason"":""HOMEの治療メニュー・タブ"",""source"":""HOME_MENU"",""url"":""https://www.sunaikai.jp/inspection/#002""},{""category"":""内視鏡"",""confidence"":0.98,""hot"":false,""keyword"":""内視鏡"",""label"":""上下部内視鏡検査"",""reason"":""HOMEの治療メニュー・タブ"",""source"":""HOME_MENU"",""url"":""https://www.sunaikai.jp/inspection/#001""},{""category"":""内視鏡"",""confidence"":0.98,""hot"":false,""keyword"":""内視鏡"",""label"":""内視鏡検査について"",""reason"":""HOMEの治療メニュー・タブ"",""source"":""HOME_MENU"",""url"":""https://www.sunaikai.jp/inspection/#001""},{""category"":""内視鏡"",""confidence"":0.98,""hot"":false,""keyword"":""内視鏡"",""label"":""胃内視鏡検査"",""reason"":""医院紹介・診療案内の治療メニュー・タブ"",""source"":""INTRO_MENU"",""url"":""https://www.sunaikai.jp/inspection/#001""},{""category"":""内視鏡"",""confidence"":0.98,""hot"":false,""keyword"":""大腸内視鏡"",""label"":""大腸内視鏡検査"",""reason"":""医院紹介・診療案内の治療メニュー・タブ"",""source"":""INTRO_MENU"",""url"":""https://www.sunaikai.jp/inspection/#002""},{""category"":""内視鏡"",""confidence"":0.98,""hot"":false,""keyword"":""内視鏡"",""label"":""▼ 「上下部消化管内視鏡検査」 の詳細についてはこちら"",""reason"":""医院紹介・診療案内の治療メニュー・タブ"",""source"":""INTRO_MENU"",""url"":""https://www.sunaikai.jp/inspection/#001""}],""treatment_name_hot"":false,""treatment_name_hot_categories"":[]}"
70,医療法人社団　小川耳鼻咽喉科,http://www.ogawa-ent.com/,SUCCESS,VERIFIED,D,3,,,,,0,,通常,,,,[],,,"{""age_estimation_confidence"":""UNKNOWN"",""age_estimation_reason"":""指定年月日は開業時期の根拠であり院長年齢ではないため、HPの院長経歴まで確認したが卒業年/医籍年を取得できませんでした。"",""age_estimation_source"":""厚生局指定年月日 2000-12-01 を確認（年齢は直接算出不可）"",""age_estimation_year"":2026,""age_master_context"":{""designation_date"":""2000-12-01"",""owner_manager_equal"":true,""registration_reason"":""新規""},""age_probability_under_59"":null,""crawl_errors"":[],""doctor_name"":""飯ケ谷　七重"",""graduation_evidence"":[],""graduation_year"":null,""hot_status"":""通常"",""hp_candidates"":[],""hp_checked_at"":""2026-09-17T07:26:32.482939+00:00"",""hp_identity_pages"":[""http://www.ogawa-ent.com/""],""hp_match_reason"":[""電話番号一致"",""医院名がページ見出しに一致"",""住所一致""],""hp_match_score"":120,""hp_rank"":""D"",""hp_rank_reasons"":[{""feature"":""写真"",""points"":1},{""feature"":""料金情報"",""points"":1},{""feature"":""問合せCTA"",""points"":1}],""hp_rank_version"":""hp-content-1"",""hp_score"":3,""hp_status"":""VERIFIED"",""hp_url"":""http://www.ogawa-ent.com/"",""hp_verified"":true,""license_evidence"":[],""license_registration_year"":null,""marketing_signal_count"":0,""marketing_signals"":[],""research_error"":"""",""research_status"":""SUCCESS"",""treatment_categories"":[],""treatment_confidence"":{},""treatment_evidence"":[],""treatment_name_hot"":false,""treatment_name_hot_categories"":[]}"
72,医療法人社団　山岡クリニック,http://www.yamaoka-clinic.com/,SUCCESS,VERIFIED,A,13,糖尿病 / 皮膚科,,,,3,Doctors File掲載 / HP制作会社の制作実績 / LINE公式運用,かなりアツい,,,,[],,,"{""age_estimation_confidence"":""UNKNOWN"",""age_estimation_reason"":""指定年月日は開業時期の根拠であり院長年齢ではないため、HPの院長経歴まで確認したが卒業年/医籍年を取得できませんでした。"",""age_estimation_source"":""厚生局指定年月日 2001-04-01 を確認（年齢は直接算出不可）"",""age_estimation_year"":2026,""age_master_context"":{""designation_date"":""2001-04-01"",""owner_manager_equal"":true,""registration_reason"":""組織変更""},""age_probability_under_59"":null,""crawl_errors"":[],""doctor_name"":""山岡　周平"",""graduation_evidence"":[],""graduation_year"":null,""hot_status"":""かなりアツい"",""hp_candidates"":[],""hp_checked_at"":""2026-09-17T07:26:51.807515+00:00"",""hp_identity_pages"":[""https://www.yamaoka-clinic.com/""],""hp_match_reason"":[""電話番号一致"",""医院名がページ見出しに一致"",""院長名一致""],""hp_match_score"":110,""hp_rank"":""A"",""hp_rank_reasons"":[{""feature"":""HTTPS"",""points"":1},{""feature"":""スマホviewport"",""points"":1},{""feature"":""Web予約導線"",""points"":2},{""feature"":""LINE導線"",""points"":1},{""feature"":""治療専用ページ"",""points"":3},{""feature"":""院長プロフィール"",""points"":2},{""feature"":""写真"",""points"":1},{""feature"":""料金情報"",""points"":1},{""feature"":""問合せCTA"",""points"":1}],""hp_rank_version"":""hp-content-1"",""hp_score"":13,""hp_status"":""VERIFIED"",""hp_url"":""https://www.yamaoka-clinic.com/"",""hp_verified"":true,""license_evidence"":[],""license_registration_year"":null,""marketing_signal_count"":3,""marketing_signals"":[{""evidence"":""ドクターズ・ファイル → https://doctorsfile.jp/h/29442/df/1/"",""evidence_type"":""公式HPトップページ下部（フッター）"",""evidence_url"":""https://www.yamaoka-clinic.com/"",""name"":""Doctors File掲載"",""status"":""CONFIRMED""},{""evidence"":""DR.BRIDGE｜クリニックホームページ制作 クリニックホームページ制作 → https://www.dr-bridge.co.jp/"",""evidence_type"":""公式HPトップページ下部（フッター）"",""evidence_url"":""https://www.yamaoka-clinic.com/"",""name"":""HP制作会社の制作実績"",""status"":""CONFIRMED""},{""evidence"":""https://lin.ee/9jFdPVKD"",""evidence_type"":""公式HP左右/固定バナー"",""evidence_url"":""https://www.yamaoka-clinic.com/"",""name"":""LINE公式運用"",""status"":""CONFIRMED""}],""research_error"":"""",""research_status"":""SUCCESS"",""treatment_categories"":[""糖尿病"",""皮膚科""],""treatment_confidence"":{""皮膚科"":0.98,""糖尿病"":0.98},""treatment_evidence"":[{""category"":""糖尿病"",""confidence"":0.98,""hot"":false,""keyword"":""糖尿病"",""label"":""麹町・半蔵門 山岡内科クリニック 糖尿病・甲状腺・小児・皮膚 麹町・半蔵門 山岡内科クリニック 糖尿病・甲状腺・小児・皮膚"",""reason"":""HOMEの治療メニュー・タブ"",""source"":""HOME_MENU"",""url"":""https://www.yamaoka-clinic.com/""},{""category"":""糖尿病"",""confidence"":0.98,""hot"":false,""keyword"":""糖尿病"",""label"":""麹町・半蔵門 山岡内科クリニック 糖尿病・甲状腺・小児・皮膚"",""reason"":""HOMEの治療メニュー・タブ"",""source"":""HOME_MENU"",""url"":""https://www.yamaoka-clinic.com/""},{""category"":""糖尿病"",""confidence"":0.98,""hot"":false,""keyword"":""糖尿病"",""label"":""糖尿病外来"",""reason"":""HOMEの治療メニュー・タブ"",""source"":""HOME_MENU"",""url"":""https://www.yamaoka-clinic.com/diabetes/""},{""category"":""皮膚科"",""confidence"":0.98,""hot"":false,""keyword"":""皮膚科"",""label"":""皮膚科"",""reason"":""HOMEの治療メニュー・タブ"",""source"":""HOME_MENU"",""url"":""https://www.yamaoka-clinic.com/dermatology/""},{""category"":""糖尿病"",""confidence"":0.98,""hot"":false,""keyword"":""糖尿病"",""label"":""当院の糖尿病外来について"",""reason"":""HOMEの治療メニュー・タブ"",""source"":""HOME_MENU"",""url"":""https://www.yamaoka-clinic.com/diabetes/""},{""category"":""糖尿病"",""confidence"":0.98,""hot"":false,""keyword"":""糖尿病"",""label"":""糖尿病の3大合併症・検査"",""reason"":""HOMEの治療メニュー・タブ"",""source"":""HOME_MENU"",""url"":""https://www.yamaoka-clinic.com/complications/""},{""category"":""糖尿病"",""confidence"":0.98,""hot"":false,""keyword"":""糖尿病"",""label"":""糖尿病の治療"",""reason"":""HOMEの治療メニュー・タブ"",""source"":""HOME_MENU"",""url"":""https://www.yamaoka-clinic.com/diabetes-2/""},{""category"":""糖尿病"",""confidence"":0.98,""hot"":false,""keyword"":""糖尿病"",""label"":""糖尿病外来 Diabetes outpatient clinic"",""reason"":""HOMEの治療メニュー・タブ"",""source"":""HOME_MENU"",""url"":""https://www.yamaoka-clinic.com/diabetes/""},{""category"":""皮膚科"",""confidence"":0.98,""hot"":false,""keyword"":""皮膚科"",""label"":""皮膚科 Dermatology"",""reason"":""HOMEの治療メニュー・タブ"",""source"":""HOME_MENU"",""url"":""https://www.yamaoka-clinic.com/dermatology/""},{""category"":""糖尿病"",""confidence"":0.98,""hot"":false,""keyword"":""糖尿病"",""label"":""糖尿病の 3大合併症・検査"",""reason"":""HOMEの治療メニュー・タブ"",""source"":""HOME_MENU"",""url"":""https://www.yamaoka-clinic.com/complications/""},{""category"":""糖尿病"",""confidence"":0.98,""hot"":false,""keyword"":""糖尿病"",""label"":""麹町・半蔵門 山岡内科クリニック 糖尿病・甲状腺・小児・皮膚 麹町・半蔵門 山岡内科クリニック 糖尿病・甲状腺・小児・皮膚"",""reason"":""医院紹介・診療案内の治療メニュー・タブ"",""source"":""INTRO_MENU"",""url"":""https://www.yamaoka-clinic.com/""},{""category"":""糖尿病"",""confidence"":0.98,""hot"":false,""keyword"":""糖尿病"",""label"":""糖尿病外来"",""reason"":""医院紹介・診療案内の治療メニュー・タブ"",""source"":""INTRO_MENU"",""url"":""https://www.yamaoka-clinic.com/diabetes/""},{""category"":""皮膚科"",""confidence"":0.98,""hot"":false,""keyword"":""皮膚科"",""label"":""皮膚科"",""reason"":""医院紹介・診療案内の治療メニュー・タブ"",""source"":""INTRO_MENU"",""url"":""https://www.yamaoka-clinic.com/dermatology/""},{""category"":""糖尿病"",""confidence"":0.98,""hot"":false,""keyword"":""糖尿病"",""label"":""当院の糖尿病外来について"",""reason"":""医院紹介・診療案内の治療メニュー・タブ"",""source"":""INTRO_MENU"",""url"":""https://www.yamaoka-clinic.com/diabetes/""},{""category"":""糖尿病"",""confidence"":0.98,""hot"":false,""keyword"":""糖尿病"",""label"":""糖尿病の3大合併症・検査"",""reason"":""医院紹介・診療案内の治療メニュー・タブ"",""source"":""INTRO_MENU"",""url"":""https://www.yamaoka-clinic.com/complications/""},{""category"":""糖尿病"",""confidence"":0.98,""hot"":false,""keyword"":""糖尿病"",""label"":""糖尿病の治療"",""reason"":""医院紹介・診療案内の治療メニュー・タブ"",""source"":""INTRO_MENU"",""url"":""https://www.yamaoka-clinic.com/diabetes-2/""},{""category"":""糖尿病"",""confidence"":0.98,""hot"":false,""keyword"":""糖尿病内科"",""label"":""千代田区麹町・半蔵門で糖尿病内科・ 甲状腺外来をお探しの方は 山岡内科クリニック"",""reason"":""医院紹介・診療案内の治療メニュー・タブ"",""source"":""INTRO_MENU"",""url"":""https://www.yamaoka-clinic.com/flow/#a05""},{""category"":""糖尿病"",""confidence"":0.98,""hot"":false,""keyword"":""糖尿病"",""label"":""糖尿病外来はこちら"",""reason"":""医院紹介・診療案内の治療メニュー・タブ"",""source"":""INTRO_MENU"",""url"":""https://www.yamaoka-clinic.com/diabetes/""},{""category"":""皮膚科"",""confidence"":0.98,""hot"":false,""keyword"":""皮膚科"",""label"":""皮膚科はこちら"",""reason"":""医院紹介・診療案内の治療メニュー・タブ"",""source"":""INTRO_MENU"",""url"":""https://www.yamaoka-clinic.com/dermatology/""},{""category"":""糖尿病"",""confidence"":0.96,""hot"":false,""keyword"":""糖尿病"",""label"":""糖尿病外来｜ 千代田区麹町・半蔵門の糖尿病外来なら"",""reason"":""治療メニューから直接リンクされた独立ページの主見出し"",""source"":""DEDICATED_PAGE"",""url"":""https://www.yamaoka-clinic.com/diabetes/""},{""category"":""皮膚科"",""confidence"":0.96,""hot"":false,""keyword"":""皮膚科"",""label"":""皮膚科｜ 千代田区麹町・半蔵門の皮膚科なら"",""reason"":""治療メニューから直接リンクされた独立ページの主見出し"",""source"":""DEDICATED_PAGE"",""url"":""https://www.yamaoka-clinic.com/dermatology/""}],""treatment_name_hot"":false,""treatment_name_hot_categories"":[]}"
73,医療法人社団　司洋会　有楽町駅日比谷口眼科,https://www.biccamera.co.jp/bic_contact/shop/index.html#shop014,ERROR,ERROR,UNKNOWN,0,,,,,0,,通常,,,,"[{""reason"": ""接続・SSL・タイムアウトのエラーです。"", ""url"": ""https://www.biccamera.co.jp/bic_contact/shop/index.html#shop014""}, {""reason"": ""接続・SSL・タイムアウトのエラーです。"", ""url"": ""https://www.biccamera.co.jp/""}]",,,"{""crawl_errors"":[{""reason"":""接続・SSL・タイムアウトのエラーです。"",""url"":""https://www.biccamera.co.jp/bic_contact/shop/index.html#shop014""},{""reason"":""接続・SSL・タイムアウトのエラーです。"",""url"":""https://www.biccamera.co.jp/""}],""hot_status"":""通常"",""hp_candidates"":[],""hp_checked_at"":""2026-09-17T07:27:11.997503+00:00"",""hp_identity_pages"":[],""hp_match_reason"":[""候補ページの本人確認・取得を完了できませんでした。""],""hp_match_score"":0,""hp_rank"":""UNKNOWN"",""hp_rank_reasons"":[],""hp_score"":0,""hp_status"":""ERROR"",""hp_url"":"""",""hp_verified"":false,""marketing_signal_count"":0,""marketing_signals"":[],""research_error"":"""",""research_status"":""ERROR"",""treatment_categories"":[],""treatment_confidence"":{},""treatment_evidence"":[]}"
74,エムアンドエム　スキンケアクリニック,http://skincare-clinic.jp/,SUCCESS,VERIFIED,A,13,皮膚科,2011,,0.9999901351351351,2,YouTube公式運用 / LINE公式運用,アツい,,,,[],,,"{""age_estimation_confidence"":""MODEL_ESTIMATE"",""age_estimation_reason"":""指定年月日を先に確認し、年齢を直接算出できないため院長本人の医籍年/大学卒業年から仮定分布で59歳以下確率を推定。"",""age_estimation_source"":""https://skincare-clinic.jp/about/"",""age_estimation_year"":2026,""age_master_context"":{""designation_date"":""2001-10-01"",""owner_manager_equal"":false,""registration_reason"":""新規""},""age_probability_under_59"":0.9999901351351351,""crawl_errors"":[],""doctor_name"":""鈴木　みね子"",""graduation_evidence"":[{""doctor_name"":""鈴木　みね子"",""evidence"":""2011年3月 東邦大学医学部 卒業"",""url"":""https://skincare-clinic.jp/about/"",""year"":2011}],""graduation_year"":2011,""hot_status"":""アツい"",""hp_candidates"":[],""hp_checked_at"":""2026-09-17T07:27:31.122264+00:00"",""hp_identity_pages"":[""https://skincare-clinic.jp/""],""hp_match_reason"":[""電話番号一致"",""医院名がページ見出しに一致""],""hp_match_score"":90,""hp_rank"":""A"",""hp_rank_reasons"":[{""feature"":""HTTPS"",""points"":1},{""feature"":""スマホviewport"",""points"":1},{""feature"":""Web予約導線"",""points"":2},{""feature"":""LINE導線"",""points"":1},{""feature"":""治療専用ページ"",""points"":3},{""feature"":""院長プロフィール"",""points"":2},{""feature"":""写真"",""points"":1},{""feature"":""料金情報"",""points"":1},{""feature"":""問合せCTA"",""points"":1}],""hp_rank_version"":""hp-content-1"",""hp_score"":13,""hp_status"":""VERIFIED"",""hp_url"":""https://skincare-clinic.jp/"",""hp_verified"":true,""license_evidence"":[],""license_registration_year"":null,""marketing_signal_count"":2,""marketing_signals"":[{""evidence"":""https://www.youtube.com/embed/fEbma32D0IE?feature=oembed"",""evidence_type"":""医院紹介の動画埋込"",""evidence_url"":""https://skincare-clinic.jp/online-eligibility-verification/"",""name"":""YouTube公式運用"",""status"":""CONFIRMED""},{""evidence"":""https://lin.ee/XqSWjic"",""evidence_type"":""公式HPリンク"",""evidence_url"":""https://skincare-clinic.jp/"",""name"":""LINE公式運用"",""status"":""CONFIRMED""}],""research_error"":"""",""research_status"":""SUCCESS"",""treatment_categories"":[""皮膚科""],""treatment_confidence"":{""皮膚科"":0.98},""treatment_evidence"":[{""category"":""皮膚科"",""confidence"":0.98,""hot"":false,""keyword"":""皮膚科"",""label"":""エムアンドエムスキンケアクリニック | 千代田区神保町駅前の皮膚科・形成外科・美容治療専門クリニック"",""reason"":""HOMEの治療メニュー・タブ"",""source"":""HOME_MENU"",""url"":""https://skincare-clinic.jp/""},{""category"":""皮膚科"",""confidence"":0.98,""hot"":false,""keyword"":""皮膚科"",""label"":""皮膚科"",""reason"":""HOMEの治療メニュー・タブ"",""source"":""HOME_MENU"",""url"":""https://skincare-clinic.jp/dermatology/""},{""category"":""皮膚科"",""confidence"":0.98,""hot"":false,""keyword"":""ニキビ"",""label"":""ニキビ、ニキビ痕、毛穴"",""reason"":""HOMEの治療メニュー・タブ"",""source"":""HOME_MENU"",""url"":""https://skincare-clinic.jp/acne/""},{""category"":""皮膚科"",""confidence"":0.98,""hot"":false,""keyword"":""ニキビ"",""label"":""ニキビ"",""reason"":""HOMEの治療メニュー・タブ"",""source"":""HOME_MENU"",""url"":""https://skincare-clinic.jp/dermatology/#acne""},{""category"":""皮膚科"",""confidence"":0.98,""hot"":false,""keyword"":""皮膚科"",""label"":""ご来院される方へ | 千代田区神保町駅前の皮膚科・形成外科・美容治療専門クリニック | エムアンドエムスキンケアクリニック"",""reason"":""医院紹介・診療案内の治療メニュー・タブ"",""source"":""INTRO_MENU"",""url"":""https://skincare-clinic.jp/""},{""category"":""皮膚科"",""confidence"":0.98,""hot"":false,""keyword"":""皮膚科"",""label"":""皮膚科"",""reason"":""医院紹介・診療案内の治療メニュー・タブ"",""source"":""INTRO_MENU"",""url"":""https://skincare-clinic.jp/dermatology/""},{""category"":""皮膚科"",""confidence"":0.98,""hot"":false,""keyword"":""ニキビ"",""label"":""ニキビ、ニキビ痕、毛穴"",""reason"":""医院紹介・診療案内の治療メニュー・タブ"",""source"":""INTRO_MENU"",""url"":""https://skincare-clinic.jp/acne/""},{""category"":""皮膚科"",""confidence"":0.98,""hot"":false,""keyword"":""皮膚科"",""label"":""クリニック案内 | 千代田区神保町駅前の皮膚科・形成外科・美容治療専門クリニック | エムアンドエムスキンケアクリニック"",""reason"":""医院紹介・診療案内の治療メニュー・タブ"",""source"":""INTRO_MENU"",""url"":""https://skincare-clinic.jp/""}],""treatment_name_hot"":false,""treatment_name_hot_categories"":[]}"
75,九段嵐山クリニック,http://www.wellclinics.com/arashiyama/in.html,ERROR,ERROR,UNKNOWN,0,,,,,0,,通常,,,,"[{""reason"": ""別ドメインへのリダイレクトを停止しました。"", ""url"": ""http://www.wellclinics.com/arashiyama/in.html""}, {""reason"": ""別ドメインへのリダイレクトを停止しました。"", ""url"": ""http://www.wellclinics.com/""}]",,,"{""crawl_errors"":[{""reason"":""別ドメインへのリダイレクトを停止しました。"",""url"":""http://www.wellclinics.com/arashiyama/in.html""},{""reason"":""別ドメインへのリダイレクトを停止しました。"",""url"":""http://www.wellclinics.com/""}],""hot_status"":""通常"",""hp_candidates"":[],""hp_checked_at"":""2026-09-17T07:27:53.048150+00:00"",""hp_identity_pages"":[],""hp_match_reason"":[""候補ページの本人確認・取得を完了できませんでした。""],""hp_match_score"":0,""hp_rank"":""UNKNOWN"",""hp_rank_reasons"":[],""hp_score"":0,""hp_status"":""ERROR"",""hp_url"":"""",""hp_verified"":false,""marketing_signal_count"":0,""marketing_signals"":[],""research_error"":"""",""research_status"":""ERROR"",""treatment_categories"":[],""treatment_confidence"":{},""treatment_evidence"":[]}"
77,スバル医院,http://www.subaru-clinic.com/,SUCCESS,VERIFIED,C,7,ED / 泌尿器科 / 皮膚科,,,,0,,通常,,,,"[{""reason"": ""HTTP 404。手動で確認してください。"", ""url"": ""http://www.subaru-clinic.com/inq/index.html""}]",,,"{""age_estimation_confidence"":""UNKNOWN"",""age_estimation_reason"":""指定年月日は開業時期の根拠であり院長年齢ではないため、HPの院長経歴まで確認したが卒業年/医籍年を取得できませんでした。"",""age_estimation_source"":""厚生局指定年月日 2002-04-01 を確認（年齢は直接算出不可）"",""age_estimation_year"":2026,""age_master_context"":{""designation_date"":""2002-04-01"",""owner_manager_equal"":true,""registration_reason"":""新規""},""age_probability_under_59"":null,""crawl_errors"":[{""reason"":""HTTP 404。手動で確認してください。"",""url"":""http://www.subaru-clinic.com/inq/index.html""}],""doctor_name"":""中村　憲司"",""graduation_evidence"":[],""graduation_year"":null,""hot_status"":""通常"",""hp_candidates"":[],""hp_checked_at"":""2026-09-17T07:28:08.250588+00:00"",""hp_identity_pages"":[""http://www.subaru-clinic.com/""],""hp_match_reason"":[""電話番号一致"",""医院名がページ見出しに一致""],""hp_match_score"":90,""hp_rank"":""C"",""hp_rank_reasons"":[{""feature"":""スマホviewport"",""points"":1},{""feature"":""治療専用ページ"",""points"":3},{""feature"":""写真"",""points"":1},{""feature"":""料金情報"",""points"":1},{""feature"":""問合せCTA"",""points"":1}],""hp_rank_version"":""hp-content-1"",""hp_score"":7,""hp_status"":""VERIFIED"",""hp_url"":""http://www.subaru-clinic.com/"",""hp_verified"":true,""license_evidence"":[],""license_registration_year"":null,""marketing_signal_count"":0,""marketing_signals"":[],""research_error"":"""",""research_status"":""SUCCESS"",""treatment_categories"":[""ED"",""泌尿器科"",""皮膚科""],""treatment_confidence"":{""ED"":0.98,""泌尿器科"":0.98,""皮膚科"":0.98},""treatment_evidence"":[{""category"":""皮膚科"",""confidence"":0.98,""hot"":false,""keyword"":""皮膚科"",""label"":""皮膚科疾患・禁煙治療"",""reason"":""HOMEの治療メニュー・タブ"",""source"":""HOME_MENU"",""url"":""http://www.subaru-clinic.com/dermatology/index.html""},{""category"":""ED"",""confidence"":0.98,""hot"":false,""keyword"":""ED治療"",""label"":""ED治療とAGA"",""reason"":""HOMEの治療メニュー・タブ"",""source"":""HOME_MENU"",""url"":""http://www.subaru-clinic.com/ed/index.html""},{""category"":""泌尿器科"",""confidence"":0.98,""hot"":false,""keyword"":""泌尿器科"",""label"":""泌尿器科疾患"",""reason"":""HOMEの治療メニュー・タブ"",""source"":""HOME_MENU"",""url"":""http://www.subaru-clinic.com/urology/index.html""},{""category"":""ED"",""confidence"":0.96,""hot"":false,""keyword"":""ED治療"",""label"":""性行為感染症／ED治療／膀胱炎／腎臓・尿管結石／湿疹／アトピー性皮膚炎／淋病／非淋菌性尿道炎（クラミジア感染症）／梅毒／エイズ／陰部ヘルペス"",""reason"":""治療メニューから直接リンクされた独立ページの主見出し"",""source"":""DEDICATED_PAGE"",""url"":""http://www.subaru-clinic.com/ed/index.html""}],""treatment_name_hot"":false,""treatment_name_hot_categories"":[]}"
78,医療法人社団　遠藤クリニック,https://endo.or.jp/,SUCCESS,VERIFIED,C,6,,,,,0,,通常,,,,"[{""reason"": ""HTTP 404。手動で確認してください。"", ""url"": ""https://endo.or.jp/doctor.html""}]",,,"{""age_estimation_confidence"":""REVIEW"",""age_estimation_reason"":""院長本人の卒業年/医籍年候補が複数または矛盾しています。指定年月日では年齢を確定できないため要確認。"",""age_estimation_source"":""UNKNOWN"",""age_estimation_year"":2026,""age_master_context"":{""designation_date"":""2002-02-25"",""owner_manager_equal"":true,""registration_reason"":""組織変更""},""age_probability_under_59"":null,""crawl_errors"":[{""reason"":""HTTP 404。手動で確認してください。"",""url"":""https://endo.or.jp/doctor.html""}],""doctor_name"":""遠藤　素夫"",""graduation_evidence"":[{""doctor_name"":""遠藤　素夫"",""evidence"":""昭和57年 日本大学医学部卒業"",""url"":""https://endo.or.jp/staff.html"",""year"":1982},{""doctor_name"":""遠藤　素夫"",""evidence"":""大学医学部卒業 ■ 昭和61年"",""url"":""https://endo.or.jp/staff.html"",""year"":1986},{""doctor_name"":""遠藤　素夫"",""evidence"":""昭和39年 青山学院初等部進学 ■ 昭和45年 千代田区立一橋中学校入学...剣道部・生物部 ■ 昭和48年 都立三田高校入学...議長団議長・剣道部・茶道部長 ■ 昭和51年 日本大学医学部入学...日本大学医学部ヨット部主将 ■ 昭和57年 日本大学医学部卒業"",""url"":""https://endo.or.jp/arzt.html"",""year"":1964},{""doctor_name"":""遠藤　素夫"",""evidence"":""大学医学部入学...日本大学医学部ヨット部主将 ■ 昭和57年 日本大学医学部卒業・日本大学大学院入学 日本大学医学部第3内科学教室入局 ■ 昭和61年"",""url"":""https://endo.or.jp/arzt.html"",""year"":1986}],""graduation_year"":null,""hot_status"":""通常"",""hp_candidates"":[],""hp_checked_at"":""2026-09-17T07:28:21.322693+00:00"",""hp_identity_pages"":[""https://endo.or.jp/""],""hp_match_reason"":[""電話番号一致"",""医院名がページ見出しに一致""],""hp_match_score"":90,""hp_rank"":""C"",""hp_rank_reasons"":[{""feature"":""HTTPS"",""points"":1},{""feature"":""スマホviewport"",""points"":1},{""feature"":""院長プロフィール"",""points"":2},{""feature"":""写真"",""points"":1},{""feature"":""料金情報"",""points"":1}],""hp_rank_version"":""hp-content-1"",""hp_score"":6,""hp_status"":""VERIFIED"",""hp_url"":""https://endo.or.jp/"",""hp_verified"":true,""license_evidence"":[],""license_registration_year"":null,""marketing_signal_count"":0,""marketing_signals"":[],""research_error"":"""",""research_status"":""SUCCESS"",""treatment_categories"":[],""treatment_confidence"":{},""treatment_evidence"":[],""treatment_name_hot"":false,""treatment_name_hot_categories"":[]}"
80,医療法人社団　大政クリニック,http://www.omasa-clinic.com/,SUCCESS,VERIFIED,C,7,内視鏡,,,,1,Doctors File掲載,集客投資シグナルあり,,,,[],,,"{""age_estimation_confidence"":""UNKNOWN"",""age_estimation_reason"":""指定年月日は開業時期の根拠であり院長年齢ではないため、HPの院長経歴まで確認したが卒業年/医籍年を取得できませんでした。"",""age_estimation_source"":""厚生局指定年月日 2002-05-01 を確認（年齢は直接算出不可）"",""age_estimation_year"":2026,""age_master_context"":{""designation_date"":""2002-05-01"",""owner_manager_equal"":true,""registration_reason"":""組織変更""},""age_probability_under_59"":null,""crawl_errors"":[],""doctor_name"":""大政　良二"",""graduation_evidence"":[],""graduation_year"":null,""hot_status"":""集客投資シグナルあり"",""hp_candidates"":[],""hp_checked_at"":""2026-09-17T07:28:34.058101+00:00"",""hp_identity_pages"":[""http://www.omasa-clinic.com/""],""hp_match_reason"":[""電話番号一致"",""医院名がページ見出しに一致""],""hp_match_score"":90,""hp_rank"":""C"",""hp_rank_reasons"":[{""feature"":""治療専用ページ"",""points"":3},{""feature"":""院長プロフィール"",""points"":2},{""feature"":""写真"",""points"":1},{""feature"":""料金情報"",""points"":1}],""hp_rank_version"":""hp-content-1"",""hp_score"":7,""hp_status"":""VERIFIED"",""hp_url"":""http://www.omasa-clinic.com/"",""hp_verified"":true,""license_evidence"":[],""license_registration_year"":null,""marketing_signal_count"":1,""marketing_signals"":[{""evidence"":""こちらから 当クリニック院長がDoctor's Fileにて紹介されました!! →紹介記事は こちらから → http://doctorsfile.jp/doctor/hospital/29441/df/1/"",""evidence_type"":""公式HPリンク"",""evidence_url"":""http://www.omasa-clinic.com/"",""name"":""Doctors File掲載"",""status"":""CONFIRMED""}],""research_error"":"""",""research_status"":""SUCCESS"",""treatment_categories"":[""内視鏡""],""treatment_confidence"":{""内視鏡"":0.98},""treatment_evidence"":[{""category"":""内視鏡"",""confidence"":0.98,""hot"":false,""keyword"":""内視鏡"",""label"":""内視鏡検査の流れ"",""reason"":""HOMEの治療メニュー・タブ"",""source"":""HOME_MENU"",""url"":""http://www.omasa-clinic.com/index04.html""},{""category"":""内視鏡"",""confidence"":0.98,""hot"":false,""keyword"":""内視鏡"",""label"":""内視鏡検査の流れ"",""reason"":""医院紹介・診療案内の治療メニュー・タブ"",""source"":""INTRO_MENU"",""url"":""http://www.omasa-clinic.com/index04.html""},{""category"":""内視鏡"",""confidence"":0.96,""hot"":false,""keyword"":""内視鏡"",""label"":""大政クリニック／検査方法の比較と内視鏡検査の流れ"",""reason"":""治療メニューから直接リンクされた独立ページの主見出し"",""source"":""DEDICATED_PAGE"",""url"":""http://www.omasa-clinic.com/index04.html""}],""treatment_name_hot"":false,""treatment_name_hot_categories"":[]}"
81,帝国クリニック,https://doctorsfile.jp/h/29698/,NOT_FOUND,NOT_FOUND,NO_HP,0,,,,,0,,通常,,,,[],,,"{""crawl_errors"":[],""hot_status"":""通常"",""hp_candidates"":[],""hp_checked_at"":""2026-09-17T07:28:34.106158+00:00"",""hp_identity_pages"":[],""hp_match_reason"":[""検索した範囲で公式HPを発見できませんでした。""],""hp_match_score"":0,""hp_rank"":""NO_HP"",""hp_rank_reasons"":[],""hp_score"":0,""hp_status"":""NOT_FOUND"",""hp_url"":"""",""hp_verified"":false,""marketing_signal_count"":0,""marketing_signals"":[],""research_error"":"""",""research_status"":""NOT_FOUND"",""treatment_categories"":[],""treatment_confidence"":{},""treatment_evidence"":[]}"
83,医療法人社団　慶翔会　飯田橋眼科クリニック,http://www.iidabashi-eye.com/,SUCCESS,VERIFIED,B,11,白内障 / 緑内障,,,,1,オンライン診療,集客投資シグナルあり,,,,[],,,"{""age_estimation_confidence"":""REVIEW"",""age_estimation_reason"":""院長本人の卒業年/医籍年候補が複数または矛盾しています。指定年月日では年齢を確定できないため要確認。"",""age_estimation_source"":""UNKNOWN"",""age_estimation_year"":2026,""age_master_context"":{""designation_date"":""2003-04-01"",""owner_manager_equal"":false,""registration_reason"":""新規""},""age_probability_under_59"":null,""crawl_errors"":[],""doctor_name"":""吉野　真未"",""graduation_evidence"":[{""doctor_name"":""吉野　真未"",""evidence"":""1994年 東海大学 医学部 卒業"",""url"":""https://www.iidabashi-eye.com/doctor/index.html"",""year"":1994},{""doctor_name"":""吉野　真未"",""evidence"":""2026年 千代田眼科医会 副会長に就任 理事長 深川 和己 (ふかがわ かずみ) 専門 一般眼科 アレルギー 角結膜疾患 資格 眼科専門医 慶應義塾大学医学部眼科学教室 非常勤講師 経歴 1989年 慶應義塾大学医学部(およびヨット部)卒業"",""url"":""https://www.iidabashi-eye.com/doctor/index.html"",""year"":2026},{""doctor_name"":""吉野　真未"",""evidence"":""1980年 県立千葉女子高等学校 卒業 1987年 日本大学医学部卒業"",""url"":""https://www.iidabashi-eye.com/doctor/index.html"",""year"":1980},{""doctor_name"":""吉野　真未"",""evidence"":""2008年 医療法人社団 慶翔会 飯田橋眼科クリニック管理医師就任 医師 岩崎 美紀 (いわさき みき) 専門 一般眼科 緑内障 資格 眼科専門医 経歴 1990年 東京女子医科大学医学部 卒業"",""url"":""https://www.iidabashi-eye.com/doctor/index.html"",""year"":2008},{""doctor_name"":""吉野　真未"",""evidence"":""2005年 六本木ヒルズクリニック 眼科勤務 2012年 医療法人社団 慶翔会 両国眼科クリニック 院長 医師 芝 大介 (しば だいすけ) 専門 緑内障 資格 眼科専門医 慶應義塾大学病院 医学部 眼科学教室 専任講師 経歴 2000年 慶應義塾大学医学部 卒業"",""url"":""https://www.iidabashi-eye.com/doctor/index.html"",""year"":2005},{""doctor_name"":""吉野　真未"",""evidence"":""2004年 大阪厚生年金病院 緑内障フェロー 2006年 慶應義塾大学病院 眼科勤務 矢島 潤一郎 (やじま じゅんいちろう) 専門 緑内障 資格 眼科専門医 経歴 2013年 慶應義塾大学医学部 卒業"",""url"":""https://www.iidabashi-eye.com/doctor/index.html"",""year"":2004},{""doctor_name"":""吉野　真未"",""evidence"":""2020年 慶應義塾大学医学部眼科学教室 助教 2022年 国立病院機構東京医療センター 眼科 植田 壮胤 (うえだ まさつぐ) 専門 緑内障 資格 眼科専門医 慶應義塾大学病院 助教 経歴 2019年 順天堂大学医学部 卒業"",""url"":""https://www.iidabashi-eye.com/doctor/index.html"",""year"":2020},{""doctor_name"":""吉野　真未"",""evidence"":""大学) 千代田眼科医会 副会長 経歴 1994年 東海大学 医学部 卒業/医師国家試験合格 慶應義塾大学 医学部 眼科学教室 入局 1996年"",""url"":""https://www.iidabashi-eye.com/doctor/index.html"",""year"":1996},{""doctor_name"":""吉野　真未"",""evidence"":""大学医学部眼科学教室 非常勤講師 経歴 1989年 慶應義塾大学医学部(およびヨット部)卒業 1989年"",""url"":""https://www.iidabashi-eye.com/doctor/index.html"",""year"":1989},{""doctor_name"":""吉野　真未"",""evidence"":""大学医学部卒業 1987年"",""url"":""https://www.iidabashi-eye.com/doctor/index.html"",""year"":1987},{""doctor_name"":""吉野　真未"",""evidence"":""大学医学部 卒業 1990年"",""url"":""https://www.iidabashi-eye.com/doctor/index.html"",""year"":1990},{""doctor_name"":""吉野　真未"",""evidence"":""大学病院 医学部 眼科学教室 専任講師 経歴 2000年 慶應義塾大学医学部 卒業 2000年"",""url"":""https://www.iidabashi-eye.com/doctor/index.html"",""year"":2000},{""doctor_name"":""吉野　真未"",""evidence"":""大学医学部 卒業 2015年"",""url"":""https://www.iidabashi-eye.com/doctor/index.html"",""year"":2015},{""doctor_name"":""吉野　真未"",""evidence"":""大学病院 助教 経歴 2019年 順天堂大学医学部 卒業 2021年"",""url"":""https://www.iidabashi-eye.com/doctor/index.html"",""year"":2021}],""graduation_year"":null,""hot_status"":""集客投資シグナルあり"",""hp_candidates"":[],""hp_checked_at"":""2026-09-17T07:28:51.214650+00:00"",""hp_identity_pages"":[""https://www.iidabashi-eye.com/""],""hp_match_reason"":[""電話番号一致"",""医院名がページ見出しに一致"",""院長名一致""],""hp_match_score"":110,""hp_rank"":""B"",""hp_rank_reasons"":[{""feature"":""HTTPS"",""points"":1},{""feature"":""スマホviewport"",""points"":1},{""feature"":""Web予約導線"",""points"":2},{""feature"":""治療専用ページ"",""points"":3},{""feature"":""写真"",""points"":1},{""feature"":""料金情報"",""points"":1},{""feature"":""問合せCTA"",""points"":1},{""feature"":""SNS導線"",""points"":1}],""hp_rank_version"":""hp-content-1"",""hp_score"":11,""hp_status"":""VERIFIED"",""hp_url"":""https://www.iidabashi-eye.com/"",""hp_verified"":true,""license_evidence"":[{""doctor_name"":""吉野　真未"",""evidence"":""1994年 東海大学 医学部 卒業/医師国家試験合格"",""url"":""https://www.iidabashi-eye.com/doctor/index.html"",""year"":1994},{""doctor_name"":""吉野　真未"",""evidence"":""医師国家試験合格 慶應義塾大学 医学部 眼科学教室 入局 1996年"",""url"":""https://www.iidabashi-eye.com/doctor/index.html"",""year"":1996}],""license_registration_year"":null,""marketing_signal_count"":1,""marketing_signals"":[{""evidence"":""詳細はこちらをご覧ください NEW!! 【オンライン診療終了のお知らせ】 諸般の事情により、当院でのオンライン診療は終了いたしました。 詳細はこちらをご覧ください → https://www.iidabashi-eye.com/online/index.html"",""evidence_type"":""公式HPリンク"",""evidence_url"":""https://www.iidabashi-eye.com/"",""name"":""オンライン診療"",""status"":""CONFIRMED""}],""research_error"":"""",""research_status"":""SUCCESS"",""treatment_categories"":[""白内障"",""緑内障""],""treatment_confidence"":{""白内障"":0.98,""緑内障"":0.98},""treatment_evidence"":[{""category"":""白内障"",""confidence"":0.98,""hot"":false,""keyword"":""白内障手術"",""label"":""白内障手術についてのご案内"",""reason"":""HOMEの治療メニュー・タブ"",""source"":""HOME_MENU"",""url"":""https://www.iidabashi-eye.com/#hakunai""},{""category"":""白内障"",""confidence"":0.98,""hot"":false,""keyword"":""白内障"",""label"":""白内障 白内障"",""reason"":""HOMEの治療メニュー・タブ"",""source"":""HOME_MENU"",""url"":""https://www.iidabashi-eye.com/treatment/index.html#hakunai""},{""category"":""緑内障"",""confidence"":0.98,""hot"":false,""keyword"":""緑内障"",""label"":""緑内障 緑内障"",""reason"":""HOMEの治療メニュー・タブ"",""source"":""HOME_MENU"",""url"":""https://www.iidabashi-eye.com/treatment/index.html#ryokunai""},{""category"":""白内障"",""confidence"":0.98,""hot"":false,""keyword"":""白内障手術"",""label"":""白内障手術についてのご案内"",""reason"":""医院紹介・診療案内の治療メニュー・タブ"",""source"":""INTRO_MENU"",""url"":""https://www.iidabashi-eye.com/index.html#hakunai""},{""category"":""白内障"",""confidence"":0.98,""hot"":false,""keyword"":""白内障"",""label"":""白内障 白内障"",""reason"":""医院紹介・診療案内の治療メニュー・タブ"",""source"":""INTRO_MENU"",""url"":""https://www.iidabashi-eye.com/treatment/index.html#hakunai""},{""category"":""緑内障"",""confidence"":0.98,""hot"":false,""keyword"":""緑内障"",""label"":""緑内障 緑内障"",""reason"":""医院紹介・診療案内の治療メニュー・タブ"",""source"":""INTRO_MENU"",""url"":""https://www.iidabashi-eye.com/treatment/index.html#ryokunai""}],""treatment_name_hot"":false,""treatment_name_hot_categories"":[]}"
85,半蔵門モロオカクリニック,http://www.morooka-clinic.jp/,SUCCESS,VERIFIED,C,4,,,,,0,,通常,,,,[],,,"{""age_estimation_confidence"":""UNKNOWN"",""age_estimation_reason"":""指定年月日は開業時期の根拠であり院長年齢ではないため、HPの院長経歴まで確認したが卒業年/医籍年を取得できませんでした。"",""age_estimation_source"":""厚生局指定年月日 2003-04-25 を確認（年齢は直接算出不可）"",""age_estimation_year"":2026,""age_master_context"":{""designation_date"":""2003-04-25"",""owner_manager_equal"":true,""registration_reason"":""移動""},""age_probability_under_59"":null,""crawl_errors"":[],""doctor_name"":""額田　えりの"",""graduation_evidence"":[],""graduation_year"":null,""hot_status"":""通常"",""hp_candidates"":[],""hp_checked_at"":""2026-09-17T07:29:49.121210+00:00"",""hp_identity_pages"":[""http://www.morooka-clinic.jp/""],""hp_match_reason"":[""電話番号一致"",""医院名がページ見出しに一致""],""hp_match_score"":90,""hp_rank"":""C"",""hp_rank_reasons"":[{""feature"":""スマホviewport"",""points"":1},{""feature"":""写真"",""points"":1},{""feature"":""料金情報"",""points"":1},{""feature"":""問合せCTA"",""points"":1}],""hp_rank_version"":""hp-content-1"",""hp_score"":4,""hp_status"":""VERIFIED"",""hp_url"":""http://www.morooka-clinic.jp/"",""hp_verified"":true,""license_evidence"":[],""license_registration_year"":null,""marketing_signal_count"":0,""marketing_signals"":[],""research_error"":"""",""research_status"":""SUCCESS"",""treatment_categories"":[],""treatment_confidence"":{},""treatment_evidence"":[],""treatment_name_hot"":false,""treatment_name_hot_categories"":[]}"
86,日本医科大学呼吸ケアクリニック,https://www.nms.ac.jp/rcc/,REVIEW,REVIEW,UNKNOWN,0,,,,,0,,通常,,,,"[{""reason"": ""別ドメインへのリダイレクトを停止しました。"", ""url"": ""https://www.nms.ac.jp/rcc/""}]",,,"{""crawl_errors"":[{""reason"":""別ドメインへのリダイレクトを停止しました。"",""url"":""https://www.nms.ac.jp/rcc/""}],""hot_status"":""通常"",""hp_candidates"":[{""address_match"":false,""name_match"":false,""phone_match"":false,""reasons"":[""医院の本人確認情報が不足""],""score"":0,""url"":""https://www.nms.ac.jp/"",""verified"":false}],""hp_checked_at"":""2026-09-17T07:29:52.551758+00:00"",""hp_identity_pages"":[],""hp_match_reason"":[""候補ページの本人確認・取得を完了できませんでした。""],""hp_match_score"":0,""hp_rank"":""UNKNOWN"",""hp_rank_reasons"":[],""hp_score"":0,""hp_status"":""REVIEW"",""hp_url"":"""",""hp_verified"":false,""marketing_signal_count"":0,""marketing_signals"":[],""research_error"":"""",""research_status"":""REVIEW"",""treatment_categories"":[],""treatment_confidence"":{},""treatment_evidence"":[]}"
88,医療法人社団　久信会　日比谷ヒフ科クリニック,https://www.hibiya-skin.com/hibiya/,SUCCESS,VERIFIED,A,12,皮膚科,,,,5,Medical DOC掲載 / マイナビ記事掲載 / 地域ドクターズ掲載 / Instagram公式運用 / LINE公式運用,かなりアツい,,,,[],,,"{""age_estimation_confidence"":""REVIEW"",""age_estimation_reason"":""院長本人の卒業年/医籍年候補が複数または矛盾しています。指定年月日では年齢を確定できないため要確認。"",""age_estimation_source"":""UNKNOWN"",""age_estimation_year"":2026,""age_master_context"":{""designation_date"":""2004-09-01"",""owner_manager_equal"":false,""registration_reason"":""組織変更""},""age_probability_under_59"":null,""crawl_errors"":[],""doctor_name"":""松本　真理子"",""graduation_evidence"":[{""doctor_name"":""松本　真理子"",""evidence"":""1992年3月 東邦大学医学部 卒業"",""url"":""https://www.hibiya-skin.com/doctor/"",""year"":1992},{""doctor_name"":""松本　真理子"",""evidence"":""大学医学部 卒業 2004年"",""url"":""https://www.hibiya-skin.com/doctor/"",""year"":2004}],""graduation_year"":null,""hot_status"":""かなりアツい"",""hp_candidates"":[],""hp_checked_at"":""2026-09-17T07:30:09.323503+00:00"",""hp_identity_pages"":[""https://www.hibiya-skin.com/hibiya/""],""hp_match_reason"":[""電話番号一致"",""医院名がページ見出しに一致"",""院長名一致""],""hp_match_score"":110,""hp_rank"":""A"",""hp_rank_reasons"":[{""feature"":""HTTPS"",""points"":1},{""feature"":""スマホviewport"",""points"":1},{""feature"":""Web予約導線"",""points"":2},{""feature"":""LINE導線"",""points"":1},{""feature"":""治療専用ページ"",""points"":3},{""feature"":""写真"",""points"":1},{""feature"":""料金情報"",""points"":1},{""feature"":""問合せCTA"",""points"":1},{""feature"":""SNS導線"",""points"":1}],""hp_rank_version"":""hp-content-1"",""hp_score"":12,""hp_status"":""VERIFIED"",""hp_url"":""https://www.hibiya-skin.com/hibiya/"",""hp_verified"":true,""license_evidence"":[],""license_registration_year"":null,""marketing_signal_count"":5,""marketing_signals"":[{""evidence"":""増岡院長がトレンディエンジェル斎藤司さんとAGA治療についての対談を行いました → https://medicaldoc.jp/special/saito_aga/"",""evidence_type"":""公式HP内リンク"",""evidence_url"":""https://www.hibiya-skin.com/"",""name"":""Medical DOC掲載"",""status"":""CONFIRMED""},{""evidence"":""マイナビ クリニックナビに当院が紹介されました！ → https://clinic.mynavi.jp/article/tokyo_hyperhidrosis-treatment/"",""evidence_type"":""公式HP内リンク"",""evidence_url"":""https://www.hibiya-skin.com/"",""name"":""マイナビ記事掲載"",""status"":""CONFIRMED""},{""evidence"":""東京ドクターズinterview → https://yoyaku.tokyo-doctors.com/clinicList/42652/"",""evidence_type"":""公式HP内リンク"",""evidence_url"":""https://www.hibiya-skin.com/"",""name"":""地域ドクターズ掲載"",""status"":""CONFIRMED""},{""evidence"":""https://www.instagram.com/hibiyaskinclinic/"",""evidence_type"":""公式HP左右/固定バナー"",""evidence_url"":""https://www.hibiya-skin.com/hibiya/"",""name"":""Instagram公式運用"",""status"":""CONFIRMED""},{""evidence"":""https://lin.ee/MNCtjNF"",""evidence_type"":""公式HP左右/固定バナー"",""evidence_url"":""https://www.hibiya-skin.com/hibiya/"",""name"":""LINE公式運用"",""status"":""CONFIRMED""}],""research_error"":"""",""research_status"":""SUCCESS"",""treatment_categories"":[""皮膚科""],""treatment_confidence"":{""皮膚科"":0.98},""treatment_evidence"":[{""category"":""皮膚科"",""confidence"":0.98,""hot"":false,""keyword"":""皮膚科"",""label"":""蒲田グランデュオ皮膚科"",""reason"":""HOMEの治療メニュー・タブ"",""source"":""HOME_MENU"",""url"":""https://www.hibiya-skin.com/kamata/""},{""category"":""皮膚科"",""confidence"":0.98,""hot"":false,""keyword"":""皮膚科"",""label"":""品川駅前皮膚科"",""reason"":""HOMEの治療メニュー・タブ"",""source"":""HOME_MENU"",""url"":""https://www.hibiya-skin.com/shinagawa/""},{""category"":""皮膚科"",""confidence"":0.98,""hot"":false,""keyword"":""皮膚科"",""label"":""駅チカの皮膚科なら日比谷ヒフ科クリニック トップ"",""reason"":""HOMEの治療メニュー・タブ"",""source"":""HOME_MENU"",""url"":""https://www.hibiya-skin.com/""},{""category"":""皮膚科"",""confidence"":0.98,""hot"":false,""keyword"":""ニキビ"",""label"":""ニキビ"",""reason"":""HOMEの治療メニュー・タブ"",""source"":""HOME_MENU"",""url"":""https://www.hibiya-skin.com/subject/nikibi.html""},{""category"":""皮膚科"",""confidence"":0.98,""hot"":false,""keyword"":""ニキビ"",""label"":""ニキビ・ニキビ痕"",""reason"":""HOMEの治療メニュー・タブ"",""source"":""HOME_MENU"",""url"":""https://www.hibiya-skin.com/subject/nikibi.html""},{""category"":""皮膚科"",""confidence"":0.98,""hot"":false,""keyword"":""皮膚科"",""label"":""蒲田グランデュオ皮膚科"",""reason"":""医院紹介・診療案内の治療メニュー・タブ"",""source"":""INTRO_MENU"",""url"":""https://www.hibiya-skin.com/kamata/""},{""category"":""皮膚科"",""confidence"":0.98,""hot"":false,""keyword"":""皮膚科"",""label"":""品川駅前皮膚科"",""reason"":""医院紹介・診療案内の治療メニュー・タブ"",""source"":""INTRO_MENU"",""url"":""https://www.hibiya-skin.com/shinagawa/""},{""category"":""皮膚科"",""confidence"":0.98,""hot"":false,""keyword"":""皮膚科"",""label"":""駅チカの皮膚科なら日比谷ヒフ科クリニック トップ"",""reason"":""医院紹介・診療案内の治療メニュー・タブ"",""source"":""INTRO_MENU"",""url"":""https://www.hibiya-skin.com/""},{""category"":""皮膚科"",""confidence"":0.98,""hot"":false,""keyword"":""皮膚科"",""label"":""一般皮膚科（保険診療）"",""reason"":""医院紹介・診療案内の治療メニュー・タブ"",""source"":""INTRO_MENU"",""url"":""https://www.hibiya-skin.com/subject/#anc01""},{""category"":""皮膚科"",""confidence"":0.98,""hot"":false,""keyword"":""美容皮膚科"",""label"":""美容皮膚科（保険外 診療 ）"",""reason"":""医院紹介・診療案内の治療メニュー・タブ"",""source"":""INTRO_MENU"",""url"":""https://www.hibiya-skin.com/subject/#anc02""},{""category"":""皮膚科"",""confidence"":0.98,""hot"":false,""keyword"":""ニキビ"",""label"":""ニキビ"",""reason"":""医院紹介・診療案内の治療メニュー・タブ"",""source"":""INTRO_MENU"",""url"":""https://www.hibiya-skin.com/subject/nikibi.html""},{""category"":""皮膚科"",""confidence"":0.98,""hot"":false,""keyword"":""ニキビ"",""label"":""ニキビ・ニキビ痕"",""reason"":""医院紹介・診療案内の治療メニュー・タブ"",""source"":""INTRO_MENU"",""url"":""https://www.hibiya-skin.com/subject/nikibi.html""},{""category"":""皮膚科"",""confidence"":0.96,""hot"":false,""keyword"":""皮膚科"",""label"":""駅チカの皮膚科なら日比谷ヒフ科クリニック"",""reason"":""治療メニューから直接リンクされた独立ページの主見出し"",""source"":""DEDICATED_PAGE"",""url"":""https://www.hibiya-skin.com/""},{""category"":""皮膚科"",""confidence"":0.96,""hot"":false,""keyword"":""皮膚科"",""label"":""蒲田駅直結の皮膚科｜蒲田グランデュオ皮膚科"",""reason"":""治療メニューから直接リンクされた独立ページの主見出し"",""source"":""DEDICATED_PAGE"",""url"":""https://www.hibiya-skin.com/kamata/""},{""category"":""皮膚科"",""confidence"":0.96,""hot"":false,""keyword"":""皮膚科"",""label"":""品川駅前の皮膚科｜品川駅前皮膚科"",""reason"":""治療メニューから直接リンクされた独立ページの主見出し"",""source"":""DEDICATED_PAGE"",""url"":""https://www.hibiya-skin.com/shinagawa/""}],""treatment_name_hot"":false,""treatment_name_hot_categories"":[]}"
91,医療法人社団　荘和会　半蔵門胃腸クリニック,http://hanzomon-icho-clinic.com/,SUCCESS,VERIFIED,D,2,,,,,0,,通常,,,,[],,,"{""age_estimation_confidence"":""REVIEW"",""age_estimation_reason"":""院長本人の卒業年/医籍年候補が複数または矛盾しています。指定年月日では年齢を確定できないため要確認。"",""age_estimation_source"":""UNKNOWN"",""age_estimation_year"":2026,""age_master_context"":{""designation_date"":""2004-10-01"",""owner_manager_equal"":true,""registration_reason"":""組織変更""},""age_probability_under_59"":null,""crawl_errors"":[],""doctor_name"":""掛谷　和俊"",""graduation_evidence"":[{""doctor_name"":""掛谷　和俊"",""evidence"":""1982年宮崎大学医学部卒業"",""url"":""https://hanzomon-icho-clinic.com/"",""year"":1982},{""doctor_name"":""掛谷　和俊"",""evidence"":""1982年宮崎大学医学部卒業"",""url"":""https://hanzomon-icho-clinic.com/index.html"",""year"":1982},{""doctor_name"":""掛谷　和俊"",""evidence"":""1982年宮崎大学医学部卒業"",""url"":""https://hanzomon-icho-clinic.com/doctor.html"",""year"":1982},{""doctor_name"":""掛谷　和俊"",""evidence"":""1960年順天堂大学医学部卒業"",""url"":""https://hanzomon-icho-clinic.com/doctor.html"",""year"":1960}],""graduation_year"":null,""hot_status"":""通常"",""hp_candidates"":[],""hp_checked_at"":""2026-09-17T07:30:17.863427+00:00"",""hp_identity_pages"":[""https://hanzomon-icho-clinic.com/""],""hp_match_reason"":[""電話番号一致"",""医院名がページ見出しに一致"",""院長名一致""],""hp_match_score"":110,""hp_rank"":""D"",""hp_rank_reasons"":[{""feature"":""HTTPS"",""points"":1},{""feature"":""写真"",""points"":1}],""hp_rank_version"":""hp-content-1"",""hp_score"":2,""hp_status"":""VERIFIED"",""hp_url"":""https://hanzomon-icho-clinic.com/"",""hp_verified"":true,""license_evidence"":[],""license_registration_year"":null,""marketing_signal_count"":0,""marketing_signals"":[],""research_error"":"""",""research_status"":""SUCCESS"",""treatment_categories"":[],""treatment_confidence"":{},""treatment_evidence"":[],""treatment_name_hot"":false,""treatment_name_hot_categories"":[]}"
92,永田町つばさクリニック,http://tousyoukai.com/aeccaaaaafafaffa/,ERROR,ERROR,UNKNOWN,0,,,,,0,,通常,,,,"[{""reason"": ""接続・SSL・タイムアウトのエラーです。"", ""url"": ""http://tousyoukai.com/aeccaaaaafafaffa/""}, {""reason"": ""接続・SSL・タイムアウトのエラーです。"", ""url"": ""http://tousyoukai.com/""}]",,,"{""crawl_errors"":[{""reason"":""接続・SSL・タイムアウトのエラーです。"",""url"":""http://tousyoukai.com/aeccaaaaafafaffa/""},{""reason"":""接続・SSL・タイムアウトのエラーです。"",""url"":""http://tousyoukai.com/""}],""hot_status"":""通常"",""hp_candidates"":[],""hp_checked_at"":""2026-09-17T07:30:30.020362+00:00"",""hp_identity_pages"":[],""hp_match_reason"":[""候補ページの本人確認・取得を完了できませんでした。""],""hp_match_score"":0,""hp_rank"":""UNKNOWN"",""hp_rank_reasons"":[],""hp_score"":0,""hp_status"":""ERROR"",""hp_url"":"""",""hp_verified"":false,""marketing_signal_count"":0,""marketing_signals"":[],""research_error"":"""",""research_status"":""ERROR"",""treatment_categories"":[],""treatment_confidence"":{},""treatment_evidence"":[]}"
93,ホテルニューオータニ診療所,https://www.newotani.co.jp/tokyo/facility/clinic-newotani/,REVIEW,REVIEW,UNKNOWN,0,,,,,0,,通常,,,,[],,,"{""crawl_errors"":[],""hot_status"":""通常"",""hp_candidates"":[{""address_match"":false,""name_match"":false,""phone_match"":true,""reasons"":[""電話番号一致"",""院長名一致""],""score"":70,""url"":""https://www.newotani.co.jp/tokyo/facility/clinic-newotani/"",""verified"":false},{""address_match"":false,""name_match"":false,""phone_match"":false,""reasons"":[""医院の本人確認情報が不足""],""score"":0,""url"":""https://www.newotani.co.jp/"",""verified"":false}],""hp_checked_at"":""2026-09-17T07:30:33.925943+00:00"",""hp_identity_pages"":[],""hp_match_reason"":[""候補ページの本人確認・取得を完了できませんでした。""],""hp_match_score"":0,""hp_rank"":""UNKNOWN"",""hp_rank_reasons"":[],""hp_score"":0,""hp_status"":""REVIEW"",""hp_url"":"""",""hp_verified"":false,""marketing_signal_count"":0,""marketing_signals"":[],""research_error"":"""",""research_status"":""REVIEW"",""treatment_categories"":[],""treatment_confidence"":{},""treatment_evidence"":[]}"
96,医療法人社団　ＩＬＣ会　一番町レディースクリニック,http://www.1-ilc.com/,SUCCESS,VERIFIED,A,12,皮膚科,,,,3,Doctors File掲載 / HP制作会社の制作実績 / Instagram公式運用,かなりアツい,,,,[],,,"{""age_estimation_confidence"":""UNKNOWN"",""age_estimation_reason"":""指定年月日は開業時期の根拠であり院長年齢ではないため、HPの院長経歴まで確認したが卒業年/医籍年を取得できませんでした。"",""age_estimation_source"":""厚生局指定年月日 2005-03-14 を確認（年齢は直接算出不可）"",""age_estimation_year"":2026,""age_master_context"":{""designation_date"":""2005-03-14"",""owner_manager_equal"":true,""registration_reason"":""組織変更""},""age_probability_under_59"":null,""crawl_errors"":[],""doctor_name"":""飯田　晋也"",""graduation_evidence"":[],""graduation_year"":null,""hot_status"":""かなりアツい"",""hp_candidates"":[],""hp_checked_at"":""2026-09-17T07:30:57.372495+00:00"",""hp_identity_pages"":[""https://www.1-ilc.com/""],""hp_match_reason"":[""電話番号一致"",""医院名がページ見出しに一致""],""hp_match_score"":90,""hp_rank"":""A"",""hp_rank_reasons"":[{""feature"":""HTTPS"",""points"":1},{""feature"":""スマホviewport"",""points"":1},{""feature"":""Web予約導線"",""points"":2},{""feature"":""治療専用ページ"",""points"":3},{""feature"":""院長プロフィール"",""points"":2},{""feature"":""写真"",""points"":1},{""feature"":""問合せCTA"",""points"":1},{""feature"":""SNS導線"",""points"":1}],""hp_rank_version"":""hp-content-1"",""hp_score"":12,""hp_status"":""VERIFIED"",""hp_url"":""https://www.1-ilc.com/"",""hp_verified"":true,""license_evidence"":[],""license_registration_year"":null,""marketing_signal_count"":3,""marketing_signals"":[{""evidence"":""Doctors File クリニックホームページ制作 クリニックホームページ制作 → https://doctorsfile.jp/h/29268/"",""evidence_type"":""公式HP左右/固定バナー"",""evidence_url"":""https://www.1-ilc.com/"",""name"":""Doctors File掲載"",""status"":""CONFIRMED""},{""evidence"":""Doctors File クリニックホームページ制作 クリニックホームページ制作 → https://doctorsfile.jp/h/29268/"",""evidence_type"":""公式HP左右/固定バナー"",""evidence_url"":""https://www.1-ilc.com/"",""name"":""HP制作会社の制作実績"",""status"":""CONFIRMED""},{""evidence"":""https://instagram.com/ilc.clinic?igshid=OGQ5ZDc2ODk2ZA=="",""evidence_type"":""公式HPリンク"",""evidence_url"":""https://www.1-ilc.com/"",""name"":""Instagram公式運用"",""status"":""CONFIRMED""}],""research_error"":"""",""research_status"":""SUCCESS"",""treatment_categories"":[""皮膚科""],""treatment_confidence"":{""皮膚科"":0.98},""treatment_evidence"":[{""category"":""皮膚科"",""confidence"":0.98,""hot"":false,""keyword"":""皮膚科"",""label"":""皮膚科"",""reason"":""HOMEの治療メニュー・タブ"",""source"":""HOME_MENU"",""url"":""https://www.1-ilc.com/dermatology""},{""category"":""皮膚科"",""confidence"":0.98,""hot"":false,""keyword"":""皮膚科"",""label"":""皮膚科"",""reason"":""医院紹介・診療案内の治療メニュー・タブ"",""source"":""INTRO_MENU"",""url"":""https://www.1-ilc.com/dermatology""}],""treatment_name_hot"":false,""treatment_name_hot_categories"":[]}"
97,中田クリニック,http://www.nakata-clinic.jp/,SUCCESS,VERIFIED,C,7,,,,,0,,通常,,,,[],,,"{""age_estimation_confidence"":""REVIEW"",""age_estimation_reason"":""院長本人の卒業年/医籍年候補が複数または矛盾しています。指定年月日では年齢を確定できないため要確認。"",""age_estimation_source"":""UNKNOWN"",""age_estimation_year"":2026,""age_master_context"":{""designation_date"":""2005-09-01"",""owner_manager_equal"":true,""registration_reason"":""新規""},""age_probability_under_59"":null,""crawl_errors"":[],""doctor_name"":""中田　紘一郎"",""graduation_evidence"":[{""doctor_name"":""中田　紘一郎"",""evidence"":""1968年: 順天堂大学医学部卒業"",""url"":""https://nakata-clinic.jp/message/"",""year"":1968},{""doctor_name"":""中田　紘一郎"",""evidence"":""大学呼吸器内科客員教授 略歴 1968年: 順天堂大学医学部卒業 1971年"",""url"":""https://nakata-clinic.jp/message/"",""year"":1971}],""graduation_year"":null,""hot_status"":""通常"",""hp_candidates"":[],""hp_checked_at"":""2026-09-17T07:31:06.663254+00:00"",""hp_identity_pages"":[""https://nakata-clinic.jp/""],""hp_match_reason"":[""電話番号一致"",""医院名がページ見出しに一致""],""hp_match_score"":90,""hp_rank"":""C"",""hp_rank_reasons"":[{""feature"":""HTTPS"",""points"":1},{""feature"":""スマホviewport"",""points"":1},{""feature"":""院長プロフィール"",""points"":2},{""feature"":""写真"",""points"":1},{""feature"":""料金情報"",""points"":1},{""feature"":""問合せCTA"",""points"":1}],""hp_rank_version"":""hp-content-1"",""hp_score"":7,""hp_status"":""VERIFIED"",""hp_url"":""https://nakata-clinic.jp/"",""hp_verified"":true,""license_evidence"":[],""license_registration_year"":null,""marketing_signal_count"":0,""marketing_signals"":[],""research_error"":"""",""research_status"":""SUCCESS"",""treatment_categories"":[],""treatment_confidence"":{},""treatment_evidence"":[],""treatment_name_hot"":false,""treatment_name_hot_categories"":[]}"
98,医療法人社団　大森会　クリニカ市ヶ谷,https://clinica-ichigaya.com/,SUCCESS,VERIFIED,A,14,内視鏡 / 皮膚科,,,,3,Instagram公式運用 / LINE公式運用 / 治療専門サイト,かなりアツい,,,,[],,,"{""age_estimation_confidence"":""REVIEW"",""age_estimation_reason"":""院長本人の卒業年/医籍年候補が複数または矛盾しています。指定年月日では年齢を確定できないため要確認。"",""age_estimation_source"":""UNKNOWN"",""age_estimation_year"":2026,""age_master_context"":{""designation_date"":""2005-10-01"",""owner_manager_equal"":true,""registration_reason"":""新規""},""age_probability_under_59"":null,""crawl_errors"":[],""doctor_name"":""倉片　優"",""graduation_evidence"":[{""doctor_name"":""倉片　優"",""evidence"":""1988年 東海大学医学部卒業"",""url"":""https://clinica-ichigaya.com/dr/"",""year"":1988},{""doctor_name"":""倉片　優"",""evidence"":""2001年 東京大学医学部医学科卒業"",""url"":""https://clinica-ichigaya.com/dr/"",""year"":2001},{""doctor_name"":""倉片　優"",""evidence"":""2006年 岐阜大学医学部卒業"",""url"":""https://clinica-ichigaya.com/dr/"",""year"":2006},{""doctor_name"":""倉片　優"",""evidence"":""大学医学部卒業 2008年"",""url"":""https://clinica-ichigaya.com/dr/"",""year"":2008},{""doctor_name"":""倉片　優"",""evidence"":""1988年 東海大学医学部卒業"",""url"":""https://clinica-ichigaya.com/dr/index.php"",""year"":1988},{""doctor_name"":""倉片　優"",""evidence"":""2001年 東京大学医学部医学科卒業"",""url"":""https://clinica-ichigaya.com/dr/index.php"",""year"":2001},{""doctor_name"":""倉片　優"",""evidence"":""2006年 岐阜大学医学部卒業"",""url"":""https://clinica-ichigaya.com/dr/index.php"",""year"":2006},{""doctor_name"":""倉片　優"",""evidence"":""大学医学部卒業 2008年"",""url"":""https://clinica-ichigaya.com/dr/index.php"",""year"":2008}],""graduation_year"":null,""hot_status"":""かなりアツい"",""hp_candidates"":[],""hp_checked_at"":""2026-09-17T07:31:25.445823+00:00"",""hp_identity_pages"":[""https://clinica-ichigaya.com/""],""hp_match_reason"":[""電話番号一致"",""医院名がページ見出しに一致"",""住所一致"",""院長名一致""],""hp_match_score"":140,""hp_rank"":""A"",""hp_rank_reasons"":[{""feature"":""HTTPS"",""points"":1},{""feature"":""スマホviewport"",""points"":1},{""feature"":""Web予約導線"",""points"":2},{""feature"":""LINE導線"",""points"":1},{""feature"":""治療専用ページ"",""points"":3},{""feature"":""写真"",""points"":1},{""feature"":""料金情報"",""points"":1},{""feature"":""問合せCTA"",""points"":1},{""feature"":""SNS導線"",""points"":1},{""feature"":""独自LP・専門サイト"",""points"":2}],""hp_rank_version"":""hp-content-1"",""hp_score"":14,""hp_status"":""VERIFIED"",""hp_url"":""https://clinica-ichigaya.com/"",""hp_verified"":true,""license_evidence"":[],""license_registration_year"":null,""marketing_signal_count"":3,""marketing_signals"":[{""evidence"":""https://www.instagram.com/clinica_ichigaya_maxillofacial/"",""evidence_type"":""公式HP左右サイド"",""evidence_url"":""https://clinica-ichigaya.com/"",""name"":""Instagram公式運用"",""status"":""CONFIRMED""},{""evidence"":""https://line.me/R/ti/p/%40gaw1163o"",""evidence_type"":""公式HP左右サイド"",""evidence_url"":""https://clinica-ichigaya.com/"",""name"":""LINE公式運用"",""status"":""CONFIRMED""},{""evidence"":""https://kotsukiri.com/"",""evidence_type"":""公式HP左右/固定バナー"",""evidence_url"":""https://clinica-ichigaya.com/"",""name"":""治療専門サイト"",""status"":""CONFIRMED""}],""research_error"":"""",""research_status"":""SUCCESS"",""treatment_categories"":[""内視鏡"",""皮膚科""],""treatment_confidence"":{""内視鏡"":0.98,""皮膚科"":0.98},""treatment_evidence"":[{""category"":""皮膚科"",""confidence"":0.98,""hot"":false,""keyword"":""美容皮膚科"",""label"":""美容皮膚科"",""reason"":""HOMEの治療メニュー・タブ"",""source"":""HOME_MENU"",""url"":""https://clinica-ichigaya.com/treatment02/""},{""category"":""皮膚科"",""confidence"":0.98,""hot"":false,""keyword"":""ニキビ"",""label"":""ニキビ跡 お肌の真皮層に直接アプローチして毛穴レスのハリ・ツヤ陶器肌へ。"",""reason"":""HOMEの治療メニュー・タブ"",""source"":""HOME_MENU"",""url"":""https://clinica-ichigaya.com/treatment02/nikibi_intra.php""},{""category"":""内視鏡"",""confidence"":0.98,""hot"":false,""keyword"":""内視鏡"",""label"":""内視鏡下前額徐皺術"",""reason"":""HOMEの治療メニュー・タブ"",""source"":""HOME_MENU"",""url"":""https://clinica-ichigaya.com/treatment/shiwa_naishikyo.php""},{""category"":""皮膚科"",""confidence"":0.98,""hot"":false,""keyword"":""美容皮膚科"",""label"":""美容皮膚科"",""reason"":""医院紹介・診療案内の治療メニュー・タブ"",""source"":""INTRO_MENU"",""url"":""https://clinica-ichigaya.com/treatment02/""},{""category"":""内視鏡"",""confidence"":0.98,""hot"":false,""keyword"":""内視鏡"",""label"":""内視鏡下前額除皺術 傷跡が目立たない額のシワ取り手術です。"",""reason"":""医院紹介・診療案内の治療メニュー・タブ"",""source"":""INTRO_MENU"",""url"":""https://clinica-ichigaya.com/treatment/shiwa_naishikyo.php""},{""category"":""内視鏡"",""confidence"":0.98,""hot"":false,""keyword"":""内視鏡"",""label"":""内視鏡下前額徐皺術"",""reason"":""医院紹介・診療案内の治療メニュー・タブ"",""source"":""INTRO_MENU"",""url"":""https://clinica-ichigaya.com/treatment/shiwa_naishikyo.php""},{""category"":""皮膚科"",""confidence"":0.96,""hot"":false,""keyword"":""美容皮膚科"",""label"":""美容皮膚科、スキンケア、美肌、シワ、ニキビ、シミ、ほくろ、イボ、リフトアップ、ボディ、コスメなどはクリニカ市ヶ谷へ"",""reason"":""治療メニューから直接リンクされた独立ページの主見出し"",""source"":""DEDICATED_PAGE"",""url"":""https://clinica-ichigaya.com/treatment02/""}],""treatment_name_hot"":false,""treatment_name_hot_categories"":[]}"
99,水道橋メディカルクリニック,http://www.suidoubashimedical.com/,SUCCESS,VERIFIED,B,8,循環器内科,1986,,0.0,0,,通常,,,,[],,,"{""age_estimation_confidence"":""MODEL_ESTIMATE"",""age_estimation_reason"":""指定年月日を先に確認し、年齢を直接算出できないため院長本人の医籍年/大学卒業年から仮定分布で59歳以下確率を推定。"",""age_estimation_source"":""https://www.suidoubashimedical.com/history.html"",""age_estimation_year"":2026,""age_master_context"":{""designation_date"":""2005-11-01"",""owner_manager_equal"":true,""registration_reason"":""新規""},""age_probability_under_59"":0.0,""crawl_errors"":[],""doctor_name"":""砂山　聡"",""graduation_evidence"":[{""doctor_name"":""砂山　聡"",""evidence"":""1986年3月 順天堂大学医学部卒業"",""url"":""https://www.suidoubashimedical.com/history.html"",""year"":1986}],""graduation_year"":1986,""hot_status"":""通常"",""hp_candidates"":[],""hp_checked_at"":""2026-09-17T07:31:38.668353+00:00"",""hp_identity_pages"":[""https://www.suidoubashimedical.com/""],""hp_match_reason"":[""電話番号一致"",""医院名がページ見出しに一致""],""hp_match_score"":90,""hp_rank"":""B"",""hp_rank_reasons"":[{""feature"":""HTTPS"",""points"":1},{""feature"":""スマホviewport"",""points"":1},{""feature"":""治療専用ページ"",""points"":3},{""feature"":""写真"",""points"":1},{""feature"":""料金情報"",""points"":1},{""feature"":""問合せCTA"",""points"":1}],""hp_rank_version"":""hp-content-1"",""hp_score"":8,""hp_status"":""VERIFIED"",""hp_url"":""https://www.suidoubashimedical.com/"",""hp_verified"":true,""license_evidence"":[],""license_registration_year"":null,""marketing_signal_count"":0,""marketing_signals"":[],""research_error"":"""",""research_status"":""SUCCESS"",""treatment_categories"":[""循環器内科""],""treatment_confidence"":{""循環器内科"":0.98},""treatment_evidence"":[{""category"":""循環器内科"",""confidence"":0.98,""hot"":false,""keyword"":""ホルター心電図"",""label"":""ホルター心電図検査 ホルター心電図検査"",""reason"":""HOMEの治療メニュー・タブ"",""source"":""HOME_MENU"",""url"":""https://www.suidoubashimedical.com/clinic_holter.html""}],""treatment_name_hot"":false,""treatment_name_hot_categories"":[]}"
102,名倉クリニック,http://www.nagura-cl.jp/,SUCCESS,VERIFIED,C,4,,,,,0,,通常,,,,[],,,"{""age_estimation_confidence"":""UNKNOWN"",""age_estimation_reason"":""指定年月日は開業時期の根拠であり院長年齢ではないため、HPの院長経歴まで確認したが卒業年/医籍年を取得できませんでした。"",""age_estimation_source"":""厚生局指定年月日 2006-04-01 を確認（年齢は直接算出不可）"",""age_estimation_year"":2026,""age_master_context"":{""designation_date"":""2006-04-01"",""owner_manager_equal"":true,""registration_reason"":""新規""},""age_probability_under_59"":null,""crawl_errors"":[],""doctor_name"":""名倉　直秀"",""graduation_evidence"":[],""graduation_year"":null,""hot_status"":""通常"",""hp_candidates"":[],""hp_checked_at"":""2026-09-17T07:31:46.297763+00:00"",""hp_identity_pages"":[""http://www.nagura-cl.jp/""],""hp_match_reason"":[""電話番号一致"",""医院名がページ見出しに一致""],""hp_match_score"":90,""hp_rank"":""C"",""hp_rank_reasons"":[{""feature"":""スマホviewport"",""points"":1},{""feature"":""Web予約導線"",""points"":2},{""feature"":""写真"",""points"":1}],""hp_rank_version"":""hp-content-1"",""hp_score"":4,""hp_status"":""VERIFIED"",""hp_url"":""http://www.nagura-cl.jp/"",""hp_verified"":true,""license_evidence"":[],""license_registration_year"":null,""marketing_signal_count"":0,""marketing_signals"":[],""research_error"":"""",""research_status"":""SUCCESS"",""treatment_categories"":[],""treatment_confidence"":{},""treatment_evidence"":[],""treatment_name_hot"":false,""treatment_name_hot_categories"":[]}"
103,医療法人社団　亮友会　大塩医院,http://oshio-clinic.jp/,SUCCESS,VERIFIED,C,5,,,,,0,,通常,,,,[],,,"{""age_estimation_confidence"":""REVIEW"",""age_estimation_reason"":""院長本人の卒業年/医籍年候補が複数または矛盾しています。指定年月日では年齢を確定できないため要確認。"",""age_estimation_source"":""UNKNOWN"",""age_estimation_year"":2026,""age_master_context"":{""designation_date"":""2006-04-01"",""owner_manager_equal"":true,""registration_reason"":""移動""},""age_probability_under_59"":null,""crawl_errors"":[],""doctor_name"":""大塩　力"",""graduation_evidence"":[{""doctor_name"":""大塩　力"",""evidence"":""昭和39年慶応義塾大学医学部入学 昭和45年同大学を卒業"",""url"":""http://oshio-clinic.jp/drprofile2.html"",""year"":1964},{""doctor_name"":""大塩　力"",""evidence"":""大学医学部入学 昭和45年同大学を卒業、医学部助手(内科学教室) 昭和47年"",""url"":""http://oshio-clinic.jp/drprofile2.html"",""year"":1972}],""graduation_year"":null,""hot_status"":""通常"",""hp_candidates"":[],""hp_checked_at"":""2026-09-17T07:31:55.077053+00:00"",""hp_identity_pages"":[""http://oshio-clinic.jp/""],""hp_match_reason"":[""電話番号一致"",""医院名がページ見出しに一致""],""hp_match_score"":90,""hp_rank"":""C"",""hp_rank_reasons"":[{""feature"":""スマホviewport"",""points"":1},{""feature"":""院長プロフィール"",""points"":2},{""feature"":""写真"",""points"":1},{""feature"":""問合せCTA"",""points"":1}],""hp_rank_version"":""hp-content-1"",""hp_score"":5,""hp_status"":""VERIFIED"",""hp_url"":""http://oshio-clinic.jp/"",""hp_verified"":true,""license_evidence"":[],""license_registration_year"":null,""marketing_signal_count"":0,""marketing_signals"":[],""research_error"":"""",""research_status"":""SUCCESS"",""treatment_categories"":[],""treatment_confidence"":{},""treatment_evidence"":[],""treatment_name_hot"":false,""treatment_name_hot_categories"":[]}"
105,神保町メンタルクリニック,http://jimbocho-mc.com/,SUCCESS,VERIFIED,C,6,,,,,0,,通常,,,,[],,,"{""age_estimation_confidence"":""UNKNOWN"",""age_estimation_reason"":""指定年月日は開業時期の根拠であり院長年齢ではないため、HPの院長経歴まで確認したが卒業年/医籍年を取得できませんでした。"",""age_estimation_source"":""厚生局指定年月日 2006-06-01 を確認（年齢は直接算出不可）"",""age_estimation_year"":2026,""age_master_context"":{""designation_date"":""2006-06-01"",""owner_manager_equal"":true,""registration_reason"":""新規""},""age_probability_under_59"":null,""crawl_errors"":[],""doctor_name"":""夛田　幸司"",""graduation_evidence"":[],""graduation_year"":null,""hot_status"":""通常"",""hp_candidates"":[],""hp_checked_at"":""2026-09-17T07:32:11.969342+00:00"",""hp_identity_pages"":[""https://jimbocho-mc.com/""],""hp_match_reason"":[""電話番号一致"",""医院名がページ見出しに一致""],""hp_match_score"":90,""hp_rank"":""C"",""hp_rank_reasons"":[{""feature"":""HTTPS"",""points"":1},{""feature"":""スマホviewport"",""points"":1},{""feature"":""Web予約導線"",""points"":2},{""feature"":""写真"",""points"":1},{""feature"":""問合せCTA"",""points"":1}],""hp_rank_version"":""hp-content-1"",""hp_score"":6,""hp_status"":""VERIFIED"",""hp_url"":""https://jimbocho-mc.com/"",""hp_verified"":true,""license_evidence"":[],""license_registration_year"":null,""marketing_signal_count"":0,""marketing_signals"":[],""research_error"":"""",""research_status"":""SUCCESS"",""treatment_categories"":[],""treatment_confidence"":{},""treatment_evidence"":[],""treatment_name_hot"":false,""treatment_name_hot_categories"":[]}"
106,原田メンタルクリニック,http://www.harada-mentalclinic.com/index.html,SUCCESS,VERIFIED,D,2,,1983,,0.0,0,,通常,,,,[],,,"{""age_estimation_confidence"":""MODEL_ESTIMATE"",""age_estimation_reason"":""指定年月日を先に確認し、年齢を直接算出できないため院長本人の医籍年/大学卒業年から仮定分布で59歳以下確率を推定。"",""age_estimation_source"":""http://www.harada-mentalclinic.com/intro.html"",""age_estimation_year"":2026,""age_master_context"":{""designation_date"":""2006-07-01"",""owner_manager_equal"":true,""registration_reason"":""新規""},""age_probability_under_59"":0.0,""crawl_errors"":[],""doctor_name"":""原田　誠一"",""graduation_evidence"":[{""doctor_name"":""原田　誠一"",""evidence"":""1983年(昭和58年)、東京大学医学部卒業"",""url"":""http://www.harada-mentalclinic.com/intro.html"",""year"":1983}],""graduation_year"":1983,""hot_status"":""通常"",""hp_candidates"":[],""hp_checked_at"":""2026-09-17T07:32:19.506999+00:00"",""hp_identity_pages"":[""http://www.harada-mentalclinic.com/index.html""],""hp_match_reason"":[""電話番号一致"",""医院名がページ見出しに一致""],""hp_match_score"":90,""hp_rank"":""D"",""hp_rank_reasons"":[{""feature"":""写真"",""points"":1},{""feature"":""料金情報"",""points"":1}],""hp_rank_version"":""hp-content-1"",""hp_score"":2,""hp_status"":""VERIFIED"",""hp_url"":""http://www.harada-mentalclinic.com/index.html"",""hp_verified"":true,""license_evidence"":[],""license_registration_year"":null,""marketing_signal_count"":0,""marketing_signals"":[],""research_error"":"""",""research_status"":""SUCCESS"",""treatment_categories"":[],""treatment_confidence"":{},""treatment_evidence"":[],""treatment_name_hot"":false,""treatment_name_hot_categories"":[]}"
107,医療法人社団　松伯会　山王クリニック,https://www.sannoclinic.jp/,SUCCESS,VERIFIED,C,7,循環器内科,1989,,0.0,1,オンライン診療,集客投資シグナルあり,,,,[],,,"{""age_estimation_confidence"":""MODEL_ESTIMATE"",""age_estimation_reason"":""指定年月日を先に確認し、年齢を直接算出できないため院長本人の医籍年/大学卒業年から仮定分布で59歳以下確率を推定。"",""age_estimation_source"":""https://www.sannoclinic.jp/"",""age_estimation_year"":2026,""age_master_context"":{""designation_date"":""2006-10-01"",""owner_manager_equal"":false,""registration_reason"":""新規""},""age_probability_under_59"":0.0,""crawl_errors"":[],""doctor_name"":""鈴木　努"",""graduation_evidence"":[{""doctor_name"":""鈴木　努"",""evidence"":""1989年(平成元年)\t新潟大学医学部卒"",""url"":""https://www.sannoclinic.jp/"",""year"":1989}],""graduation_year"":1989,""hot_status"":""集客投資シグナルあり"",""hp_candidates"":[],""hp_checked_at"":""2026-09-17T07:32:34.598813+00:00"",""hp_identity_pages"":[""https://www.sannoclinic.jp/""],""hp_match_reason"":[""電話番号一致"",""医院名がページ見出しに一致"",""院長名一致""],""hp_match_score"":110,""hp_rank"":""C"",""hp_rank_reasons"":[{""feature"":""HTTPS"",""points"":1},{""feature"":""スマホviewport"",""points"":1},{""feature"":""治療専用ページ"",""points"":3},{""feature"":""写真"",""points"":1},{""feature"":""料金情報"",""points"":1}],""hp_rank_version"":""hp-content-1"",""hp_score"":7,""hp_status"":""VERIFIED"",""hp_url"":""https://www.sannoclinic.jp/"",""hp_verified"":true,""license_evidence"":[],""license_registration_year"":null,""marketing_signal_count"":1,""marketing_signals"":[{""evidence"":""遠隔診療 遠隔診療 ｜ 発熱外来 ｜ ENGLISH → https://www.sannoclinic.jp/online.htm"",""evidence_type"":""公式HPリンク"",""evidence_url"":""https://www.sannoclinic.jp/"",""name"":""オンライン診療"",""status"":""CONFIRMED""}],""research_error"":"""",""research_status"":""SUCCESS"",""treatment_categories"":[""循環器内科""],""treatment_confidence"":{""循環器内科"":0.98},""treatment_evidence"":[{""category"":""循環器内科"",""confidence"":0.98,""hot"":false,""keyword"":""不整脈"",""label"":""脈がとぶ（不整脈）"",""reason"":""HOMEの治療メニュー・タブ"",""source"":""HOME_MENU"",""url"":""https://www.sannoclinic.jp/arrhythmia.html""}],""treatment_name_hot"":false,""treatment_name_hot_categories"":[]}"
108,紀尾井町メディカルクリニック,http://www.kioi-mc.com/,REVIEW,REVIEW,UNKNOWN,0,,,,,0,,通常,,,,[],,,"{""crawl_errors"":[],""hot_status"":""通常"",""hp_candidates"":[{""address_match"":false,""name_match"":true,""phone_match"":false,""reasons"":[""医院名がページ見出しに一致""],""score"":40,""url"":""http://www.kioi-mc.com/"",""verified"":false}],""hp_checked_at"":""2026-09-17T07:32:35.902858+00:00"",""hp_identity_pages"":[],""hp_match_reason"":[""候補ページの本人確認・取得を完了できませんでした。""],""hp_match_score"":0,""hp_rank"":""UNKNOWN"",""hp_rank_reasons"":[],""hp_score"":0,""hp_status"":""REVIEW"",""hp_url"":"""",""hp_verified"":false,""marketing_signal_count"":0,""marketing_signals"":[],""research_error"":"""",""research_status"":""REVIEW"",""treatment_categories"":[],""treatment_confidence"":{},""treatment_evidence"":[]}"
109,医療法人社団　榊原厚生会　榊原サピアタワークリニック,http://sapiatower-clinic.jp/,SUCCESS,VERIFIED,A,14,内視鏡 / 糖尿病 / 循環器内科,,,,2,Instagram公式運用 / LINE公式運用,アツい,,,,[],,,"{""age_estimation_confidence"":""REVIEW"",""age_estimation_reason"":""院長本人の卒業年/医籍年候補が複数または矛盾しています。指定年月日では年齢を確定できないため要確認。"",""age_estimation_source"":""UNKNOWN"",""age_estimation_year"":2026,""age_master_context"":{""designation_date"":""2007-05-01"",""owner_manager_equal"":false,""registration_reason"":""新規""},""age_probability_under_59"":null,""crawl_errors"":[],""doctor_name"":""黒澤　博身"",""graduation_evidence"":[{""doctor_name"":""黒澤　博身"",""evidence"":""1969年 東北大学医学部卒業"",""url"":""https://sapiatower-clinic.jp/outpatient/cardiology/"",""year"":1969},{""doctor_name"":""黒澤　博身"",""evidence"":""大学医学部卒業 1970年"",""url"":""https://sapiatower-clinic.jp/outpatient/cardiology/"",""year"":1970}],""graduation_year"":null,""hot_status"":""アツい"",""hp_candidates"":[],""hp_checked_at"":""2026-09-17T07:32:51.294317+00:00"",""hp_identity_pages"":[""https://sapiatower-clinic.jp/""],""hp_match_reason"":[""電話番号一致"",""医院名がページ見出しに一致""],""hp_match_score"":90,""hp_rank"":""A"",""hp_rank_reasons"":[{""feature"":""HTTPS"",""points"":1},{""feature"":""スマホviewport"",""points"":1},{""feature"":""Web予約導線"",""points"":2},{""feature"":""LINE導線"",""points"":1},{""feature"":""治療専用ページ"",""points"":3},{""feature"":""院長プロフィール"",""points"":2},{""feature"":""写真"",""points"":1},{""feature"":""料金情報"",""points"":1},{""feature"":""問合せCTA"",""points"":1},{""feature"":""SNS導線"",""points"":1}],""hp_rank_version"":""hp-content-1"",""hp_score"":14,""hp_status"":""VERIFIED"",""hp_url"":""https://sapiatower-clinic.jp/"",""hp_verified"":true,""license_evidence"":[],""license_registration_year"":null,""marketing_signal_count"":2,""marketing_signals"":[{""evidence"":""https://www.instagram.com/sapiatower.clinic/"",""evidence_type"":""公式HPリンク"",""evidence_url"":""https://sapiatower-clinic.jp/"",""name"":""Instagram公式運用"",""status"":""CONFIRMED""},{""evidence"":""https://lin.ee/aPxsxqs"",""evidence_type"":""公式HPリンク"",""evidence_url"":""https://sapiatower-clinic.jp/"",""name"":""LINE公式運用"",""status"":""CONFIRMED""}],""research_error"":"""",""research_status"":""SUCCESS"",""treatment_categories"":[""内視鏡"",""糖尿病"",""循環器内科""],""treatment_confidence"":{""内視鏡"":0.98,""循環器内科"":0.98,""糖尿病"":0.98},""treatment_evidence"":[{""category"":""循環器内科"",""confidence"":0.98,""hot"":false,""keyword"":""循環器内科"",""label"":""循環器内科・心臓血管外科"",""reason"":""HOMEの治療メニュー・タブ"",""source"":""HOME_MENU"",""url"":""https://sapiatower-clinic.jp/outpatient/cardiology/""},{""category"":""循環器内科"",""confidence"":0.98,""hot"":false,""keyword"":""不整脈"",""label"":""循環器科（不整脈・ペースメーカー外来）"",""reason"":""HOMEの治療メニュー・タブ"",""source"":""HOME_MENU"",""url"":""https://sapiatower-clinic.jp/outpatient/arrhythmia/""},{""category"":""糖尿病"",""confidence"":0.98,""hot"":false,""keyword"":""糖尿病"",""label"":""糖尿病代謝科"",""reason"":""HOMEの治療メニュー・タブ"",""source"":""HOME_MENU"",""url"":""https://sapiatower-clinic.jp/outpatient/diabetes/""},{""category"":""内視鏡"",""confidence"":0.98,""hot"":false,""keyword"":""胃カメラ"",""label"":""上部消化管内視鏡検査（胃カメラ）"",""reason"":""HOMEの治療メニュー・タブ"",""source"":""HOME_MENU"",""url"":""https://sapiatower-clinic.jp/dock/gastrocamera/""},{""category"":""内視鏡"",""confidence"":0.98,""hot"":false,""keyword"":""大腸内視鏡"",""label"":""大腸内視鏡検査"",""reason"":""HOMEの治療メニュー・タブ"",""source"":""HOME_MENU"",""url"":""https://sapiatower-clinic.jp/dock/coloncamera/""},{""category"":""内視鏡"",""confidence"":0.98,""hot"":false,""keyword"":""内視鏡"",""label"":""大腸3D-CT検査（バーチャル内視鏡検査）"",""reason"":""HOMEの治療メニュー・タブ"",""source"":""HOME_MENU"",""url"":""https://sapiatower-clinic.jp/dock/3d-ct/""},{""category"":""糖尿病"",""confidence"":0.98,""hot"":false,""keyword"":""糖尿病"",""label"":""糖尿病代謝内科"",""reason"":""HOMEの治療メニュー・タブ"",""source"":""HOME_MENU"",""url"":""https://sapiatower-clinic.jp/guide/#diabetes""},{""category"":""循環器内科"",""confidence"":0.98,""hot"":false,""keyword"":""循環器内科"",""label"":""循環器内科・心臓血管外科"",""reason"":""医院紹介・診療案内の治療メニュー・タブ"",""source"":""INTRO_MENU"",""url"":""https://sapiatower-clinic.jp/outpatient/cardiology/""},{""category"":""循環器内科"",""confidence"":0.98,""hot"":false,""keyword"":""不整脈"",""label"":""循環器科（不整脈・ペースメーカー外来）"",""reason"":""医院紹介・診療案内の治療メニュー・タブ"",""source"":""INTRO_MENU"",""url"":""https://sapiatower-clinic.jp/outpatient/arrhythmia/""},{""category"":""糖尿病"",""confidence"":0.98,""hot"":false,""keyword"":""糖尿病"",""label"":""糖尿病代謝科"",""reason"":""医院紹介・診療案内の治療メニュー・タブ"",""source"":""INTRO_MENU"",""url"":""https://sapiatower-clinic.jp/outpatient/diabetes/""},{""category"":""内視鏡"",""confidence"":0.98,""hot"":false,""keyword"":""胃カメラ"",""label"":""上部消化管内視鏡検査（胃カメラ）"",""reason"":""医院紹介・診療案内の治療メニュー・タブ"",""source"":""INTRO_MENU"",""url"":""https://sapiatower-clinic.jp/dock/gastrocamera/""},{""category"":""内視鏡"",""confidence"":0.98,""hot"":false,""keyword"":""大腸内視鏡"",""label"":""大腸内視鏡検査"",""reason"":""医院紹介・診療案内の治療メニュー・タブ"",""source"":""INTRO_MENU"",""url"":""https://sapiatower-clinic.jp/dock/coloncamera/""},{""category"":""内視鏡"",""confidence"":0.98,""hot"":false,""keyword"":""内視鏡"",""label"":""大腸3D-CT検査（バーチャル内視鏡検査）"",""reason"":""医院紹介・診療案内の治療メニュー・タブ"",""source"":""INTRO_MENU"",""url"":""https://sapiatower-clinic.jp/dock/3d-ct/""},{""category"":""糖尿病"",""confidence"":0.98,""hot"":false,""keyword"":""糖尿病"",""label"":""糖尿病代謝内科"",""reason"":""医院紹介・診療案内の治療メニュー・タブ"",""source"":""INTRO_MENU"",""url"":""https://sapiatower-clinic.jp/guide/#diabetes""},{""category"":""循環器内科"",""confidence"":0.96,""hot"":false,""keyword"":""循環器内科"",""label"":""循環器内科・心臓血管外科"",""reason"":""治療メニューから直接リンクされた独立ページの主見出し"",""source"":""DEDICATED_PAGE"",""url"":""https://sapiatower-clinic.jp/outpatient/cardiology/""},{""category"":""循環器内科"",""confidence"":0.96,""hot"":false,""keyword"":""不整脈"",""label"":""循環器科（不整脈・ペースメーカー外来）"",""reason"":""治療メニューから直接リンクされた独立ページの主見出し"",""source"":""DEDICATED_PAGE"",""url"":""https://sapiatower-clinic.jp/outpatient/arrhythmia/""},{""category"":""糖尿病"",""confidence"":0.96,""hot"":false,""keyword"":""糖尿病"",""label"":""糖尿病代謝科"",""reason"":""治療メニューから直接リンクされた独立ページの主見出し"",""source"":""DEDICATED_PAGE"",""url"":""https://sapiatower-clinic.jp/outpatient/diabetes/""}],""treatment_name_hot"":false,""treatment_name_hot_categories"":[]}"
110,医療法人社団　日比谷滝村クリニック,http://www.hibitaki.net/,SUCCESS,VERIFIED,C,4,,,,,0,,通常,,,,[],,,"{""age_estimation_confidence"":""REVIEW"",""age_estimation_reason"":""院長本人の卒業年/医籍年候補が複数または矛盾しています。指定年月日では年齢を確定できないため要確認。"",""age_estimation_source"":""UNKNOWN"",""age_estimation_year"":2026,""age_master_context"":{""designation_date"":""2007-09-01"",""owner_manager_equal"":true,""registration_reason"":""組織変更""},""age_probability_under_59"":null,""crawl_errors"":[],""doctor_name"":""滝村　浩"",""graduation_evidence"":[{""doctor_name"":""滝村　浩"",""evidence"":""昭和62年 信州大学医学部卒業"",""url"":""https://hibitaki.net/day_time.html"",""year"":1987},{""doctor_name"":""滝村　浩"",""evidence"":""大学医学部卒業、同年 東京大学医学部付属病院精神神経科勤務 ・平成3年"",""url"":""https://hibitaki.net/day_time.html"",""year"":1991}],""graduation_year"":null,""hot_status"":""通常"",""hp_candidates"":[],""hp_checked_at"":""2026-09-17T07:32:56.728469+00:00"",""hp_identity_pages"":[""https://hibitaki.net/""],""hp_match_reason"":[""電話番号一致"",""医院名がページ見出しに一致""],""hp_match_score"":90,""hp_rank"":""C"",""hp_rank_reasons"":[{""feature"":""HTTPS"",""points"":1},{""feature"":""院長プロフィール"",""points"":2},{""feature"":""写真"",""points"":1}],""hp_rank_version"":""hp-content-1"",""hp_score"":4,""hp_status"":""VERIFIED"",""hp_url"":""https://hibitaki.net/"",""hp_verified"":true,""license_evidence"":[],""license_registration_year"":null,""marketing_signal_count"":0,""marketing_signals"":[],""research_error"":"""",""research_status"":""SUCCESS"",""treatment_categories"":[],""treatment_confidence"":{},""treatment_evidence"":[],""treatment_name_hot"":false,""treatment_name_hot_categories"":[]}"
111,飯田橋皮膚科スキンクリニック,https://iskc.jp/,SUCCESS,VERIFIED,B,10,皮膚科,1992,,,2,Doctors File掲載 / オンライン診療,アツい,,,,[],,,"{""age_estimation_confidence"":""REVIEW"",""age_estimation_reason"":""院長本人の卒業年/医籍年候補が複数または矛盾しています。指定年月日では年齢を確定できないため要確認。"",""age_estimation_source"":""UNKNOWN"",""age_estimation_year"":2026,""age_master_context"":{""designation_date"":""2007-11-01"",""owner_manager_equal"":true,""registration_reason"":""新規""},""age_probability_under_59"":null,""crawl_errors"":[],""doctor_name"":""河野　志穂美"",""graduation_evidence"":[{""doctor_name"":""河野　志穂美"",""evidence"":""平成 4年 東京大学 医学部 卒業"",""url"":""https://iskc.jp/doctor/"",""year"":1992}],""graduation_year"":1992,""hot_status"":""アツい"",""hp_candidates"":[],""hp_checked_at"":""2026-09-17T07:33:14.911513+00:00"",""hp_identity_pages"":[""https://iskc.jp/""],""hp_match_reason"":[""電話番号一致"",""医院名がページ見出しに一致"",""院長名一致""],""hp_match_score"":110,""hp_rank"":""B"",""hp_rank_reasons"":[{""feature"":""HTTPS"",""points"":1},{""feature"":""スマホviewport"",""points"":1},{""feature"":""Web予約導線"",""points"":2},{""feature"":""治療専用ページ"",""points"":3},{""feature"":""写真"",""points"":1},{""feature"":""料金情報"",""points"":1},{""feature"":""問合せCTA"",""points"":1}],""hp_rank_version"":""hp-content-1"",""hp_score"":10,""hp_status"":""VERIFIED"",""hp_url"":""https://iskc.jp/"",""hp_verified"":true,""license_evidence"":[{""doctor_name"":""河野　志穂美"",""evidence"":""平成 4年 東京大学 医学部 卒業 平成 4年 医師免許取得"",""url"":""https://iskc.jp/doctor/"",""year"":1992},{""doctor_name"":""河野　志穂美"",""evidence"":""医師免許取得 平成10年"",""url"":""https://iskc.jp/doctor/"",""year"":1998}],""license_registration_year"":null,""marketing_signal_count"":2,""marketing_signals"":[{""evidence"":""ドクターズファイル → https://doctorsfile.jp/h/29782/df/1/"",""evidence_type"":""公式HP左右/固定バナー"",""evidence_url"":""https://iskc.jp/"",""name"":""Doctors File掲載"",""status"":""CONFIRMED""},{""evidence"":""保険医療機関における掲示 飯田橋皮膚科スキンクリニックからの お知らせ ■ 臨時 休診のお知らせ 院長不在のため、10/23（金）〜10/24（土）を臨時休診とさせていただきます。 ■ 当院におけるオンライン診療について 当院は、厚生労働省から出されている「情報通信機器を用いた診療」の施設基準を満たしており、それに基づ → https://iskc.jp/keiji"",""evidence_type"":""公式HP左右/固定バナー"",""evidence_url"":""https://iskc.jp/"",""name"":""オンライン診療"",""status"":""CONFIRMED""}],""research_error"":"""",""research_status"":""SUCCESS"",""treatment_categories"":[""皮膚科""],""treatment_confidence"":{""皮膚科"":1.0},""treatment_evidence"":[{""category"":""皮膚科"",""confidence"":1.0,""hot"":true,""keyword"":""皮膚科"",""label"":""飯田橋皮膚科スキンクリニック"",""reason"":""医院名に治療・診療名を含む（最優先）"",""source"":""CLINIC_NAME"",""url"":""https://iskc.jp/""},{""category"":""皮膚科"",""confidence"":0.98,""hot"":false,""keyword"":""皮膚科"",""label"":""飯田橋皮膚科スキンクリニック ロゴマーク"",""reason"":""HOMEの治療メニュー・タブ"",""source"":""HOME_MENU"",""url"":""https://iskc.jp""},{""category"":""皮膚科"",""confidence"":0.98,""hot"":false,""keyword"":""皮膚科"",""label"":""飯田橋皮膚科 スキンクリニック 飯田橋皮膚科スキンクリニック"",""reason"":""HOMEの治療メニュー・タブ"",""source"":""HOME_MENU"",""url"":""https://iskc.jp""},{""category"":""皮膚科"",""confidence"":0.98,""hot"":false,""keyword"":""皮膚科"",""label"":""飯田橋皮膚科スキンクリニック 飯田橋皮膚科スキンクリニック"",""reason"":""HOMEの治療メニュー・タブ"",""source"":""HOME_MENU"",""url"":""https://iskc.jp/""},{""category"":""皮膚科"",""confidence"":0.98,""hot"":false,""keyword"":""皮膚科"",""label"":""飯田橋皮膚科スキンクリニック ロゴマーク"",""reason"":""医院紹介・診療案内の治療メニュー・タブ"",""source"":""INTRO_MENU"",""url"":""https://iskc.jp""},{""category"":""皮膚科"",""confidence"":0.98,""hot"":false,""keyword"":""皮膚科"",""label"":""飯田橋皮膚科 スキンクリニック 飯田橋皮膚科スキンクリニック"",""reason"":""医院紹介・診療案内の治療メニュー・タブ"",""source"":""INTRO_MENU"",""url"":""https://iskc.jp""},{""category"":""皮膚科"",""confidence"":0.98,""hot"":false,""keyword"":""皮膚科"",""label"":""飯田橋皮膚科スキンクリニック 飯田橋皮膚科スキンクリニック"",""reason"":""医院紹介・診療案内の治療メニュー・タブ"",""source"":""INTRO_MENU"",""url"":""https://iskc.jp/""},{""category"":""皮膚科"",""confidence"":0.96,""hot"":false,""keyword"":""皮膚科"",""label"":""飯田橋皮膚科 スキンクリニック"",""reason"":""治療メニューから直接リンクされた独立ページの主見出し"",""source"":""DEDICATED_PAGE"",""url"":""https://iskc.jp/""}],""treatment_name_hot"":true,""treatment_name_hot_categories"":[""皮膚科""]}"
112,医療法人社団　友好会　秋葉原メディカルクリニック,https://www.medicalclinic.jp/akihabara/,ERROR,ERROR,UNKNOWN,0,,,,,0,,通常,,,,"[{""reason"": ""接続・SSL・タイムアウトのエラーです。"", ""url"": ""https://www.medicalclinic.jp/akihabara/""}, {""reason"": ""接続・SSL・タイムアウトのエラーです。"", ""url"": ""https://www.medicalclinic.jp/""}]",,,"{""crawl_errors"":[{""reason"":""接続・SSL・タイムアウトのエラーです。"",""url"":""https://www.medicalclinic.jp/akihabara/""},{""reason"":""接続・SSL・タイムアウトのエラーです。"",""url"":""https://www.medicalclinic.jp/""}],""hot_status"":""通常"",""hp_candidates"":[],""hp_checked_at"":""2026-09-17T07:33:15.673431+00:00"",""hp_identity_pages"":[],""hp_match_reason"":[""候補ページの本人確認・取得を完了できませんでした。""],""hp_match_score"":0,""hp_rank"":""UNKNOWN"",""hp_rank_reasons"":[],""hp_score"":0,""hp_status"":""ERROR"",""hp_url"":"""",""hp_verified"":false,""marketing_signal_count"":0,""marketing_signals"":[],""research_error"":"""",""research_status"":""ERROR"",""treatment_categories"":[],""treatment_confidence"":{},""treatment_evidence"":[]}"
113,水道橋耳鼻咽喉科まるやま医院,https://maruyama-clinic.or.jp/,SUCCESS,VERIFIED,C,7,,,,,1,オンライン診療,集客投資シグナルあり,,,,[],,,"{""age_estimation_confidence"":""UNKNOWN"",""age_estimation_reason"":""指定年月日は開業時期の根拠であり院長年齢ではないため、HPの院長経歴まで確認したが卒業年/医籍年を取得できませんでした。"",""age_estimation_source"":""厚生局指定年月日 2007-10-02 を確認（年齢は直接算出不可）"",""age_estimation_year"":2026,""age_master_context"":{""designation_date"":""2007-10-02"",""owner_manager_equal"":true,""registration_reason"":""移動""},""age_probability_under_59"":null,""crawl_errors"":[],""doctor_name"":""丸山　毅"",""graduation_evidence"":[],""graduation_year"":null,""hot_status"":""集客投資シグナルあり"",""hp_candidates"":[],""hp_checked_at"":""2026-09-17T07:33:34.068380+00:00"",""hp_identity_pages"":[""https://maruyama-clinic.or.jp/""],""hp_match_reason"":[""電話番号一致"",""医院名がページ見出しに一致"",""院長名一致""],""hp_match_score"":110,""hp_rank"":""C"",""hp_rank_reasons"":[{""feature"":""HTTPS"",""points"":1},{""feature"":""スマホviewport"",""points"":1},{""feature"":""Web予約導線"",""points"":2},{""feature"":""写真"",""points"":1},{""feature"":""料金情報"",""points"":1},{""feature"":""SNS導線"",""points"":1}],""hp_rank_version"":""hp-content-1"",""hp_score"":7,""hp_status"":""VERIFIED"",""hp_url"":""https://maruyama-clinic.or.jp/"",""hp_verified"":true,""license_evidence"":[],""license_registration_year"":null,""marketing_signal_count"":1,""marketing_signals"":[{""evidence"":""当院の診療 当院の診療 このような症状の ある方へ 新型コロナウイルス 感染後遺症の 相談と治療 オンライン診療 病診連携している 大学病院・基幹病院 患者さんへの ご案内 → https://maruyama-clinic.or.jp/%e5%bd%93%e9%99%a2%e3%81%ae%e8%a8%ba%e7%99%82"",""evidence_type"":""公式HPリンク"",""evidence_url"":""https://maruyama-clinic.or.jp/"",""name"":""オンライン診療"",""status"":""CONFIRMED""}],""research_error"":"""",""research_status"":""SUCCESS"",""treatment_categories"":[],""treatment_confidence"":{},""treatment_evidence"":[],""treatment_name_hot"":false,""treatment_name_hot_categories"":[]}"
114,神田駅西口メンタルクリニック,http://kandamental.com/,SUCCESS,VERIFIED,C,5,,1992,,0.657032032032032,1,HP制作会社の制作実績,集客投資シグナルあり,,,,[],,,"{""age_estimation_confidence"":""MODEL_ESTIMATE"",""age_estimation_reason"":""指定年月日を先に確認し、年齢を直接算出できないため院長本人の医籍年/大学卒業年から仮定分布で59歳以下確率を推定。"",""age_estimation_source"":""http://kandamental.com/guide.html"",""age_estimation_year"":2026,""age_master_context"":{""designation_date"":""2008-01-01"",""owner_manager_equal"":true,""registration_reason"":""新規""},""age_probability_under_59"":0.657032032032032,""crawl_errors"":[],""doctor_name"":""羽場　雅也"",""graduation_evidence"":[{""doctor_name"":""羽場　雅也"",""evidence"":""1992年長崎大学医学部卒業"",""url"":""http://kandamental.com/guide.html"",""year"":1992}],""graduation_year"":1992,""hot_status"":""集客投資シグナルあり"",""hp_candidates"":[],""hp_checked_at"":""2026-09-17T07:33:47.872810+00:00"",""hp_identity_pages"":[""http://kandamental.com/""],""hp_match_reason"":[""電話番号一致"",""医院名がページ見出しに一致"",""院長名一致""],""hp_match_score"":110,""hp_rank"":""C"",""hp_rank_reasons"":[{""feature"":""スマホviewport"",""points"":1},{""feature"":""LINE導線"",""points"":1},{""feature"":""写真"",""points"":1},{""feature"":""料金情報"",""points"":1},{""feature"":""問合せCTA"",""points"":1}],""hp_rank_version"":""hp-content-1"",""hp_score"":5,""hp_status"":""VERIFIED"",""hp_url"":""http://kandamental.com/"",""hp_verified"":true,""license_evidence"":[],""license_registration_year"":null,""marketing_signal_count"":1,""marketing_signals"":[{""evidence"":""WordPress.org Powered by WordPress, state-of-the-art semantic personal publishing platform. WordPress.org → https://ja.wordpress.org/"",""evidence_type"":""公式HP内リンク"",""evidence_url"":""http://kandamental.com/blog/"",""name"":""HP制作会社の制作実績"",""status"":""CONFIRMED""}],""research_error"":"""",""research_status"":""SUCCESS"",""treatment_categories"":[],""treatment_confidence"":{},""treatment_evidence"":[],""treatment_name_hot"":false,""treatment_name_hot_categories"":[]}"
115,医療法人社団　やよい会　秋葉原腎クリニック,http://yayoi-kai.jp/clinic/akiba/,SUCCESS,VERIFIED,C,6,,,,,0,,通常,,,,[],,,"{""age_estimation_confidence"":""UNKNOWN"",""age_estimation_reason"":""指定年月日は開業時期の根拠であり院長年齢ではないため、HPの院長経歴まで確認したが卒業年/医籍年を取得できませんでした。"",""age_estimation_source"":""厚生局指定年月日 2007-12-03 を確認（年齢は直接算出不可）"",""age_estimation_year"":2026,""age_master_context"":{""designation_date"":""2007-12-03"",""owner_manager_equal"":false,""registration_reason"":""移動""},""age_probability_under_59"":null,""crawl_errors"":[],""doctor_name"":""奥田　真澄"",""graduation_evidence"":[],""graduation_year"":null,""hot_status"":""通常"",""hp_candidates"":[],""hp_checked_at"":""2026-09-17T07:34:05.227943+00:00"",""hp_identity_pages"":[""https://yayoi-kai.jp/clinic/akiba/""],""hp_match_reason"":[""電話番号一致"",""医院名がページ見出しに一致"",""院長名一致""],""hp_match_score"":110,""hp_rank"":""C"",""hp_rank_reasons"":[{""feature"":""HTTPS"",""points"":1},{""feature"":""スマホviewport"",""points"":1},{""feature"":""院長プロフィール"",""points"":2},{""feature"":""写真"",""points"":1},{""feature"":""SNS導線"",""points"":1}],""hp_rank_version"":""hp-content-1"",""hp_score"":6,""hp_status"":""VERIFIED"",""hp_url"":""https://yayoi-kai.jp/clinic/akiba/"",""hp_verified"":true,""license_evidence"":[],""license_registration_year"":null,""marketing_signal_count"":0,""marketing_signals"":[],""research_error"":"""",""research_status"":""SUCCESS"",""treatment_categories"":[],""treatment_confidence"":{},""treatment_evidence"":[],""treatment_name_hot"":false,""treatment_name_hot_categories"":[]}"
116,二宮内科クリニック,http://www.ninomiya-cl.jp/sp/,SUCCESS,VERIFIED,A,12,糖尿病,,,,1,オンライン診療,集客投資シグナルあり,,,,[],,,"{""age_estimation_confidence"":""UNKNOWN"",""age_estimation_reason"":""指定年月日は開業時期の根拠であり院長年齢ではないため、HPの院長経歴まで確認したが卒業年/医籍年を取得できませんでした。"",""age_estimation_source"":""厚生局指定年月日 2007-11-25 を確認（年齢は直接算出不可）"",""age_estimation_year"":2026,""age_master_context"":{""designation_date"":""2007-11-25"",""owner_manager_equal"":true,""registration_reason"":""交代""},""age_probability_under_59"":null,""crawl_errors"":[],""doctor_name"":""髙崎　千穂"",""graduation_evidence"":[],""graduation_year"":null,""hot_status"":""集客投資シグナルあり"",""hp_candidates"":[],""hp_checked_at"":""2026-09-17T07:34:21.211256+00:00"",""hp_identity_pages"":[""https://www.ninomiya-cl.jp""],""hp_match_reason"":[""電話番号一致"",""医院名がページ見出しに一致"",""院長名一致""],""hp_match_score"":110,""hp_rank"":""A"",""hp_rank_reasons"":[{""feature"":""HTTPS"",""points"":1},{""feature"":""スマホviewport"",""points"":1},{""feature"":""Web予約導線"",""points"":2},{""feature"":""治療専用ページ"",""points"":3},{""feature"":""院長プロフィール"",""points"":2},{""feature"":""写真"",""points"":1},{""feature"":""料金情報"",""points"":1},{""feature"":""問合せCTA"",""points"":1}],""hp_rank_version"":""hp-content-1"",""hp_score"":12,""hp_status"":""VERIFIED"",""hp_url"":""https://www.ninomiya-cl.jp"",""hp_verified"":true,""license_evidence"":[],""license_registration_year"":null,""marketing_signal_count"":1,""marketing_signals"":[{""evidence"":""オンライン診療@@online care オンライン診療@@online care → https://www.ninomiya-cl.jp/online"",""evidence_type"":""公式HPリンク"",""evidence_url"":""https://www.ninomiya-cl.jp"",""name"":""オンライン診療"",""status"":""CONFIRMED""}],""research_error"":"""",""research_status"":""SUCCESS"",""treatment_categories"":[""糖尿病""],""treatment_confidence"":{""糖尿病"":0.98},""treatment_evidence"":[{""category"":""糖尿病"",""confidence"":0.98,""hot"":false,""keyword"":""糖尿病"",""label"":""糖尿病"",""reason"":""HOMEの治療メニュー・タブ"",""source"":""HOME_MENU"",""url"":""https://www.ninomiya-cl.jp/diagnosis#anc02""},{""category"":""糖尿病"",""confidence"":0.98,""hot"":false,""keyword"":""糖尿病内科"",""label"":""糖尿病内科 糖尿病内科"",""reason"":""HOMEの治療メニュー・タブ"",""source"":""HOME_MENU"",""url"":""https://www.ninomiya-cl.jp/diagnosis#anc02""},{""category"":""糖尿病"",""confidence"":0.98,""hot"":false,""keyword"":""糖尿病"",""label"":""糖尿病"",""reason"":""医院紹介・診療案内の治療メニュー・タブ"",""source"":""INTRO_MENU"",""url"":""https://www.ninomiya-cl.jp/diagnosis#anc02""},{""category"":""糖尿病"",""confidence"":0.98,""hot"":false,""keyword"":""糖尿病内科"",""label"":""糖尿病内科 糖尿病内科"",""reason"":""医院紹介・診療案内の治療メニュー・タブ"",""source"":""INTRO_MENU"",""url"":""https://www.ninomiya-cl.jp/diagnosis#anc02""}],""treatment_name_hot"":false,""treatment_name_hot_categories"":[]}"
118,半蔵門心療クリニック,https://www.hanzomon-m-clinic.com/,SUCCESS,VERIFIED,C,6,,,,,0,,通常,,,,[],,,"{""age_estimation_confidence"":""UNKNOWN"",""age_estimation_reason"":""指定年月日は開業時期の根拠であり院長年齢ではないため、HPの院長経歴まで確認したが卒業年/医籍年を取得できませんでした。"",""age_estimation_source"":""厚生局指定年月日 2008-04-01 を確認（年齢は直接算出不可）"",""age_estimation_year"":2026,""age_master_context"":{""designation_date"":""2008-04-01"",""owner_manager_equal"":true,""registration_reason"":""新規""},""age_probability_under_59"":null,""crawl_errors"":[],""doctor_name"":""平澤　伸一"",""graduation_evidence"":[],""graduation_year"":null,""hot_status"":""通常"",""hp_candidates"":[],""hp_checked_at"":""2026-09-17T07:34:36.481896+00:00"",""hp_identity_pages"":[""https://www.hanzomon-m-clinic.com/""],""hp_match_reason"":[""電話番号一致"",""医院名がページ見出しに一致"",""院長名一致""],""hp_match_score"":110,""hp_rank"":""C"",""hp_rank_reasons"":[{""feature"":""HTTPS"",""points"":1},{""feature"":""スマホviewport"",""points"":1},{""feature"":""Web予約導線"",""points"":2},{""feature"":""写真"",""points"":1},{""feature"":""料金情報"",""points"":1}],""hp_rank_version"":""hp-content-1"",""hp_score"":6,""hp_status"":""VERIFIED"",""hp_url"":""https://www.hanzomon-m-clinic.com/"",""hp_verified"":true,""license_evidence"":[],""license_registration_year"":null,""marketing_signal_count"":0,""marketing_signals"":[],""research_error"":"""",""research_status"":""SUCCESS"",""treatment_categories"":[],""treatment_confidence"":{},""treatment_evidence"":[],""treatment_name_hot"":false,""treatment_name_hot_categories"":[]}"
119,秋葉原メンタルクリニック,https://www.akihabara-mental-clinic2019.com/,SUCCESS,VERIFIED,C,7,,,,,2,YouTube公式運用 / Instagram公式運用,アツい,,,,[],,,"{""age_estimation_confidence"":""UNKNOWN"",""age_estimation_reason"":""指定年月日は開業時期の根拠であり院長年齢ではないため、HPの院長経歴まで確認したが卒業年/医籍年を取得できませんでした。"",""age_estimation_source"":""厚生局指定年月日 2008-05-01 を確認（年齢は直接算出不可）"",""age_estimation_year"":2026,""age_master_context"":{""designation_date"":""2008-05-01"",""owner_manager_equal"":true,""registration_reason"":""新規""},""age_probability_under_59"":null,""crawl_errors"":[],""doctor_name"":""安藤　智道"",""graduation_evidence"":[],""graduation_year"":null,""hot_status"":""アツい"",""hp_candidates"":[],""hp_checked_at"":""2026-09-17T07:34:51.970527+00:00"",""hp_identity_pages"":[""https://www.akihabara-mental-clinic2019.com/""],""hp_match_reason"":[""電話番号一致"",""医院名がページ見出しに一致"",""住所一致""],""hp_match_score"":120,""hp_rank"":""C"",""hp_rank_reasons"":[{""feature"":""HTTPS"",""points"":1},{""feature"":""スマホviewport"",""points"":1},{""feature"":""院長プロフィール"",""points"":2},{""feature"":""写真"",""points"":1},{""feature"":""問合せCTA"",""points"":1},{""feature"":""SNS導線"",""points"":1}],""hp_rank_version"":""hp-content-1"",""hp_score"":7,""hp_status"":""VERIFIED"",""hp_url"":""https://www.akihabara-mental-clinic2019.com/"",""hp_verified"":true,""license_evidence"":[],""license_registration_year"":null,""marketing_signal_count"":2,""marketing_signals"":[{""evidence"":""https://www.youtube.com/embed/We_T5SX2zJI?feature=oembed"",""evidence_type"":""医院紹介の動画埋込"",""evidence_url"":""https://www.akihabara-mental-clinic2019.com/category/movie"",""name"":""YouTube公式運用"",""status"":""CONFIRMED""},{""evidence"":""https://www.instagram.com/akihabara_mental_clinic/"",""evidence_type"":""公式HPリンク"",""evidence_url"":""https://www.akihabara-mental-clinic2019.com/"",""name"":""Instagram公式運用"",""status"":""CONFIRMED""}],""research_error"":"""",""research_status"":""SUCCESS"",""treatment_categories"":[],""treatment_confidence"":{},""treatment_evidence"":[],""treatment_name_hot"":false,""treatment_name_hot_categories"":[]}"
120,医療法人財団　日睡会　御茶ノ水呼吸ケアクリニック,https://www.sas-care.jp/,SUCCESS,VERIFIED,D,2,,,,,0,,通常,,,,[],,,"{""age_estimation_confidence"":""UNKNOWN"",""age_estimation_reason"":""指定年月日は開業時期の根拠であり院長年齢ではないため、HPの院長経歴まで確認したが卒業年/医籍年を取得できませんでした。"",""age_estimation_source"":""厚生局指定年月日 2008-04-01 を確認（年齢は直接算出不可）"",""age_estimation_year"":2026,""age_master_context"":{""designation_date"":""2008-04-01"",""owner_manager_equal"":true,""registration_reason"":""組織変更""},""age_probability_under_59"":null,""crawl_errors"":[],""doctor_name"":""村田　朗"",""graduation_evidence"":[],""graduation_year"":null,""hot_status"":""通常"",""hp_candidates"":[],""hp_checked_at"":""2026-09-17T07:35:08.893403+00:00"",""hp_identity_pages"":[""https://www.sas-care.jp/"",""https://www.sas-care.jp/contact.html"",""https://www.sas-care.jp/access.html""],""hp_match_reason"":[""電話番号一致"",""医院名がページ見出しに一致""],""hp_match_score"":90,""hp_rank"":""D"",""hp_rank_reasons"":[{""feature"":""HTTPS"",""points"":1},{""feature"":""写真"",""points"":1}],""hp_rank_version"":""hp-content-1"",""hp_score"":2,""hp_status"":""VERIFIED"",""hp_url"":""https://www.sas-care.jp/"",""hp_verified"":true,""license_evidence"":[],""license_registration_year"":null,""marketing_signal_count"":0,""marketing_signals"":[],""research_error"":"""",""research_status"":""SUCCESS"",""treatment_categories"":[],""treatment_confidence"":{},""treatment_evidence"":[],""treatment_name_hot"":false,""treatment_name_hot_categories"":[]}"
121,医療法人社団　プラタナス　女性のための統合ヘルスクリニックイーク丸の内,https://www.ihc.or.jp/facilities/marunouchi/access/,REVIEW,REVIEW,UNKNOWN,0,,,,,0,,通常,,,,[],,,"{""crawl_errors"":[],""hot_status"":""通常"",""hp_candidates"":[{""address_match"":false,""name_match"":false,""phone_match"":true,""reasons"":[""電話番号一致""],""score"":50,""url"":""https://www.ihc.or.jp/facilities/marunouchi/access/"",""verified"":false},{""address_match"":false,""name_match"":false,""phone_match"":true,""reasons"":[""電話番号一致""],""score"":50,""url"":""https://www.ihc.or.jp/"",""verified"":false}],""hp_checked_at"":""2026-09-17T07:35:13.116760+00:00"",""hp_identity_pages"":[],""hp_match_reason"":[""候補ページの本人確認・取得を完了できませんでした。""],""hp_match_score"":0,""hp_rank"":""UNKNOWN"",""hp_rank_reasons"":[],""hp_score"":0,""hp_status"":""REVIEW"",""hp_url"":"""",""hp_verified"":false,""marketing_signal_count"":0,""marketing_signals"":[],""research_error"":"""",""research_status"":""REVIEW"",""treatment_categories"":[],""treatment_confidence"":{},""treatment_evidence"":[]}"
122,医療法人社団　会　九段ごみぶちクリニック,http://gomibuchi-clinic.com/,SUCCESS,VERIFIED,C,7,,1976,,0.0,2,Doctors File掲載 / LINE公式運用,アツい,,,,[],,,"{""age_estimation_confidence"":""MODEL_ESTIMATE"",""age_estimation_reason"":""指定年月日を先に確認し、年齢を直接算出できないため院長本人の医籍年/大学卒業年から仮定分布で59歳以下確率を推定。"",""age_estimation_source"":""https://gomibuchi-clinic.com/guide.html"",""age_estimation_year"":2026,""age_master_context"":{""designation_date"":""2008-07-01"",""owner_manager_equal"":true,""registration_reason"":""組織変更""},""age_probability_under_59"":0.0,""crawl_errors"":[],""doctor_name"":""五味渕　隆志"",""graduation_evidence"":[{""doctor_name"":""五味渕　隆志"",""evidence"":""昭和51年 東京大学医学部医学科卒業"",""url"":""https://gomibuchi-clinic.com/guide.html"",""year"":1976}],""graduation_year"":1976,""hot_status"":""アツい"",""hp_candidates"":[],""hp_checked_at"":""2026-09-17T07:35:21.763176+00:00"",""hp_identity_pages"":[""https://gomibuchi-clinic.com/"",""https://gomibuchi-clinic.com/access.html""],""hp_match_reason"":[""電話番号一致"",""医院名がページ見出しに一致""],""hp_match_score"":90,""hp_rank"":""C"",""hp_rank_reasons"":[{""feature"":""HTTPS"",""points"":1},{""feature"":""スマホviewport"",""points"":1},{""feature"":""Web予約導線"",""points"":2},{""feature"":""LINE導線"",""points"":1},{""feature"":""写真"",""points"":1},{""feature"":""料金情報"",""points"":1}],""hp_rank_version"":""hp-content-1"",""hp_score"":7,""hp_status"":""VERIFIED"",""hp_url"":""https://gomibuchi-clinic.com/"",""hp_verified"":true,""license_evidence"":[],""license_registration_year"":null,""marketing_signal_count"":2,""marketing_signals"":[{""evidence"":"" → https://doctorsfile.jp/h/29402/dm/"",""evidence_type"":""公式HP左右/固定バナー"",""evidence_url"":""https://gomibuchi-clinic.com/"",""name"":""Doctors File掲載"",""status"":""CONFIRMED""},{""evidence"":""https://lin.ee/nYZjO7B"",""evidence_type"":""公式HP左右/固定バナー"",""evidence_url"":""https://gomibuchi-clinic.com/"",""name"":""LINE公式運用"",""status"":""CONFIRMED""}],""research_error"":"""",""research_status"":""SUCCESS"",""treatment_categories"":[],""treatment_confidence"":{},""treatment_evidence"":[],""treatment_name_hot"":false,""treatment_name_hot_categories"":[]}"
123,霞ヶ関土居美佐クリニック,https://www.doimisa-clinic.com/,REVIEW,REVIEW,UNKNOWN,0,,,,,0,,通常,,,,[],,,"{""crawl_errors"":[],""hot_status"":""通常"",""hp_candidates"":[{""address_match"":false,""name_match"":true,""phone_match"":false,""reasons"":[""医院名がページ見出しに一致"",""院長名一致""],""score"":60,""url"":""https://www.doimisa-clinic.com/"",""verified"":false}],""hp_checked_at"":""2026-09-17T07:35:23.031384+00:00"",""hp_identity_pages"":[],""hp_match_reason"":[""候補ページの本人確認・取得を完了できませんでした。""],""hp_match_score"":0,""hp_rank"":""UNKNOWN"",""hp_rank_reasons"":[],""hp_score"":0,""hp_status"":""REVIEW"",""hp_url"":"""",""hp_verified"":false,""marketing_signal_count"":0,""marketing_signals"":[],""research_error"":"""",""research_status"":""REVIEW"",""treatment_categories"":[],""treatment_confidence"":{},""treatment_evidence"":[]}"
124,ふたばクリニック,https://futabaclinic.wixsite.com/futabaclinic,SUCCESS,VERIFIED,C,6,,,,,0,,通常,,,,[],,,"{""age_estimation_confidence"":""UNKNOWN"",""age_estimation_reason"":""指定年月日は開業時期の根拠であり院長年齢ではないため、HPの院長経歴まで確認したが卒業年/医籍年を取得できませんでした。"",""age_estimation_source"":""厚生局指定年月日 2008-10-01 を確認（年齢は直接算出不可）"",""age_estimation_year"":2026,""age_master_context"":{""designation_date"":""2008-10-01"",""owner_manager_equal"":true,""registration_reason"":""新規""},""age_probability_under_59"":null,""crawl_errors"":[],""doctor_name"":""町井　理江子"",""graduation_evidence"":[],""graduation_year"":null,""hot_status"":""通常"",""hp_candidates"":[],""hp_checked_at"":""2026-09-17T07:36:04.512352+00:00"",""hp_identity_pages"":[""https://futabaclinic.wixsite.com/futabaclinic""],""hp_match_reason"":[""電話番号一致"",""医院名がページ見出しに一致"",""院長名一致""],""hp_match_score"":110,""hp_rank"":""C"",""hp_rank_reasons"":[{""feature"":""HTTPS"",""points"":1},{""feature"":""スマホviewport"",""points"":1},{""feature"":""Web予約導線"",""points"":2},{""feature"":""写真"",""points"":1},{""feature"":""問合せCTA"",""points"":1}],""hp_rank_version"":""hp-content-1"",""hp_score"":6,""hp_status"":""VERIFIED"",""hp_url"":""https://futabaclinic.wixsite.com/futabaclinic"",""hp_verified"":true,""license_evidence"":[],""license_registration_year"":null,""marketing_signal_count"":0,""marketing_signals"":[],""research_error"":"""",""research_status"":""SUCCESS"",""treatment_categories"":[],""treatment_confidence"":{},""treatment_evidence"":[],""treatment_name_hot"":false,""treatment_name_hot_categories"":[]}"
125,交通会館有楽町眼科,https://www.yurakucho-eye.com/,SUCCESS,VERIFIED,C,4,,2013,,1.0,0,,通常,,,,[],,,"{""age_estimation_confidence"":""MODEL_ESTIMATE"",""age_estimation_reason"":""指定年月日を先に確認し、年齢を直接算出できないため院長本人の医籍年/大学卒業年から仮定分布で59歳以下確率を推定。"",""age_estimation_source"":""https://www.yurakucho-eye.com/schedule/"",""age_estimation_year"":2026,""age_master_context"":{""designation_date"":""2008-10-01"",""owner_manager_equal"":false,""registration_reason"":""組織変更""},""age_probability_under_59"":1.0,""crawl_errors"":[],""doctor_name"":""石井　一葉"",""graduation_evidence"":[{""doctor_name"":""石井　一葉"",""evidence"":""2013年3月 東京大学医学部医学科 卒業"",""url"":""https://www.yurakucho-eye.com/schedule/"",""year"":2013},{""doctor_name"":""石井　一葉"",""evidence"":""2013年3月 東京大学医学部医学科 卒業"",""url"":""https://www.yurakucho-eye.com/overview/"",""year"":2013}],""graduation_year"":2013,""hot_status"":""通常"",""hp_candidates"":[],""hp_checked_at"":""2026-09-17T07:36:19.687003+00:00"",""hp_identity_pages"":[""https://www.yurakucho-eye.com/""],""hp_match_reason"":[""電話番号一致"",""医院名がページ見出しに一致""],""hp_match_score"":90,""hp_rank"":""C"",""hp_rank_reasons"":[{""feature"":""HTTPS"",""points"":1},{""feature"":""写真"",""points"":1},{""feature"":""料金情報"",""points"":1},{""feature"":""問合せCTA"",""points"":1}],""hp_rank_version"":""hp-content-1"",""hp_score"":4,""hp_status"":""VERIFIED"",""hp_url"":""https://www.yurakucho-eye.com/"",""hp_verified"":true,""license_evidence"":[],""license_registration_year"":null,""marketing_signal_count"":0,""marketing_signals"":[],""research_error"":"""",""research_status"":""SUCCESS"",""treatment_categories"":[],""treatment_confidence"":{},""treatment_evidence"":[],""treatment_name_hot"":false,""treatment_name_hot_categories"":[]}"
126,竹橋クリニック,https://takebashiclinic.jimdofree.com/,REVIEW,REVIEW,UNKNOWN,0,,,,,0,,通常,,,,[],,,"{""crawl_errors"":[],""hot_status"":""通常"",""hp_candidates"":[{""address_match"":false,""name_match"":false,""phone_match"":true,""reasons"":[""電話番号一致""],""score"":50,""url"":""https://takebashiclinic.jimdofree.com/"",""verified"":false}],""hp_checked_at"":""2026-09-17T07:36:30.535030+00:00"",""hp_identity_pages"":[],""hp_match_reason"":[""候補ページの本人確認・取得を完了できませんでした。""],""hp_match_score"":0,""hp_rank"":""UNKNOWN"",""hp_rank_reasons"":[],""hp_score"":0,""hp_status"":""REVIEW"",""hp_url"":"""",""hp_verified"":false,""marketing_signal_count"":0,""marketing_signals"":[],""research_error"":"""",""research_status"":""REVIEW"",""treatment_categories"":[],""treatment_confidence"":{},""treatment_evidence"":[]}"
127,医療法人社団　敬雅会　山根耳鼻咽喉科,http://yamanejibika.webmedipr.jp/,SUCCESS,VERIFIED,C,5,,,,,0,,通常,,,,[],,,"{""age_estimation_confidence"":""REVIEW"",""age_estimation_reason"":""院長本人の卒業年/医籍年候補が複数または矛盾しています。指定年月日では年齢を確定できないため要確認。"",""age_estimation_source"":""UNKNOWN"",""age_estimation_year"":2026,""age_master_context"":{""designation_date"":""2009-03-02"",""owner_manager_equal"":true,""registration_reason"":""組織変更""},""age_probability_under_59"":null,""crawl_errors"":[],""doctor_name"":""山根　雅昭"",""graduation_evidence"":[{""doctor_name"":""山根　雅昭"",""evidence"":""1975年 東京大学医学部医学科卒業"",""url"":""http://yamanejibika.webmedipr.jp/contents/about.html"",""year"":1975},{""doctor_name"":""山根　雅昭"",""evidence"":""大学医学部医学科卒業 東京大学医学部耳鼻咽喉科学教室入局 1983年"",""url"":""http://yamanejibika.webmedipr.jp/contents/about.html"",""year"":1983}],""graduation_year"":null,""hot_status"":""通常"",""hp_candidates"":[],""hp_checked_at"":""2026-09-17T07:36:59.079268+00:00"",""hp_identity_pages"":[""http://yamanejibika.webmedipr.jp/""],""hp_match_reason"":[""電話番号一致"",""医院名がページ見出しに一致""],""hp_match_score"":90,""hp_rank"":""C"",""hp_rank_reasons"":[{""feature"":""院長プロフィール"",""points"":2},{""feature"":""写真"",""points"":1},{""feature"":""料金情報"",""points"":1},{""feature"":""問合せCTA"",""points"":1}],""hp_rank_version"":""hp-content-1"",""hp_score"":5,""hp_status"":""VERIFIED"",""hp_url"":""http://yamanejibika.webmedipr.jp/"",""hp_verified"":true,""license_evidence"":[],""license_registration_year"":null,""marketing_signal_count"":0,""marketing_signals"":[],""research_error"":"""",""research_status"":""SUCCESS"",""treatment_categories"":[],""treatment_confidence"":{},""treatment_evidence"":[],""treatment_name_hot"":false,""treatment_name_hot_categories"":[]}"
128,飯田橋春口クリニック,https://h-vas.com/,REVIEW,REVIEW,UNKNOWN,0,,,,,0,,通常,,,,[],,,"{""crawl_errors"":[],""hot_status"":""通常"",""hp_candidates"":[{""address_match"":false,""name_match"":false,""phone_match"":true,""reasons"":[""電話番号一致"",""院長名一致""],""score"":70,""url"":""https://h-vas.com/"",""verified"":false}],""hp_checked_at"":""2026-09-17T07:37:05.151845+00:00"",""hp_identity_pages"":[],""hp_match_reason"":[""候補ページの本人確認・取得を完了できませんでした。""],""hp_match_score"":0,""hp_rank"":""UNKNOWN"",""hp_rank_reasons"":[],""hp_score"":0,""hp_status"":""REVIEW"",""hp_url"":"""",""hp_verified"":false,""marketing_signal_count"":0,""marketing_signals"":[],""research_error"":"""",""research_status"":""REVIEW"",""treatment_categories"":[],""treatment_confidence"":{},""treatment_evidence"":[]}"
130,医療法人社団　渡邊内科,https://www.drwatanabe.com/,SUCCESS,VERIFIED,A,12,糖尿病 / 循環器内科,,,,3,Instagram公式運用 / LINE公式運用 / オンライン診療,かなりアツい,,,,[],,,"{""age_estimation_confidence"":""UNKNOWN"",""age_estimation_reason"":""指定年月日は開業時期の根拠であり院長年齢ではないため、HPの院長経歴まで確認したが卒業年/医籍年を取得できませんでした。"",""age_estimation_source"":""厚生局指定年月日 2009-04-01 を確認（年齢は直接算出不可）"",""age_estimation_year"":2026,""age_master_context"":{""designation_date"":""2009-04-01"",""owner_manager_equal"":true,""registration_reason"":""組織変更""},""age_probability_under_59"":null,""crawl_errors"":[],""doctor_name"":""渡邊　龍彦"",""graduation_evidence"":[],""graduation_year"":null,""hot_status"":""かなりアツい"",""hp_candidates"":[],""hp_checked_at"":""2026-09-17T07:37:23.515747+00:00"",""hp_identity_pages"":[""https://www.drwatanabe.com/""],""hp_match_reason"":[""電話番号一致"",""医院名がページ見出しに一致""],""hp_match_score"":90,""hp_rank"":""A"",""hp_rank_reasons"":[{""feature"":""HTTPS"",""points"":1},{""feature"":""スマホviewport"",""points"":1},{""feature"":""Web予約導線"",""points"":2},{""feature"":""LINE導線"",""points"":1},{""feature"":""治療専用ページ"",""points"":3},{""feature"":""写真"",""points"":1},{""feature"":""料金情報"",""points"":1},{""feature"":""問合せCTA"",""points"":1},{""feature"":""SNS導線"",""points"":1}],""hp_rank_version"":""hp-content-1"",""hp_score"":12,""hp_status"":""VERIFIED"",""hp_url"":""https://www.drwatanabe.com/"",""hp_verified"":true,""license_evidence"":[],""license_registration_year"":null,""marketing_signal_count"":3,""marketing_signals"":[{""evidence"":""https://www.instagram.com/watanabenaika/"",""evidence_type"":""公式HP左右サイド"",""evidence_url"":""https://www.drwatanabe.com/"",""name"":""Instagram公式運用"",""status"":""CONFIRMED""},{""evidence"":""https://line.me/R/ti/p/@715iadpo"",""evidence_type"":""公式HP左右サイド"",""evidence_url"":""https://www.drwatanabe.com/"",""name"":""LINE公式運用"",""status"":""CONFIRMED""},{""evidence"":""オンライン診療 オンライン診療 → https://www.drwatanabe.com/online/"",""evidence_type"":""公式HPリンク"",""evidence_url"":""https://www.drwatanabe.com/"",""name"":""オンライン診療"",""status"":""CONFIRMED""}],""research_error"":"""",""research_status"":""SUCCESS"",""treatment_categories"":[""糖尿病"",""循環器内科""],""treatment_confidence"":{""循環器内科"":0.98,""糖尿病"":0.98},""treatment_evidence"":[{""category"":""糖尿病"",""confidence"":0.98,""hot"":false,""keyword"":""糖尿病"",""label"":""糖尿病外来"",""reason"":""HOMEの治療メニュー・タブ"",""source"":""HOME_MENU"",""url"":""https://www.drwatanabe.com/cat/tonyo/""},{""category"":""糖尿病"",""confidence"":0.98,""hot"":false,""keyword"":""糖尿病"",""label"":""高血圧・糖尿病・痛風・脂肪肝"",""reason"":""HOMEの治療メニュー・タブ"",""source"":""HOME_MENU"",""url"":""https://www.drwatanabe.com/case/study01/""},{""category"":""糖尿病"",""confidence"":0.98,""hot"":false,""keyword"":""糖尿病"",""label"":""高血圧・糖尿病・痛風・肝機能障害 高血圧・糖尿病・痛風・肝機能障害"",""reason"":""HOMEの治療メニュー・タブ"",""source"":""HOME_MENU"",""url"":""https://www.drwatanabe.com/""},{""category"":""糖尿病"",""confidence"":0.98,""hot"":false,""keyword"":""糖尿病"",""label"":""糖尿病"",""reason"":""HOMEの治療メニュー・タブ"",""source"":""HOME_MENU"",""url"":""https://www.drwatanabe.com/cat/tonyo/""},{""category"":""循環器内科"",""confidence"":0.98,""hot"":false,""keyword"":""不整脈"",""label"":""不整脈"",""reason"":""HOMEの治療メニュー・タブ"",""source"":""HOME_MENU"",""url"":""https://www.drwatanabe.com/cat/junkan/fusei/""},{""category"":""糖尿病"",""confidence"":0.98,""hot"":false,""keyword"":""糖尿病"",""label"":""糖尿病外来 糖尿病外来"",""reason"":""HOMEの治療メニュー・タブ"",""source"":""HOME_MENU"",""url"":""https://www.drwatanabe.com/cat/tonyo/""},{""category"":""糖尿病"",""confidence"":0.98,""hot"":false,""keyword"":""糖尿病"",""label"":""糖尿病検査・管理"",""reason"":""HOMEの治療メニュー・タブ"",""source"":""HOME_MENU"",""url"":""https://www.drwatanabe.com/cat/tonyo/""},{""category"":""糖尿病"",""confidence"":0.98,""hot"":false,""keyword"":""糖尿病"",""label"":""糖尿病外来"",""reason"":""医院紹介・診療案内の治療メニュー・タブ"",""source"":""INTRO_MENU"",""url"":""https://www.drwatanabe.com/cat/tonyo/""},{""category"":""循環器内科"",""confidence"":0.98,""hot"":false,""keyword"":""不整脈"",""label"":""不整脈"",""reason"":""医院紹介・診療案内の治療メニュー・タブ"",""source"":""INTRO_MENU"",""url"":""https://www.drwatanabe.com/cat/junkan/fusei/""},{""category"":""糖尿病"",""confidence"":0.98,""hot"":false,""keyword"":""糖尿病"",""label"":""糖尿病検査・管理"",""reason"":""医院紹介・診療案内の治療メニュー・タブ"",""source"":""INTRO_MENU"",""url"":""https://www.drwatanabe.com/cat/tonyo/""},{""category"":""循環器内科"",""confidence"":0.98,""hot"":false,""keyword"":""不整脈"",""label"":""胸痛・動悸・不整脈"",""reason"":""医院紹介・診療案内の治療メニュー・タブ"",""source"":""INTRO_MENU"",""url"":""https://www.drwatanabe.com/cat/other/""}],""treatment_name_hot"":false,""treatment_name_hot_categories"":[]}"
131,医療法人社団　三貴会　耳鼻いんこう科クリニカ神田,http://www.clinica-kanda.jp/,REVIEW,REVIEW,UNKNOWN,0,,,,,0,,通常,,,,[],,,"{""crawl_errors"":[],""hot_status"":""通常"",""hp_candidates"":[{""address_match"":false,""name_match"":false,""phone_match"":true,""reasons"":[""電話番号一致""],""score"":50,""url"":""https://www.clinica-kanda.jp/"",""verified"":false}],""hp_checked_at"":""2026-09-17T07:37:24.965732+00:00"",""hp_identity_pages"":[],""hp_match_reason"":[""候補ページの本人確認・取得を完了できませんでした。""],""hp_match_score"":0,""hp_rank"":""UNKNOWN"",""hp_rank_reasons"":[],""hp_score"":0,""hp_status"":""REVIEW"",""hp_url"":"""",""hp_verified"":false,""marketing_signal_count"":0,""marketing_signals"":[],""research_error"":"""",""research_status"":""REVIEW"",""treatment_categories"":[],""treatment_confidence"":{},""treatment_evidence"":[]}"
132,東京クリニック,http://www.tokyo-cl.com/,SUCCESS,VERIFIED,B,11,糖尿病 / 泌尿器科 / 循環器内科 / 皮膚科,,,,0,,通常,,,,[],,,"{""age_estimation_confidence"":""UNKNOWN"",""age_estimation_reason"":""指定年月日は開業時期の根拠であり院長年齢ではないため、HPの院長経歴まで確認したが卒業年/医籍年を取得できませんでした。"",""age_estimation_source"":""厚生局指定年月日 2009-10-01 を確認（年齢は直接算出不可）"",""age_estimation_year"":2026,""age_master_context"":{""designation_date"":""2009-10-01"",""owner_manager_equal"":false,""registration_reason"":""交代""},""age_probability_under_59"":null,""crawl_errors"":[],""doctor_name"":""金森　博"",""graduation_evidence"":[],""graduation_year"":null,""hot_status"":""通常"",""hp_candidates"":[],""hp_checked_at"":""2026-09-17T07:37:40.567378+00:00"",""hp_identity_pages"":[""https://www.tokyo-cl.com/""],""hp_match_reason"":[""電話番号一致"",""医院名がページ見出しに一致""],""hp_match_score"":90,""hp_rank"":""B"",""hp_rank_reasons"":[{""feature"":""HTTPS"",""points"":1},{""feature"":""スマホviewport"",""points"":1},{""feature"":""Web予約導線"",""points"":2},{""feature"":""治療専用ページ"",""points"":3},{""feature"":""写真"",""points"":1},{""feature"":""料金情報"",""points"":1},{""feature"":""問合せCTA"",""points"":1},{""feature"":""SNS導線"",""points"":1}],""hp_rank_version"":""hp-content-1"",""hp_score"":11,""hp_status"":""VERIFIED"",""hp_url"":""https://www.tokyo-cl.com/"",""hp_verified"":true,""license_evidence"":[],""license_registration_year"":null,""marketing_signal_count"":0,""marketing_signals"":[],""research_error"":"""",""research_status"":""SUCCESS"",""treatment_categories"":[""糖尿病"",""泌尿器科"",""循環器内科"",""皮膚科""],""treatment_confidence"":{""循環器内科"":0.98,""泌尿器科"":0.98,""皮膚科"":0.98,""糖尿病"":0.98},""treatment_evidence"":[{""category"":""糖尿病"",""confidence"":0.98,""hot"":false,""keyword"":""糖尿病内科"",""label"":""糖尿病内科"",""reason"":""医院紹介・診療案内の治療メニュー・タブ"",""source"":""INTRO_MENU"",""url"":""https://www.tokyo-cl.com/clinical_department/diabetesmellitus/subject.html""},{""category"":""循環器内科"",""confidence"":0.98,""hot"":false,""keyword"":""循環器内科"",""label"":""循環器内科"",""reason"":""医院紹介・診療案内の治療メニュー・タブ"",""source"":""INTRO_MENU"",""url"":""https://www.tokyo-cl.com/clinical_department/circulatoryorgan/subject.html""},{""category"":""泌尿器科"",""confidence"":0.98,""hot"":false,""keyword"":""泌尿器科"",""label"":""泌尿器科"",""reason"":""医院紹介・診療案内の治療メニュー・タブ"",""source"":""INTRO_MENU"",""url"":""https://www.tokyo-cl.com/clinical_department/urology/subject.html""},{""category"":""皮膚科"",""confidence"":0.98,""hot"":false,""keyword"":""皮膚科"",""label"":""皮膚科"",""reason"":""医院紹介・診療案内の治療メニュー・タブ"",""source"":""INTRO_MENU"",""url"":""https://www.tokyo-cl.com/clinical_department/dermatology/subject.html""},{""category"":""糖尿病"",""confidence"":0.98,""hot"":false,""keyword"":""糖尿病"",""label"":""糖尿病教室について"",""reason"":""医院紹介・診療案内の治療メニュー・タブ"",""source"":""INTRO_MENU"",""url"":""https://www.tokyo-cl.com/column/doctor_17.html""},{""category"":""糖尿病"",""confidence"":0.98,""hot"":false,""keyword"":""糖尿病専門医"",""label"":""「生活習慣病の処方について」 糖尿病専門医であり、処方はもちろんのこと、生活指導についても専門的な知識に基づいてきめ細かいアドバイスが可能です。 続きはこちら"",""reason"":""医院紹介・診療案内の治療メニュー・タブ"",""source"":""INTRO_MENU"",""url"":""https://www.tokyo-cl.com/column/doctor_24.html""}],""treatment_name_hot"":false,""treatment_name_hot_categories"":[]}"
